25832,3,nP3ctBs3510,2,lady gaga,3,venus,little,140,Just a __ inside,Feature_Has_Phonemes_Ah0_L_Spelled_Le,endings_le_el_al_il,word_endings,73530,75440,1910,1,
25833,3,nP3ctBs3510,2,lady gaga,3,venus,little,168,Just a __ inside,Feature_Has_Phonemes_Ah0_L_Spelled_Le,endings_le_el_al_il,word_endings,136960,138860,1900,1,
25834,3,nP3ctBs3510,2,lady gaga,3,venus,little,189,Just a __ inside,Feature_Has_Phonemes_Ah0_L_Spelled_Le,endings_le_el_al_il,word_endings,200420,202190,1770,1,
25835,5,bESGLojNYSo,2,lady gaga,5,poker face,little,288,A __ gambling is fun when you're with me (I love it),Feature_Has_Phonemes_Ah0_L_Spelled_Le,endings_le_el_al_il,word_endings,84360,88770,4410,0,
25836,14,pt8VYOfr8To,5,britney spears,14,work b**ch,treble,990,"I bring the __, don't mean to trouble ya'",Feature_Has_Phonemes_Ah0_L_Spelled_Le,endings_le_el_al_il,word_endings,153850,157770,3920,1,
25837,14,pt8VYOfr8To,5,britney spears,14,work b**ch,trouble,990,"I bring the treble, don't mean to __ ya'",Feature_Has_Phonemes_Ah0_L_Spelled_Le,endings_le_el_al_il,word_endings,153850,157770,3920,1,
25838,16,Py_-3di1yx0,6,Lana Del Rey,16,ride,trouble,1098,"Been tryin' hard not to get into __, but I",Feature_Has_Phonemes_Ah0_L_Spelled_Le,endings_le_el_al_il,word_endings,92320,97590,5270,1,
25839,16,Py_-3di1yx0,6,Lana Del Rey,16,ride,trouble,1115,"Been tryin' hard not to get in __, but I",Feature_Has_Phonemes_Ah0_L_Spelled_Le,endings_le_el_al_il,word_endings,189260,194120,4860,1,
25840,16,Py_-3di1yx0,6,Lana Del Rey,16,ride,trouble,1127,"Been tryin' hard not to get in __, but I",Feature_Has_Phonemes_Ah0_L_Spelled_Le,endings_le_el_al_il,word_endings,250550,255070,4520,1,
25841,21,5jlI4uzZGjU,8,pitbull,21,feel this moment,castle,1389,I'll be in my __ golden,Feature_Has_Phonemes_Ah0_L_Spelled_Le,endings_le_el_al_il,word_endings,17330,20550,3220,0,
25842,21,5jlI4uzZGjU,8,pitbull,21,feel this moment,castle,1416,I'll be in my __ golden,Feature_Has_Phonemes_Ah0_L_Spelled_Le,endings_le_el_al_il,word_endings,101590,105150,3560,0,
25843,21,5jlI4uzZGjU,8,pitbull,21,feel this moment,castle,1439,I'll be in my __ golden,Feature_Has_Phonemes_Ah0_L_Spelled_Le,endings_le_el_al_il,word_endings,172190,175750,3560,0,
25844,24,qrOeGCJdZe4,9,OneRepublic,25,all the right moves,possible,1695,"It can't be __ that rain can fall,",Feature_Has_Phonemes_Ah0_L_Spelled_Le,endings_le_el_al_il,word_endings,90630,94160,3530,0,
25845,25,nPvuNsRccVw,10,Bruno Mars,26,treasure,little,1739,I got to tell you a __ something about yourself,Feature_Has_Phonemes_Ah0_L_Spelled_Le,endings_le_el_al_il,word_endings,6520,10940,4420,0,
25846,26,AHDtXqjgEj4,10,Bruno Mars,27,gorilla,bottle,1776,Oh I got a __ full of liquor with a cocaine,Feature_Has_Phonemes_Ah0_L_Spelled_Le,endings_le_el_al_il,word_endings,1180,10090,8910,1,
25847,26,AHDtXqjgEj4,10,Bruno Mars,27,gorilla,jungle,1784,But in this __ you can't run,Feature_Has_Phonemes_Ah0_L_Spelled_Le,endings_le_el_al_il,word_endings,40690,46420,5730,1,
25848,26,AHDtXqjgEj4,10,Bruno Mars,27,gorilla,little,1795,Cause you know how I like it use a dirty __ lover,Feature_Has_Phonemes_Ah0_L_Spelled_Le,endings_le_el_al_il,word_endings,88050,94370,6320,1,
25849,26,AHDtXqjgEj4,10,Bruno Mars,27,gorilla,jungle,1803,But in this __ you can't run,Feature_Has_Phonemes_Ah0_L_Spelled_Le,endings_le_el_al_il,word_endings,115980,121180,5200,1,
25850,28,ekzHIouo8Q4,10,Bruno Mars,29,when i was your man,little,1871,Same bed but it feels just a __ bit bigger now,Feature_Has_Phonemes_Ah0_L_Spelled_Le,endings_le_el_al_il,word_endings,12990,19500,6510,0,
25851,28,ekzHIouo8Q4,10,Bruno Mars,29,when i was your man,little,1874,Cause my heart breaks a __ when I hear your name,Feature_Has_Phonemes_Ah0_L_Spelled_Le,endings_le_el_al_il,word_endings,32600,37000,4400,0,
25852,32,TH8m6J3gPH0,12,Robin Thicke,33,give it 2 u,little,2118,"I got this for ya, a __ Thicke for ya",Feature_Has_Phonemes_Ah0_L_Spelled_Le,endings_le_el_al_il,word_endings,26150,27970,1820,1,
25853,32,TH8m6J3gPH0,12,Robin Thicke,33,give it 2 u,needle,2166,"Uh, you're like a __ in a haystack",Feature_Has_Phonemes_Ah0_L_Spelled_Le,endings_le_el_al_il,word_endings,130320,131910,1590,1,
25854,32,TH8m6J3gPH0,12,Robin Thicke,33,give it 2 u,purple,2169,"Uh, __ kisses on my tie",Feature_Has_Phonemes_Ah0_L_Spelled_Le,endings_le_el_al_il,word_endings,135740,137620,1880,1,
25855,34,FyXtoTLLcDk,13,Justin Timberlake,35,tko,whistle,2226,Been swinging after the bell and after all of the __ blows,Feature_Has_Phonemes_Ah0_L_Spelled_Le,endings_le_el_al_il,word_endings,76510,84460,7950,1,
25856,34,FyXtoTLLcDk,13,Justin Timberlake,35,tko,whistle,2261,Been swinging after the bell and after all of the __ blows,Feature_Has_Phonemes_Ah0_L_Spelled_Le,endings_le_el_al_il,word_endings,173700,181170,7470,1,
25857,34,FyXtoTLLcDk,13,Justin Timberlake,35,tko,whistle,2307,You've been swinging after the bell and after all of the __ blows,Feature_Has_Phonemes_Ah0_L_Spelled_Le,endings_le_el_al_il,word_endings,271620,278610,6990,1,
25858,34,FyXtoTLLcDk,13,Justin Timberlake,35,tko,whistle,2316,You've been swinging after the bell and after all of the __ blows,Feature_Has_Phonemes_Ah0_L_Spelled_Le,endings_le_el_al_il,word_endings,318690,324750,6060,1,
25859,36,Ys7-6_t7OEQ,14,Justin Bieber,37,beauty and a beat,little,2443,"World tour, it's mine, ten __ letters, in a big sign",Feature_Has_Phonemes_Ah0_L_Spelled_Le,endings_le_el_al_il,word_endings,275030,279030,4000,1,
25860,43,sXd2WxoOP5g,17,Avril Lavigne,44,here's to never growing up,bottle,2681,"Got a __ of whatever, but it's getting us drunk",Feature_Has_Phonemes_Ah0_L_Spelled_Le,endings_le_el_al_il,word_endings,5730,8610,2880,1,
25861,43,sXd2WxoOP5g,17,Avril Lavigne,44,here's to never growing up,bottle,2695,"Got a __ of whatever, but it's getting us drunk",Feature_Has_Phonemes_Ah0_L_Spelled_Le,endings_le_el_al_il,word_endings,52380,55200,2820,1,
25862,43,sXd2WxoOP5g,17,Avril Lavigne,44,here's to never growing up,bottle,2717,"Got a __ of whatever, but it's getting us drunk",Feature_Has_Phonemes_Ah0_L_Spelled_Le,endings_le_el_al_il,word_endings,122100,124900,2800,1,
25863,43,sXd2WxoOP5g,17,Avril Lavigne,44,here's to never growing up,bottle,2734,"I got a __ of whatever, but it's getting us drunk",Feature_Has_Phonemes_Ah0_L_Spelled_Le,endings_le_el_al_il,word_endings,168670,171580,2910,1,
25864,44,uuNTO31FlY8,17,Avril Lavigne,45,rock n roll,little,2759,It's a __ different when,Feature_Has_Phonemes_Ah0_L_Spelled_Le,endings_le_el_al_il,word_endings,26120,27650,1530,1,
25865,44,uuNTO31FlY8,17,Avril Lavigne,45,rock n roll,middle,2777,Just put up a __ finger to the sky,Feature_Has_Phonemes_Ah0_L_Spelled_Le,endings_le_el_al_il,word_endings,58020,61830,3810,1,
25866,44,uuNTO31FlY8,17,Avril Lavigne,45,rock n roll,couple,2787,I might have a __ issues,Feature_Has_Phonemes_Ah0_L_Spelled_Le,endings_le_el_al_il,word_endings,82620,84840,2220,1,
25867,44,uuNTO31FlY8,17,Avril Lavigne,45,rock n roll,little,2795,It's a __ different when,Feature_Has_Phonemes_Ah0_L_Spelled_Le,endings_le_el_al_il,word_endings,99580,100780,1200,1,
25868,44,uuNTO31FlY8,17,Avril Lavigne,45,rock n roll,middle,2806,Just put up a __ finger to the sky,Feature_Has_Phonemes_Ah0_L_Spelled_Le,endings_le_el_al_il,word_endings,120590,124640,4050,1,
25869,44,uuNTO31FlY8,17,Avril Lavigne,45,rock n roll,middle,2822,Just put up a __ finger to the sky,Feature_Has_Phonemes_Ah0_L_Spelled_Le,endings_le_el_al_il,word_endings,163790,167300,3510,1,
25870,44,uuNTO31FlY8,17,Avril Lavigne,45,rock n roll,middle,2830,Just put up a __ finger to the sky,Feature_Has_Phonemes_Ah0_L_Spelled_Le,endings_le_el_al_il,word_endings,184550,188270,3720,1,
25871,45,OpQFFLBMEPI,18,P!nk,46,just give me a reason,little,2847,"Just give me a reason, just a __ bit's enough",Feature_Has_Phonemes_Ah0_L_Spelled_Le,endings_le_el_al_il,word_endings,50210,54640,4430,0,
25872,45,OpQFFLBMEPI,18,P!nk,46,just give me a reason,little,2863,"Just give me a reason, just a __ bit's enough",Feature_Has_Phonemes_Ah0_L_Spelled_Le,endings_le_el_al_il,word_endings,118670,122620,3950,0,
25873,45,OpQFFLBMEPI,18,P!nk,46,just give me a reason,little,2876,Just give me a reason just a __ bit's enough,Feature_Has_Phonemes_Ah0_L_Spelled_Le,endings_le_el_al_il,word_endings,164200,168320,4120,0,
25874,45,OpQFFLBMEPI,18,P!nk,46,just give me a reason,little,2881,"Just give me a reason, just a __ bit's enough",Feature_Has_Phonemes_Ah0_L_Spelled_Le,endings_le_el_al_il,word_endings,184140,188540,4400,0,
25875,46,zsmUOdmm02A,18,P!nk,47,true love,single,2889,Sometimes I hate every __ stupid word you say,Feature_Has_Phonemes_Ah0_L_Spelled_Le,endings_le_el_al_il,word_endings,10030,15320,5290,1,
25876,46,zsmUOdmm02A,18,P!nk,47,true love,little,2910,Just once tried to wrap your __ brain around my feelings,Feature_Has_Phonemes_Ah0_L_Spelled_Le,endings_le_el_al_il,word_endings,80050,85560,5510,1,
25877,47,yTCDVfMz15M,18,P!nk,48,try,couple,2965,More than just a __ times,Feature_Has_Phonemes_Ah0_L_Spelled_Le,endings_le_el_al_il,word_endings,90000,95050,5050,0,
25878,48,g1j1qwQQ8-Q,19,James Blunt,49,bonfire heart,People,3007,__ like us we don't,Feature_Has_Phonemes_Ah0_L_Spelled_Le,endings_le_el_al_il,word_endings,52780,56750,3970,0,
25879,48,g1j1qwQQ8-Q,19,James Blunt,49,bonfire heart,People,3022,__ like us we don't,Feature_Has_Phonemes_Ah0_L_Spelled_Le,endings_le_el_al_il,word_endings,117920,122170,4250,0,
25880,48,g1j1qwQQ8-Q,19,James Blunt,49,bonfire heart,People,3030,"__ like us, we don't",Feature_Has_Phonemes_Ah0_L_Spelled_Le,endings_le_el_al_il,word_endings,152460,156590,4130,0,
25881,48,g1j1qwQQ8-Q,19,James Blunt,49,bonfire heart,People,3038,__ like us we don't,Feature_Has_Phonemes_Ah0_L_Spelled_Le,endings_le_el_al_il,word_endings,184930,188780,3850,0,
25882,48,g1j1qwQQ8-Q,19,James Blunt,49,bonfire heart,People,3043,__ like us we don't,Feature_Has_Phonemes_Ah0_L_Spelled_Le,endings_le_el_al_il,word_endings,201990,205490,3500,0,
25883,60,gtOV7bp-gys,25,Robbie Williams,61,candy,little,3636,Either a __ too high or a little too low,Feature_Has_Phonemes_Ah0_L_Spelled_Le,endings_le_el_al_il,word_endings,42440,44660,2220,1,
25884,60,gtOV7bp-gys,25,Robbie Williams,61,candy,little,3636,Either a little too high or a __ too low,Feature_Has_Phonemes_Ah0_L_Spelled_Le,endings_le_el_al_il,word_endings,42440,44660,2220,1,
25885,60,gtOV7bp-gys,25,Robbie Williams,61,candy,little,3640,Either a __ too loud or a little too close,Feature_Has_Phonemes_Ah0_L_Spelled_Le,endings_le_el_al_il,word_endings,50800,52940,2140,1,
25886,60,gtOV7bp-gys,25,Robbie Williams,61,candy,little,3640,Either a little too loud or a __ too close,Feature_Has_Phonemes_Ah0_L_Spelled_Le,endings_le_el_al_il,word_endings,50800,52940,2140,1,
25887,60,gtOV7bp-gys,25,Robbie Williams,61,candy,little,3662,Either a __ too high or a little too low,Feature_Has_Phonemes_Ah0_L_Spelled_Le,endings_le_el_al_il,word_endings,100370,102480,2110,1,
25888,60,gtOV7bp-gys,25,Robbie Williams,61,candy,little,3662,Either a little too high or a __ too low,Feature_Has_Phonemes_Ah0_L_Spelled_Le,endings_le_el_al_il,word_endings,100370,102480,2110,1,
25889,60,gtOV7bp-gys,25,Robbie Williams,61,candy,little,3666,Either a __ too loud or a little too close,Feature_Has_Phonemes_Ah0_L_Spelled_Le,endings_le_el_al_il,word_endings,108600,110760,2160,1,
25890,60,gtOV7bp-gys,25,Robbie Williams,61,candy,little,3666,Either a little too loud or a __ too close,Feature_Has_Phonemes_Ah0_L_Spelled_Le,endings_le_el_al_il,word_endings,108600,110760,2160,1,
25891,60,gtOV7bp-gys,25,Robbie Williams,61,candy,little,3687,Either a __ too high or a little too low,Feature_Has_Phonemes_Ah0_L_Spelled_Le,endings_le_el_al_il,word_endings,158280,160470,2190,1,
25892,60,gtOV7bp-gys,25,Robbie Williams,61,candy,little,3687,Either a little too high or a __ too low,Feature_Has_Phonemes_Ah0_L_Spelled_Le,endings_le_el_al_il,word_endings,158280,160470,2190,1,
25893,60,gtOV7bp-gys,25,Robbie Williams,61,candy,little,3691,Either a __ too loud or a little too close,Feature_Has_Phonemes_Ah0_L_Spelled_Le,endings_le_el_al_il,word_endings,166370,168680,2310,1,
25894,60,gtOV7bp-gys,25,Robbie Williams,61,candy,little,3691,Either a little too loud or a __ too close,Feature_Has_Phonemes_Ah0_L_Spelled_Le,endings_le_el_al_il,word_endings,166370,168680,2310,1,
25895,60,gtOV7bp-gys,25,Robbie Williams,61,candy,little,3696,Either a __ too high or a little too low,Feature_Has_Phonemes_Ah0_L_Spelled_Le,endings_le_el_al_il,word_endings,174980,176870,1890,1,
25896,60,gtOV7bp-gys,25,Robbie Williams,61,candy,little,3696,Either a little too high or a __ too low,Feature_Has_Phonemes_Ah0_L_Spelled_Le,endings_le_el_al_il,word_endings,174980,176870,1890,1,
25897,60,gtOV7bp-gys,25,Robbie Williams,61,candy,little,3700,Either a __ too loud or a little too close,Feature_Has_Phonemes_Ah0_L_Spelled_Le,endings_le_el_al_il,word_endings,183200,185250,2050,1,
25898,60,gtOV7bp-gys,25,Robbie Williams,61,candy,little,3700,Either a little too loud or a __ too close,Feature_Has_Phonemes_Ah0_L_Spelled_Le,endings_le_el_al_il,word_endings,183200,185250,2050,1,
25899,61,sC2nElyx7Ds,26,demi lovato,62,heart attack,trouble,4247,Never had __ getting what I want,Feature_Has_Phonemes_Ah0_L_Spelled_Le,endings_le_el_al_il,word_endings,16590,19570,2980,0,
25900,61,sC2nElyx7Ds,26,demi lovato,62,heart attack,trouble,4269,Pain's more __ than love is worth,Feature_Has_Phonemes_Ah0_L_Spelled_Le,endings_le_el_al_il,word_endings,88610,91240,2630,0,
25901,63,koJlIGDImiU,26,demi lovato,64,hero,tremble,3772,Would you __ if I touched your lips?,Feature_Has_Phonemes_Ah0_L_Spelled_Le,endings_le_el_al_il,word_endings,37780,42930,5150,0,
25902,64,3OnnDqH6Wj8,27,Flo Rida,65,good feeling,needle,3811,Mama knew I was a __ in a hay stack,Feature_Has_Phonemes_Ah0_L_Spelled_Le,endings_le_el_al_il,word_endings,61760,63750,1990,0,
25903,64,3OnnDqH6Wj8,27,Flo Rida,65,good feeling,jungle,3831,You looking at the king of the __ now,Feature_Has_Phonemes_Ah0_L_Spelled_Le,endings_le_el_al_il,word_endings,119660,121680,2020,0,
25904,66,MU8B4XDI3Uw,28,Maroon 5,67,love somebody,single,3873,I think about you every __ day,Feature_Has_Phonemes_Ah0_L_Spelled_Le,endings_le_el_al_il,word_endings,60170,64090,3920,0,
25905,66,MU8B4XDI3Uw,28,Maroon 5,67,love somebody,single,3887,I think about you every __ day,Feature_Has_Phonemes_Ah0_L_Spelled_Le,endings_le_el_al_il,word_endings,124200,128110,3910,0,
25906,66,MU8B4XDI3Uw,28,Maroon 5,67,love somebody,little,3894,"I don't know where to start, I'm just a __ lost",Feature_Has_Phonemes_Ah0_L_Spelled_Le,endings_le_el_al_il,word_endings,151600,155630,4030,0,
25907,66,MU8B4XDI3Uw,28,Maroon 5,67,love somebody,single,3904,I think about you every __ day,Feature_Has_Phonemes_Ah0_L_Spelled_Le,endings_le_el_al_il,word_endings,192110,196090,3980,0,
25908,68,nIjVuRTm-dc,28,Maroon 5,69,she will be loved,trouble,3962,Had some __ with herself,Feature_Has_Phonemes_Ah0_L_Spelled_Le,endings_le_el_al_il,word_endings,14000,17980,3980,0,
25909,73,z3zdIHDTbg0,30,Demi Lovato,74,made in the usa,little,4194,"Just a __ West Coast, and a bit of sunshine",Feature_Has_Phonemes_Ah0_L_Spelled_Le,endings_le_el_al_il,word_endings,22210,24810,2600,0,
25910,73,z3zdIHDTbg0,30,Demi Lovato,74,made in the usa,people,4201,"No matter what the __ say,",Feature_Has_Phonemes_Ah0_L_Spelled_Le,endings_le_el_al_il,word_endings,45010,48410,3400,0,
25911,73,z3zdIHDTbg0,30,Demi Lovato,74,made in the usa,people,4222,"No matter what the __ say,",Feature_Has_Phonemes_Ah0_L_Spelled_Le,endings_le_el_al_il,word_endings,111320,114090,2770,0,
25912,73,z3zdIHDTbg0,30,Demi Lovato,74,made in the usa,people,4233,"No matter what the __ say,",Feature_Has_Phonemes_Ah0_L_Spelled_Le,endings_le_el_al_il,word_endings,160630,163390,2760,0,
25913,77,W3vijeR0ZRs,31,Olly Murs,78,hand on heart,cycle,4392,"And so the __ goes,",Feature_Has_Phonemes_Ah0_L_Spelled_Le,endings_le_el_al_il,word_endings,35570,37940,2370,1,
25914,77,W3vijeR0ZRs,31,Olly Murs,78,hand on heart,little,4410,Inside our __ shell.,Feature_Has_Phonemes_Ah0_L_Spelled_Le,endings_le_el_al_il,word_endings,83940,86210,2270,1,
25915,78,Tff2oE31Mlw,32,Chris Brown,79,love more,simple,4471,"Baby this should be __, it's all in me mental",Feature_Has_Phonemes_Ah0_L_Spelled_Le,endings_le_el_al_il,word_endings,77060,81910,4850,1,
25916,80,2ggzxInyzVE,33,The Wanted,81,glad you came,little,4577,"Can you spend a __ time,",Feature_Has_Phonemes_Ah0_L_Spelled_Le,endings_le_el_al_il,word_endings,55070,56940,1870,0,
25917,80,2ggzxInyzVE,33,The Wanted,81,glad you came,little,4599,"Can you spend a __ time,",Feature_Has_Phonemes_Ah0_L_Spelled_Le,endings_le_el_al_il,word_endings,115650,117620,1970,0,
25918,474,Ve9cBwI-pAg,36,Lily Allen,83,somewhere only we know,simple,10449,"Oh, __ thing, where have you gone?",Feature_Has_Phonemes_Ah0_L_Spelled_Le,endings_le_el_al_il,word_endings,44820,50410,5590,0,
25919,474,Ve9cBwI-pAg,36,Lily Allen,83,somewhere only we know,simple,10459,"Oh, __ thing, where have you gone?",Feature_Has_Phonemes_Ah0_L_Spelled_Le,endings_le_el_al_il,word_endings,89410,94980,5570,0,
25920,474,Ve9cBwI-pAg,36,Lily Allen,83,somewhere only we know,simple,10470,"Oh, __ thing, where have you gone?",Feature_Has_Phonemes_Ah0_L_Spelled_Le,endings_le_el_al_il,word_endings,144950,150730,5780,0,
25921,83,fUYaosyR4bE,36,Lily Allen,84,not fair,middle,4721,In the __ of the bed,Feature_Has_Phonemes_Ah0_L_Spelled_Le,endings_le_el_al_il,word_endings,75210,77090,1880,0,
25922,84,sOnqjkJTMaA,37,Michael Jackson,85,thriller,cuddle,4826,Now is the time for you and I to __ close,Feature_Has_Phonemes_Ah0_L_Spelled_Le,endings_le_el_al_il,word_endings,201090,205390,4300,1,
25923,85,DGIgXP9SvB8,38,will.i.am,86,#thatpower,little,4881,"I stay on that hustle, I flex that __ muscle",Feature_Has_Phonemes_Ah0_L_Spelled_Le,endings_le_el_al_il,word_endings,89580,92960,3380,1,
25924,85,DGIgXP9SvB8,38,will.i.am,86,#thatpower,muscle,4881,"I stay on that hustle, I flex that little __",Feature_Has_Phonemes_Ah0_L_Spelled_Le,endings_le_el_al_il,word_endings,89580,92960,3380,1,
25925,85,DGIgXP9SvB8,38,will.i.am,86,#thatpower,bubble,4882,Hate to bust your __,Feature_Has_Phonemes_Ah0_L_Spelled_Le,endings_le_el_al_il,word_endings,92960,94890,1930,1,
25926,92,rywUS-ohqeE,45,Alicia Keys,93,no one,People,5379,__ keep talking they can say what they like,Feature_Has_Phonemes_Ah0_L_Spelled_Le,endings_le_el_al_il,word_endings,43230,48440,5210,0,
25927,92,rywUS-ohqeE,45,Alicia Keys,93,no one,People,5397,__ keep talking they can say what they like,Feature_Has_Phonemes_Ah0_L_Spelled_Le,endings_le_el_al_il,word_endings,117650,122820,5170,0,
25928,92,rywUS-ohqeE,45,Alicia Keys,93,no one,people,5406,I know some __ search the world,Feature_Has_Phonemes_Ah0_L_Spelled_Le,endings_le_el_al_il,word_endings,160980,164970,3990,0,
25929,92,rywUS-ohqeE,45,Alicia Keys,93,no one,people,5408,I know __ will try try to divide something so real,Feature_Has_Phonemes_Ah0_L_Spelled_Le,endings_le_el_al_il,word_endings,170220,177720,7500,0,
25930,104,t4H_Zoh7G5A,55,Jennifer Lopez,105,on the floor,people,5888,Of party __,Feature_Has_Phonemes_Ah0_L_Spelled_Le,endings_le_el_al_il,word_endings,14720,16210,1490,1,
25931,104,t4H_Zoh7G5A,55,Jennifer Lopez,105,on the floor,people,5892,"Let me introduce you to my party __ in the club, huh",Feature_Has_Phonemes_Ah0_L_Spelled_Le,endings_le_el_al_il,word_endings,20240,26660,6420,1,
25932,104,t4H_Zoh7G5A,55,Jennifer Lopez,105,on the floor,little,5924,Grab somebody drink a __ more,Feature_Has_Phonemes_Ah0_L_Spelled_Le,endings_le_el_al_il,word_endings,91440,95040,3600,1,
25933,104,t4H_Zoh7G5A,55,Jennifer Lopez,105,on the floor,little,5950,Grab somebody drink a __ more,Feature_Has_Phonemes_Ah0_L_Spelled_Le,endings_le_el_al_il,word_endings,161560,165750,4190,1,
25934,107,KUmZp8pR1uc,57,Amy Winehouse,108,rehab,bottle,6100,So I always keep a __ near,Feature_Has_Phonemes_Ah0_L_Spelled_Le,endings_le_el_al_il,word_endings,112990,121520,8530,0,
25935,115,0Gl2QnHNpkA,67,Backstreet Boys,116,as long as you love me,People,6443,__ say I'm crazy and that I am blind,Feature_Has_Phonemes_Ah0_L_Spelled_Le,endings_le_el_al_il,word_endings,28500,33860,5360,0,
25936,115,0Gl2QnHNpkA,67,Backstreet Boys,116,as long as you love me,little,6459,Every __ thing that you have said and done,Feature_Has_Phonemes_Ah0_L_Spelled_Le,endings_le_el_al_il,word_endings,79090,83100,4010,0,
25937,117,NOubzHCUt48,69,Ke$ha,119,die young,trouble,6687,Looking for some __ tonight (yeah),Feature_Has_Phonemes_Ah0_L_Spelled_Le,endings_le_el_al_il,word_endings,66620,70480,3860,0,
25938,117,NOubzHCUt48,69,Ke$ha,119,die young,trouble,6709,Looking for some __ tonight (yeah),Feature_Has_Phonemes_Ah0_L_Spelled_Le,endings_le_el_al_il,word_endings,142090,145740,3650,0,
25939,118,B9rSBcoX9ak,70,Ciara,120,body party,little,6735,I'm doing this __ dance for you,Feature_Has_Phonemes_Ah0_L_Spelled_Le,endings_le_el_al_il,word_endings,71360,74840,3480,0,
25940,118,B9rSBcoX9ak,70,Ciara,120,body party,little,6755,I'm doing this __ dance for you,Feature_Has_Phonemes_Ah0_L_Spelled_Le,endings_le_el_al_il,word_endings,157180,160690,3510,0,
25941,120,8WEtxJ4-sh4,72,TLC,122,waterfalls,trouble,6843,Cause he can't seem to keep his self out of __,Feature_Has_Phonemes_Ah0_L_Spelled_Le,endings_le_el_al_il,word_endings,59430,64580,5150,0,
25942,120,8WEtxJ4-sh4,72,TLC,122,waterfalls,Little,6852,__ precious has a natural obsession,Feature_Has_Phonemes_Ah0_L_Spelled_Le,endings_le_el_al_il,word_endings,100500,104810,4310,0,
25943,120,8WEtxJ4-sh4,72,TLC,122,waterfalls,handle,6854,She gives him loving that his body can't __,Feature_Has_Phonemes_Ah0_L_Spelled_Le,endings_le_el_al_il,word_endings,110480,116000,5520,0,
25944,475,_5Thn61Cczg,72,TLC,123,no scrubs,insatiable,6978,"With diamond like precision, __ is what I envision",Feature_Has_Phonemes_Ah0_L_Spelled_Le,endings_le_el_al_il,word_endings,179580,183810,4230,1,
25945,125,WpYeekQkAdc,77,black eyed peas,127,where is the love?,People,7168,__ livin' like they ain't got no mamas,Feature_Has_Phonemes_Ah0_L_Spelled_Le,endings_le_el_al_il,word_endings,21910,24190,2280,0,
25946,125,WpYeekQkAdc,77,black eyed peas,127,where is the love?,People,7185,"__ killin', people dyin'",Feature_Has_Phonemes_Ah0_L_Spelled_Le,endings_le_el_al_il,word_endings,61260,64100,2840,0,
25947,125,WpYeekQkAdc,77,black eyed peas,127,where is the love?,people,7185,"People killin', __ dyin'",Feature_Has_Phonemes_Ah0_L_Spelled_Le,endings_le_el_al_il,word_endings,61260,64100,2840,0,
25948,125,WpYeekQkAdc,77,black eyed peas,127,where is the love?,people,7192,"Cause __ got me, got me questionin'",Feature_Has_Phonemes_Ah0_L_Spelled_Le,endings_le_el_al_il,word_endings,76120,79940,3820,0,
25949,125,WpYeekQkAdc,77,black eyed peas,127,where is the love?,little,7205,Chemical gasses fillin' lungs of __ ones,Feature_Has_Phonemes_Ah0_L_Spelled_Le,endings_le_el_al_il,word_endings,102110,104240,2130,0,
25950,125,WpYeekQkAdc,77,black eyed peas,127,where is the love?,people,7209,In this world that we livin' in __ keep on givin',Feature_Has_Phonemes_Ah0_L_Spelled_Le,endings_le_el_al_il,word_endings,111530,113920,2390,0,
25951,125,WpYeekQkAdc,77,black eyed peas,127,where is the love?,People,7220,"__ killin', people dyin'",Feature_Has_Phonemes_Ah0_L_Spelled_Le,endings_le_el_al_il,word_endings,134210,135530,1320,0,
25952,125,WpYeekQkAdc,77,black eyed peas,127,where is the love?,people,7220,"People killin', __ dyin'",Feature_Has_Phonemes_Ah0_L_Spelled_Le,endings_le_el_al_il,word_endings,134210,135530,1320,0,
25953,125,WpYeekQkAdc,77,black eyed peas,127,where is the love?,people,7227,"Cause __ got me, got me questionin'",Feature_Has_Phonemes_Ah0_L_Spelled_Le,endings_le_el_al_il,word_endings,148090,151280,3190,0,
25954,125,WpYeekQkAdc,77,black eyed peas,127,where is the love?,people,7236,"As I'm gettin' older, y'all, __ gets colder",Feature_Has_Phonemes_Ah0_L_Spelled_Le,endings_le_el_al_il,word_endings,186030,188320,2290,0,
25955,127,k6M5C-oKw9k,81,Ne-Yo,129,miss independent,little,7320,Won't you come and spend a __ time,Feature_Has_Phonemes_Ah0_L_Spelled_Le,endings_le_el_al_il,word_endings,74460,77440,2980,0,
25956,127,k6M5C-oKw9k,81,Ne-Yo,129,miss independent,little,7353,Won't you come and spend a __ time,Feature_Has_Phonemes_Ah0_L_Spelled_Le,endings_le_el_al_il,word_endings,152630,155650,3020,0,
25957,127,k6M5C-oKw9k,81,Ne-Yo,129,miss independent,little,7373,Won't you come and spend a __ time,Feature_Has_Phonemes_Ah0_L_Spelled_Le,endings_le_el_al_il,word_endings,208300,211620,3320,0,
25958,129,vKNcuTWzTVw,82,Marina and The Diamonds,131,how to be a heartbreaker,little,7453,Boys they like a __ danger,Feature_Has_Phonemes_Ah0_L_Spelled_Le,endings_le_el_al_il,word_endings,37300,40860,3560,0,
25959,129,vKNcuTWzTVw,82,Marina and The Diamonds,131,how to be a heartbreaker,little,7470,Boys they like a __ danger,Feature_Has_Phonemes_Ah0_L_Spelled_Le,endings_le_el_al_il,word_endings,105650,109350,3700,0,
25960,129,vKNcuTWzTVw,82,Marina and The Diamonds,131,how to be a heartbreaker,little,7487,Boys they like a __ danger,Feature_Has_Phonemes_Ah0_L_Spelled_Le,endings_le_el_al_il,word_endings,183280,186630,3350,0,
25961,130,KJWJfRAGnHc,83,Karmin,132,acapella,Little,7534,"We hit that Olive Garden, my __ Italy",Feature_Has_Phonemes_Ah0_L_Spelled_Le,endings_le_el_al_il,word_endings,98510,101320,2810,0,
25962,137,j-fWDrZSiZs,96,Dido,139,white flag,trouble,7962,And I caused nothing but __,Feature_Has_Phonemes_Ah0_L_Spelled_Le,endings_le_el_al_il,word_endings,101900,105400,3500,0,
25963,139,EgT_us6AsDg,98,Selena Gomez & The Scene,141,love you like a love song,incredible,8029,"You are beautiful, like a dream come alive, __",Feature_Has_Phonemes_Ah0_L_Spelled_Le,endings_le_el_al_il,word_endings,19400,25460,6060,0,
25964,139,EgT_us6AsDg,98,Selena Gomez & The Scene,141,love you like a love song,miracle,8030,"A centerfold, a __, lyrical",Feature_Has_Phonemes_Ah0_L_Spelled_Le,endings_le_el_al_il,word_endings,25460,29400,3940,0,
25965,141,Kgjkth6BRRY,105,Gwen Stefani,143,hollaback girl,People,8132,"__ hear you talking like that, getting everybody fired up",Feature_Has_Phonemes_Ah0_L_Spelled_Le,endings_le_el_al_il,word_endings,44050,47930,3880,1,
25966,142,TGwZ7MNtBFU,105,Gwen Stefani,144,cool,comfortable,8195,"Passes things, get more __",Feature_Has_Phonemes_Ah0_L_Spelled_Le,endings_le_el_al_il,word_endings,26510,31840,5330,0,
25967,142,TGwZ7MNtBFU,105,Gwen Stefani,144,cool,miracle,8200,And it's such a __ that you and me are still good friends,Feature_Has_Phonemes_Ah0_L_Spelled_Le,endings_le_el_al_il,word_endings,43450,51260,7810,0,
25968,142,TGwZ7MNtBFU,105,Gwen Stefani,144,cool,impossible,8204,We used to think it was __,Feature_Has_Phonemes_Ah0_L_Spelled_Le,endings_le_el_al_il,word_endings,64360,70350,5990,0,
25969,146,Jne9t8sHpUc,116,Alanis Morissette,148,ironic,little,8474,"A __ too ironic, and yeah I really do think",Feature_Has_Phonemes_Ah0_L_Spelled_Le,endings_le_el_al_il,word_endings,163260,168920,5660,0,
25970,147,PIb6AZdTr-A,117,cyndi lauper,149,girls just want to have fun,middle,8490,The phone rings in the __ of the night,Feature_Has_Phonemes_Ah0_L_Spelled_Le,endings_le_el_al_il,word_endings,39810,45620,5810,0,
25971,151,w4s6H4ku6ZY,130,Far * East Movement,153,like a g6,table,8662,"Ladies love my style, at my __ gettin' wild",Feature_Has_Phonemes_Ah0_L_Spelled_Le,endings_le_el_al_il,word_endings,34840,38180,3340,1,
25972,151,w4s6H4ku6ZY,130,Far * East Movement,153,like a g6,single,8684,"This is how we live, every __ night",Feature_Has_Phonemes_Ah0_L_Spelled_Le,endings_le_el_al_il,word_endings,99650,103390,3740,1,
25973,151,w4s6H4ku6ZY,130,Far * East Movement,153,like a g6,bottle,8685,"Take that __ to the head, and let me see you fly",Feature_Has_Phonemes_Ah0_L_Spelled_Le,endings_le_el_al_il,word_endings,103390,107390,4000,1,
25974,156,2uYs0gJD-LE,174,M.I.A,158,bad girls,handle,9032,Had a __ on it,Feature_Has_Phonemes_Ah0_L_Spelled_Le,endings_le_el_al_il,word_endings,80450,81390,940,0,
25975,159,VV1XWJN3nJo,188,natalie imbruglia,163,torn,little,9343,You're a __ late,Feature_Has_Phonemes_Ah0_L_Spelled_Le,endings_le_el_al_il,word_endings,72070,74640,2570,0,
25976,159,VV1XWJN3nJo,188,natalie imbruglia,163,torn,little,9370,You're a __ late,Feature_Has_Phonemes_Ah0_L_Spelled_Le,endings_le_el_al_il,word_endings,126740,129670,2930,0,
25977,162,MS91knuzoOA,351,Pearl Jam,167,jeremy,little,9390,Seemed a harmless __ ****,Feature_Has_Phonemes_Ah0_L_Spelled_Le,endings_le_el_al_il,word_endings,82700,86430,3730,1,
25978,166,dvgZkm1xWPE,353,coldplay,171,viva la vida,People,9597,__ couldn't believe what I'd become,Feature_Has_Phonemes_Ah0_L_Spelled_Le,endings_le_el_al_il,word_endings,120850,124100,3250,0,
25979,169,RF0HhrwIwp0,355,kings of leon,174,sex on fire,people,9710,It has __ talking,Feature_Has_Phonemes_Ah0_L_Spelled_Le,endings_le_el_al_il,word_endings,47120,50180,3060,0,
25980,169,RF0HhrwIwp0,355,kings of leon,174,sex on fire,Rattle,9732,__ of bones,Feature_Has_Phonemes_Ah0_L_Spelled_Le,endings_le_el_al_il,word_endings,118410,121660,3250,0,
25981,172,CD-E-LDc384,356,Metallica,177,enter sandman,little,9813,Say your prayers __ one,Feature_Has_Phonemes_Ah0_L_Spelled_Le,endings_le_el_al_il,word_endings,73050,74940,1890,0,
25982,172,CD-E-LDc384,356,Metallica,177,enter sandman,little,9850,"Hush __ baby, don't say a word",Feature_Has_Phonemes_Ah0_L_Spelled_Le,endings_le_el_al_il,word_endings,223220,227300,4080,0,
25983,175,DmeUuoxyt_E,358,Nickelback,180,rockstar,couple,9962,Sign a __ autographs,Feature_Has_Phonemes_Ah0_L_Spelled_Le,endings_le_el_al_il,word_endings,107430,109260,1830,1,
25984,177,BB0DU4DoPP4,358,Nickelback,182,photograph,couple,10100,She's had a __ of kids since then,Feature_Has_Phonemes_Ah0_L_Spelled_Le,endings_le_el_al_il,word_endings,132290,135270,2980,1,
25985,178,hTWKbfoikeg,359,Nirvana,183,smells like teen spirit,little,10160,Our __ group has always been,Feature_Has_Phonemes_Ah0_L_Spelled_Le,endings_le_el_al_il,word_endings,107930,112440,4510,0,
25986,181,p21YfobjaVA,361,Placebo,186,too many friends,single,10260,In a __ tome,Feature_Has_Phonemes_Ah0_L_Spelled_Le,endings_le_el_al_il,word_endings,31480,33920,2440,0,
25987,181,p21YfobjaVA,361,Placebo,186,too many friends,people,10262,I've got too many friends too many __,Feature_Has_Phonemes_Ah0_L_Spelled_Le,endings_le_el_al_il,word_endings,33920,38490,4570,0,
25988,181,p21YfobjaVA,361,Placebo,186,too many friends,needle,10267,"Like a __ in the hay, or an expensive stone",Feature_Has_Phonemes_Ah0_L_Spelled_Le,endings_le_el_al_il,word_endings,62080,70840,8760,0,
25989,181,p21YfobjaVA,361,Placebo,186,too many friends,people,10272,I've got too many friends too many __,Feature_Has_Phonemes_Ah0_L_Spelled_Le,endings_le_el_al_il,word_endings,86150,90650,4500,0,
25990,181,p21YfobjaVA,361,Placebo,186,too many friends,people,10275,Too many friends too many __,Feature_Has_Phonemes_Ah0_L_Spelled_Le,endings_le_el_al_il,word_endings,104140,108240,4100,0,
25991,181,p21YfobjaVA,361,Placebo,186,too many friends,people,10281,When all the __ do all day,Feature_Has_Phonemes_Ah0_L_Spelled_Le,endings_le_el_al_il,word_endings,140380,144480,4100,0,
25992,181,p21YfobjaVA,361,Placebo,186,too many friends,people,10284,I've got too many friends too many __,Feature_Has_Phonemes_Ah0_L_Spelled_Le,endings_le_el_al_il,word_endings,147110,151790,4680,0,
25993,181,p21YfobjaVA,361,Placebo,186,too many friends,people,10287,Too many friends too many __,Feature_Has_Phonemes_Ah0_L_Spelled_Le,endings_le_el_al_il,word_endings,165150,169130,3980,0,
25994,186,Zx4Hjq6KwO0,363,Keane,191,everybody's changing,little,10495,So __ time,Feature_Has_Phonemes_Ah0_L_Spelled_Le,endings_le_el_al_il,word_endings,61880,66890,5010,0,
25995,186,Zx4Hjq6KwO0,363,Keane,191,everybody's changing,little,10507,So __ time,Feature_Has_Phonemes_Ah0_L_Spelled_Le,endings_le_el_al_il,word_endings,124250,128509,4259,0,
25996,186,Zx4Hjq6KwO0,363,Keane,191,everybody's changing,little,10513,So __ time,Feature_Has_Phonemes_Ah0_L_Spelled_Le,endings_le_el_al_il,word_endings,168570,174340,5770,0,
25997,187,8SbUC-UaAxE,364,guns n' roses,192,november rain,candle,10525,And it's hard to hold a __,Feature_Has_Phonemes_Ah0_L_Spelled_Le,endings_le_el_al_il,word_endings,110500,114410,3910,1,
25998,188,o1tj2zJ2Wvg,364,guns n' roses,193,welcome to the jungle,jungle,10592,Welcome to the __ we've got fun and games,Feature_Has_Phonemes_Ah0_L_Spelled_Le,endings_le_el_al_il,word_endings,45220,48990,3770,0,
25999,188,o1tj2zJ2Wvg,364,guns n' roses,193,welcome to the jungle,people,10594,We are the __ that can find whatever you may need,Feature_Has_Phonemes_Ah0_L_Spelled_Le,endings_le_el_al_il,word_endings,52490,56750,4260,0,
26000,188,o1tj2zJ2Wvg,364,guns n' roses,193,welcome to the jungle,jungle,10597,"In the __, welcome to the jungle",Feature_Has_Phonemes_Ah0_L_Spelled_Le,endings_le_el_al_il,word_endings,60510,63200,2690,0,
26001,188,o1tj2zJ2Wvg,364,guns n' roses,193,welcome to the jungle,jungle,10597,"In the jungle, welcome to the __",Feature_Has_Phonemes_Ah0_L_Spelled_Le,endings_le_el_al_il,word_endings,60510,63200,2690,0,
26002,188,o1tj2zJ2Wvg,364,guns n' roses,193,welcome to the jungle,jungle,10601,Welcome to the __ we take it day by day,Feature_Has_Phonemes_Ah0_L_Spelled_Le,endings_le_el_al_il,word_endings,72650,76410,3760,0,
26003,188,o1tj2zJ2Wvg,364,guns n' roses,193,welcome to the jungle,jungle,10605,In the __ welcome to the jungle,Feature_Has_Phonemes_Ah0_L_Spelled_Le,endings_le_el_al_il,word_endings,87970,91180,3210,0,
26004,188,o1tj2zJ2Wvg,364,guns n' roses,193,welcome to the jungle,jungle,10605,In the jungle welcome to the __,Feature_Has_Phonemes_Ah0_L_Spelled_Le,endings_le_el_al_il,word_endings,87970,91180,3210,0,
26005,188,o1tj2zJ2Wvg,364,guns n' roses,193,welcome to the jungle,jungle,10609,Welcome to the __ it gets worse here every day,Feature_Has_Phonemes_Ah0_L_Spelled_Le,endings_le_el_al_il,word_endings,115370,119470,4100,0,
26006,188,o1tj2zJ2Wvg,364,guns n' roses,193,welcome to the jungle,jungle,10610,Ya learn to live like an animal in the __ where we play,Feature_Has_Phonemes_Ah0_L_Spelled_Le,endings_le_el_al_il,word_endings,119470,123190,3720,0,
26007,188,o1tj2zJ2Wvg,364,guns n' roses,193,welcome to the jungle,jungle,10614,"In the __, welcome to the jungle",Feature_Has_Phonemes_Ah0_L_Spelled_Le,endings_le_el_al_il,word_endings,130880,133850,2970,0,
26008,188,o1tj2zJ2Wvg,364,guns n' roses,193,welcome to the jungle,jungle,10614,"In the jungle, welcome to the __",Feature_Has_Phonemes_Ah0_L_Spelled_Le,endings_le_el_al_il,word_endings,130880,133850,2970,0,
26009,188,o1tj2zJ2Wvg,364,guns n' roses,193,welcome to the jungle,jungle,10622,"You're down in the __ baby, you're gonna dieee",Feature_Has_Phonemes_Ah0_L_Spelled_Le,endings_le_el_al_il,word_endings,224410,233420,9010,0,
26010,188,o1tj2zJ2Wvg,364,guns n' roses,193,welcome to the jungle,jungle,10623,In the __ welcome to the jungle,Feature_Has_Phonemes_Ah0_L_Spelled_Le,endings_le_el_al_il,word_endings,233420,235970,2550,0,
26011,188,o1tj2zJ2Wvg,364,guns n' roses,193,welcome to the jungle,jungle,10623,In the jungle welcome to the __,Feature_Has_Phonemes_Ah0_L_Spelled_Le,endings_le_el_al_il,word_endings,233420,235970,2550,0,
26012,188,o1tj2zJ2Wvg,364,guns n' roses,193,welcome to the jungle,jungle,10625,In the __ welcome to the jungle,Feature_Has_Phonemes_Ah0_L_Spelled_Le,endings_le_el_al_il,word_endings,240970,244230,3260,0,
26013,188,o1tj2zJ2Wvg,364,guns n' roses,193,welcome to the jungle,jungle,10625,In the jungle welcome to the __,Feature_Has_Phonemes_Ah0_L_Spelled_Le,endings_le_el_al_il,word_endings,240970,244230,3260,0,
26014,188,o1tj2zJ2Wvg,364,guns n' roses,193,welcome to the jungle,jungle,10627,In the __ welcome to the jungle,Feature_Has_Phonemes_Ah0_L_Spelled_Le,endings_le_el_al_il,word_endings,249190,251950,2760,0,
26015,188,o1tj2zJ2Wvg,364,guns n' roses,193,welcome to the jungle,jungle,10627,In the jungle welcome to the __,Feature_Has_Phonemes_Ah0_L_Spelled_Le,endings_le_el_al_il,word_endings,249190,251950,2760,0,
26016,188,o1tj2zJ2Wvg,364,guns n' roses,193,welcome to the jungle,jungle,10629,In the __ welcome to the jungle,Feature_Has_Phonemes_Ah0_L_Spelled_Le,endings_le_el_al_il,word_endings,256709,259459,2750,0,
26017,188,o1tj2zJ2Wvg,364,guns n' roses,193,welcome to the jungle,jungle,10629,In the jungle welcome to the __,Feature_Has_Phonemes_Ah0_L_Spelled_Le,endings_le_el_al_il,word_endings,256709,259459,2750,0,
26018,189,Rbm6GXllBiw,364,guns n' roses,194,paradise city,gamble,10647,You know it's all a __ when it's just a game,Feature_Has_Phonemes_Ah0_L_Spelled_Le,endings_le_el_al_il,word_endings,116960,119260,2300,0,
26019,204,kyE4CLM0QIA,373,fleetwood mac,209,little lies,settle,11278,So I'll __ for one day,Feature_Has_Phonemes_Ah0_L_Spelled_Le,endings_le_el_al_il,word_endings,37470,40160,2690,0,
26020,204,kyE4CLM0QIA,373,fleetwood mac,209,little lies,little,11283,Tell me sweet __ lies,Feature_Has_Phonemes_Ah0_L_Spelled_Le,endings_le_el_al_il,word_endings,49760,52070,2310,0,
26021,204,kyE4CLM0QIA,373,fleetwood mac,209,little lies,little,11288,Tell me sweet __ lies,Feature_Has_Phonemes_Ah0_L_Spelled_Le,endings_le_el_al_il,word_endings,65240,72570,7330,0,
26022,204,kyE4CLM0QIA,373,fleetwood mac,209,little lies,little,11301,Tell me sweet __ lies,Feature_Has_Phonemes_Ah0_L_Spelled_Le,endings_le_el_al_il,word_endings,103950,107160,3210,0,
26023,204,kyE4CLM0QIA,373,fleetwood mac,209,little lies,little,11306,Tell me sweet __ lies,Feature_Has_Phonemes_Ah0_L_Spelled_Le,endings_le_el_al_il,word_endings,119470,141680,22210,0,
26024,204,kyE4CLM0QIA,373,fleetwood mac,209,little lies,settle,11314,So I'll __ for one day,Feature_Has_Phonemes_Ah0_L_Spelled_Le,endings_le_el_al_il,word_endings,160750,163580,2830,0,
26025,204,kyE4CLM0QIA,373,fleetwood mac,209,little lies,little,11319,Tell me sweet __ lies,Feature_Has_Phonemes_Ah0_L_Spelled_Le,endings_le_el_al_il,word_endings,173200,176520,3320,0,
26026,204,kyE4CLM0QIA,373,fleetwood mac,209,little lies,little,11325,Tell me sweet __ lies,Feature_Has_Phonemes_Ah0_L_Spelled_Le,endings_le_el_al_il,word_endings,188540,192050,3510,0,
26027,204,kyE4CLM0QIA,373,fleetwood mac,209,little lies,little,11330,Tell me sweet __ lies,Feature_Has_Phonemes_Ah0_L_Spelled_Le,endings_le_el_al_il,word_endings,204100,207340,3240,0,
26028,212,mTa8U0Wa0q8,378,elton john,217,your song,little,11428,It's a __ bit funny this feeling inside,Feature_Has_Phonemes_Ah0_L_Spelled_Le,endings_le_el_al_il,word_endings,9170,20520,11350,0,
26029,212,mTa8U0Wa0q8,378,elton john,217,your song,simple,11439,It may be quite __ but now that it's done,Feature_Has_Phonemes_Ah0_L_Spelled_Le,endings_le_el_al_il,word_endings,82890,90150,7260,0,
26030,212,mTa8U0Wa0q8,378,elton john,217,your song,people,11449,It's for __ like you that,Feature_Has_Phonemes_Ah0_L_Spelled_Le,endings_le_el_al_il,word_endings,140970,145480,4510,0,
26031,212,mTa8U0Wa0q8,378,elton john,217,your song,simple,11460,It may be quite __ but,Feature_Has_Phonemes_Ah0_L_Spelled_Le,endings_le_el_al_il,word_endings,192930,196690,3760,0,
26032,212,mTa8U0Wa0q8,378,elton john,217,your song,little,43336,It's a __ bit funny this feeling inside too,Feature_Has_Phonemes_Ah0_L_Spelled_Le,endings_le_el_al_il,word_endings,16730,247000,230270,0,
26033,482,n-cD4oLk_D0,383,The Smiths,225,there is a light that never goes out,people,11734,Where there's music and there's __,Feature_Has_Phonemes_Ah0_L_Spelled_Le,endings_le_el_al_il,word_endings,10080,11860,1780,0,
26034,482,n-cD4oLk_D0,383,The Smiths,225,there is a light that never goes out,people,11742,Because I want to see __ and I,Feature_Has_Phonemes_Ah0_L_Spelled_Le,endings_le_el_al_il,word_endings,38180,40240,2060,0,
26035,224,kPBzTxZQG5Q,387,The Doors,230,here without you,people,21065,As the __ leave their way to say hello,Feature_Has_Phonemes_Ah0_L_Spelled_Le,endings_le_el_al_il,word_endings,89500,99160,9660,0,
26036,226,0J2QdDbelmY,389,The White Stripes,232,seven nation army,single,12060,Every __ one's got a story to tell,Feature_Has_Phonemes_Ah0_L_Spelled_Le,endings_le_el_al_il,word_endings,90220,93370,3150,1,
26037,228,TOypSnKFHrE,391,The Strokes,234,last nite,people,12095,See __ they don't understand,Feature_Has_Phonemes_Ah0_L_Spelled_Le,endings_le_el_al_il,word_endings,63330,67980,4650,0,
26038,228,TOypSnKFHrE,391,The Strokes,234,last nite,people,12109,Oh __ they don't understand,Feature_Has_Phonemes_Ah0_L_Spelled_Le,endings_le_el_al_il,word_endings,132660,137340,4680,0,
26039,228,TOypSnKFHrE,391,The Strokes,234,last nite,little,12119,Oh __ girl I don't care no more,Feature_Has_Phonemes_Ah0_L_Spelled_Le,endings_le_el_al_il,word_endings,166600,169510,2910,0,
26040,230,pT68FS3YbQ4,391,The Strokes,236,you only live once,people,12164,Some __ think they're always right,Feature_Has_Phonemes_Ah0_L_Spelled_Le,endings_le_el_al_il,word_endings,22380,26400,4020,1,
26041,483,IwWUOmk7wO0,400,lynyrd skynyrd,248,sweet home alabama,Muscle,12429,Now __ Shoals has got the Swampers,Feature_Has_Phonemes_Ah0_L_Spelled_Le,endings_le_el_al_il,word_endings,190300,193980,3680,0,
26042,245,4aeETEoNfOg,404,The Smashing Pumpkins,251,1979,Double,12545,__ cross the vacant and the bored,Feature_Has_Phonemes_Ah0_L_Spelled_Le,endings_le_el_al_il,word_endings,99690,114630,14940,0,
26043,247,SSR6ZzjDZ94,409,Boston,253,more than a feeling,people,12620,So many __ have come and gone,Feature_Has_Phonemes_Ah0_L_Spelled_Le,endings_le_el_al_il,word_endings,86590,90910,4320,0,
26044,256,y8AWFf7EAc4,422,alexandra burke,262,hallelujah,marble,12907,And I've seen your flag on the __ arch,Feature_Has_Phonemes_Ah0_L_Spelled_Le,endings_le_el_al_il,word_endings,172800,176220,3420,0,
26045,261,1lyu1KKwC74,436,the verve,268,bittersweet symphony,people,13152,But I'm a million different __,Feature_Has_Phonemes_Ah0_L_Spelled_Le,endings_le_el_al_il,word_endings,122560,125740,3180,0,
26046,261,1lyu1KKwC74,436,the verve,268,bittersweet symphony,people,13167,And I'm a million different __,Feature_Has_Phonemes_Ah0_L_Spelled_Le,endings_le_el_al_il,word_endings,201040,204300,3260,0,
26047,261,1lyu1KKwC74,436,the verve,268,bittersweet symphony,people,13185,And I'm a million different __,Feature_Has_Phonemes_Ah0_L_Spelled_Le,endings_le_el_al_il,word_endings,279530,282860,3330,0,
26048,263,VcjzHMhBtf0,439,journey,270,don't stop believin',people,13220,"Streetlights, __",Feature_Has_Phonemes_Ah0_L_Spelled_Le,endings_le_el_al_il,word_endings,97070,101030,3960,0,
26049,263,VcjzHMhBtf0,439,journey,270,don't stop believin',people,13236,"Streetlights, __",Feature_Has_Phonemes_Ah0_L_Spelled_Le,endings_le_el_al_il,word_endings,168900,174140,5240,0,
26050,263,VcjzHMhBtf0,439,journey,270,don't stop believin',people,13242,"Streetlights, __",Feature_Has_Phonemes_Ah0_L_Spelled_Le,endings_le_el_al_il,word_endings,208650,216650,8000,0,
26051,263,VcjzHMhBtf0,439,journey,270,don't stop believin',people,13246,"Streetlights, __",Feature_Has_Phonemes_Ah0_L_Spelled_Le,endings_le_el_al_il,word_endings,224150,232610,8460,0,
26052,263,VcjzHMhBtf0,439,journey,270,don't stop believin',people,13250,"Streetlights, __",Feature_Has_Phonemes_Ah0_L_Spelled_Le,endings_le_el_al_il,word_endings,240080,257000,16920,0,
26053,264,dlPjxz4LGak,442,Dire Straits,271,money for nothing,little,13260,Maybe get a blister on your __ finger,Feature_Has_Phonemes_Ah0_L_Spelled_Le,endings_le_el_al_il,word_endings,85400,88990,3590,0,
26054,268,XLgYAHHkPFs,446,john lennon,276,imagine,people,13345,Imagine all the __ living for today,Feature_Has_Phonemes_Ah0_L_Spelled_Le,endings_le_el_al_il,word_endings,41280,53720,12440,1,
26055,268,XLgYAHHkPFs,446,john lennon,276,imagine,people,13351,Imagine all the __ living life in peace,Feature_Has_Phonemes_Ah0_L_Spelled_Le,endings_le_el_al_il,word_endings,81130,93200,12070,1,
26056,268,XLgYAHHkPFs,446,john lennon,276,imagine,people,13362,Imagine all the __ sharing all the world,Feature_Has_Phonemes_Ah0_L_Spelled_Le,endings_le_el_al_il,word_endings,142820,154930,12110,1,
26057,269,vThD7ot9oII,447,Janis Joplin,277,piece of my heart,little,13375,"Take another __ piece of my heart now, baby,",Feature_Has_Phonemes_Ah0_L_Spelled_Le,endings_le_el_al_il,word_endings,59920,65990,6070,0,
26058,269,vThD7ot9oII,447,Janis Joplin,277,piece of my heart,little,13376,"Break another __ bit of my heart now, darling, yeah.",Feature_Has_Phonemes_Ah0_L_Spelled_Le,endings_le_el_al_il,word_endings,65990,72010,6020,0,
26059,269,vThD7ot9oII,447,Janis Joplin,277,piece of my heart,little,13377,"Hey! Have another __ piece of my heart now, baby, yeah.",Feature_Has_Phonemes_Ah0_L_Spelled_Le,endings_le_el_al_il,word_endings,72010,77410,5400,0,
26060,269,vThD7ot9oII,447,Janis Joplin,277,piece of my heart,little,13390,"Take another __ piece of my heart now, baby.",Feature_Has_Phonemes_Ah0_L_Spelled_Le,endings_le_el_al_il,word_endings,125290,131980,6690,0,
26061,269,vThD7ot9oII,447,Janis Joplin,277,piece of my heart,little,13391,"Break another __ bit of my heart now, darling, yeah,",Feature_Has_Phonemes_Ah0_L_Spelled_Le,endings_le_el_al_il,word_endings,131980,137700,5720,0,
26062,269,vThD7ot9oII,447,Janis Joplin,277,piece of my heart,little,13392,"Have another __ piece of my heart now, baby, yeah.",Feature_Has_Phonemes_Ah0_L_Spelled_Le,endings_le_el_al_il,word_endings,137700,143570,5870,0,
26063,269,vThD7ot9oII,447,Janis Joplin,277,piece of my heart,little,13398,"Take another __ piece of my heart now, baby.",Feature_Has_Phonemes_Ah0_L_Spelled_Le,endings_le_el_al_il,word_endings,191260,197190,5930,0,
26064,269,vThD7ot9oII,447,Janis Joplin,277,piece of my heart,little,13399,"Break another __ bit of my heart, honey, yeah.",Feature_Has_Phonemes_Ah0_L_Spelled_Le,endings_le_el_al_il,word_endings,197190,203150,5960,0,
26065,269,vThD7ot9oII,447,Janis Joplin,277,piece of my heart,little,13400,"Hey! Have another __ piece of my heart now, baby,",Feature_Has_Phonemes_Ah0_L_Spelled_Le,endings_le_el_al_il,word_endings,203150,208340,5190,0,
26066,269,vThD7ot9oII,447,Janis Joplin,277,piece of my heart,little,13402,"Hey! Hey! Have another __ piece of my heart now, baby,",Feature_Has_Phonemes_Ah0_L_Spelled_Le,endings_le_el_al_il,word_endings,213350,219300,5950,0,
26067,269,vThD7ot9oII,447,Janis Joplin,277,piece of my heart,little,13404,"Have another __ piece of my heart now, baby,",Feature_Has_Phonemes_Ah0_L_Spelled_Le,endings_le_el_al_il,word_endings,224710,230760,6050,0,
26068,485,o_jQFpG3Upc,457,The Band,284,it's time,little,18233,I get a __ bit bigger but then I'll admit,Feature_Has_Phonemes_Ah0_L_Spelled_Le,endings_le_el_al_il,word_endings,56410,60950,4540,1,
26069,485,o_jQFpG3Upc,457,The Band,284,it's time,little,18250,I get a __ bit bigger but then I'll admit,Feature_Has_Phonemes_Ah0_L_Spelled_Le,endings_le_el_al_il,word_endings,129620,134150,4530,1,
26070,485,o_jQFpG3Upc,457,The Band,284,it's time,little,18256,I get a __ bit bigger but then I'll admit,Feature_Has_Phonemes_Ah0_L_Spelled_Le,endings_le_el_al_il,word_endings,147800,152340,4540,1,
26071,485,o_jQFpG3Upc,457,The Band,284,it's time,little,18267,I get a __ bit bigger but then I'll admit,Feature_Has_Phonemes_Ah0_L_Spelled_Le,endings_le_el_al_il,word_endings,184510,188950,4440,1,
26072,485,o_jQFpG3Upc,457,The Band,284,it's time,little,18273,I get a __ bit bigger but then I'll admit,Feature_Has_Phonemes_Ah0_L_Spelled_Le,endings_le_el_al_il,word_endings,202820,207250,4430,1,
26073,280,EvuL5jyCHOw,460,Lenny Kravitz,288,fly away,little,13616,Just for a __ fun,Feature_Has_Phonemes_Ah0_L_Spelled_Le,endings_le_el_al_il,word_endings,90230,92760,2530,0,
26074,291,qObzgUfCl28,491,Kaiser Chiefs,299,ruby,little,14071,Cause there's so __ else occupying my head,Feature_Has_Phonemes_Ah0_L_Spelled_Le,endings_le_el_al_il,word_endings,33240,38770,5530,0,
26075,292,xJJsoquu70o,492,Puddle of Mudd,300,blurry,stumble,14118,My whole world surrounds you I __ then I crawl,Feature_Has_Phonemes_Ah0_L_Spelled_Le,endings_le_el_al_il,word_endings,40240,46670,6430,0,
26076,292,xJJsoquu70o,492,Puddle of Mudd,300,blurry,stumble,14136,My whole world surrounds you I __ then I crawl,Feature_Has_Phonemes_Ah0_L_Spelled_Le,endings_le_el_al_il,word_endings,113500,120190,6690,0,
26077,296,AUO_5EALZoM,531,Blue Г·yster Cult,304,don't fear the reaper,able,14415,"We'll be __ to fly, don't fear the reaper",Feature_Has_Phonemes_Ah0_L_Spelled_Le,endings_le_el_al_il,word_endings,41630,45170,3540,0,
26078,296,AUO_5EALZoM,531,Blue Г·yster Cult,304,don't fear the reaper,able,14427,"We'll be __ to fly, don't fear the reaper",Feature_Has_Phonemes_Ah0_L_Spelled_Le,endings_le_el_al_il,word_endings,121610,125120,3510,0,
26079,300,6NXnxTNIWkc,580,4 Non Blondes,308,what's up?,little,14517,"And I, I am feeling a __ peculiar",Feature_Has_Phonemes_Ah0_L_Spelled_Le,endings_le_el_al_il,word_endings,63900,71300,7400,0,
26080,300,6NXnxTNIWkc,580,4 Non Blondes,308,what's up?,single,14538,I pray every __ day,Feature_Has_Phonemes_Ah0_L_Spelled_Le,endings_le_el_al_il,word_endings,162440,166350,3910,0,
26081,300,6NXnxTNIWkc,580,4 Non Blondes,308,what's up?,little,14545,"And I, I am feeling a __ peculiar",Feature_Has_Phonemes_Ah0_L_Spelled_Le,endings_le_el_al_il,word_endings,177890,185300,7410,0,
26082,302,VUb450Alpps,584,Temple of the Dog,311,hunger strike,table,14574,But it's on the __.,Feature_Has_Phonemes_Ah0_L_Spelled_Le,endings_le_el_al_il,word_endings,42820,45080,2260,0,
26083,302,VUb450Alpps,584,Temple of the Dog,311,hunger strike,table,14579,Blood is on the __.,Feature_Has_Phonemes_Ah0_L_Spelled_Le,endings_le_el_al_il,word_endings,56980,58960,1980,0,
26084,304,NRtvqT_wMeY,608,Soul Asylum,313,runaway train,middle,14584,Call you up in the __ of the night,Feature_Has_Phonemes_Ah0_L_Spelled_Le,endings_le_el_al_il,word_endings,8490,12420,3930,0,
26085,304,NRtvqT_wMeY,608,Soul Asylum,313,runaway train,little,14587,I was a key that could use a __ turning,Feature_Has_Phonemes_Ah0_L_Spelled_Le,endings_le_el_al_il,word_endings,20660,24880,4220,0,
26086,304,NRtvqT_wMeY,608,Soul Asylum,313,runaway train,Little,14625,"__ out of touch, little insane",Feature_Has_Phonemes_Ah0_L_Spelled_Le,endings_le_el_al_il,word_endings,184350,188510,4160,0,
26087,304,NRtvqT_wMeY,608,Soul Asylum,313,runaway train,little,14625,"Little out of touch, __ insane",Feature_Has_Phonemes_Ah0_L_Spelled_Le,endings_le_el_al_il,word_endings,184350,188510,4160,0,
26088,307,5QD5n98R_nk,641,Mr. Big,316,to be with you,little,14686,"Hold on, __ girl",Feature_Has_Phonemes_Ah0_L_Spelled_Le,endings_le_el_al_il,word_endings,7700,9820,2120,0,
26089,307,5QD5n98R_nk,641,Mr. Big,316,to be with you,little,14688,"Stand up, __ girl",Feature_Has_Phonemes_Ah0_L_Spelled_Le,endings_le_el_al_il,word_endings,13180,15490,2310,0,
26090,307,5QD5n98R_nk,641,Mr. Big,316,to be with you,little,14702,Wake up.  Who cares about __ boys,Feature_Has_Phonemes_Ah0_L_Spelled_Le,endings_le_el_al_il,word_endings,58660,61460,2800,0,
26091,308,j5-yKhDd64s,802,Eminem,318,not afraid,circle,14816,"It's a game called __ and I don't know how,",Feature_Has_Phonemes_Ah0_L_Spelled_Le,endings_le_el_al_il,word_endings,118270,120670,2400,1,
26092,308,j5-yKhDd64s,802,Eminem,318,not afraid,little,14844,"I been through the ringer, but they could do __ to the middle finger",Feature_Has_Phonemes_Ah0_L_Spelled_Le,endings_le_el_al_il,word_endings,190270,193510,3240,1,
26093,308,j5-yKhDd64s,802,Eminem,318,not afraid,middle,14844,"I been through the ringer, but they could do little to the __ finger",Feature_Has_Phonemes_Ah0_L_Spelled_Le,endings_le_el_al_il,word_endings,190270,193510,3240,1,
26094,308,j5-yKhDd64s,802,Eminem,318,not afraid,single,14850,"You couldn't lift a __ shingle on it! 'Cause the way I feel,",Feature_Has_Phonemes_Ah0_L_Spelled_Le,endings_le_el_al_il,word_endings,210410,213290,2880,1,
26095,308,j5-yKhDd64s,802,Eminem,318,not afraid,shingle,14850,"You couldn't lift a single __ on it! 'Cause the way I feel,",Feature_Has_Phonemes_Ah0_L_Spelled_Le,endings_le_el_al_il,word_endings,210410,213290,2880,1,
26096,309,NlmezywdxPI,802,Eminem,319,survival,circle,14907,Now draw a __ around it and put a line through it slut,Feature_Has_Phonemes_Ah0_L_Spelled_Le,endings_le_el_al_il,word_endings,146640,149200,2560,1,
26097,309,NlmezywdxPI,802,Eminem,319,survival,battle,14916,"But don't come unless you come to __, I'm mad now jump in the saddle",Feature_Has_Phonemes_Ah0_L_Spelled_Le,endings_le_el_al_il,word_endings,179110,182260,3150,1,
26098,309,NlmezywdxPI,802,Eminem,319,survival,saddle,14916,"But don't come unless you come to battle, I'm mad now jump in the __",Feature_Has_Phonemes_Ah0_L_Spelled_Le,endings_le_el_al_il,word_endings,179110,182260,3150,1,
26099,310,YVkUvmDQ3HY,802,Eminem,320,without me,little,14960,A __ bit of weed mixed with some hard liquor,Feature_Has_Phonemes_Ah0_L_Spelled_Le,endings_le_el_al_il,word_endings,54100,55800,1700,1,
26100,310,YVkUvmDQ3HY,802,Eminem,320,without me,table,14964,When I'm rocking the __ while he's operating Hey,Feature_Has_Phonemes_Ah0_L_Spelled_Le,endings_le_el_al_il,word_endings,62230,64800,2570,1,
26101,310,YVkUvmDQ3HY,802,Eminem,320,without me,little,14979,Cause we need a __ controversy,Feature_Has_Phonemes_Ah0_L_Spelled_Le,endings_le_el_al_il,word_endings,94190,96300,2110,1,
26102,310,YVkUvmDQ3HY,802,Eminem,320,without me,little,14983,Cause we need a __ controversy,Feature_Has_Phonemes_Ah0_L_Spelled_Le,endings_le_el_al_il,word_endings,102800,104900,2100,1,
26103,310,YVkUvmDQ3HY,802,Eminem,320,without me,Little,14986,__ hellions kids feeling rebellious,Feature_Has_Phonemes_Ah0_L_Spelled_Le,endings_le_el_al_il,word_endings,107200,109240,2040,1,
26104,310,YVkUvmDQ3HY,802,Eminem,320,without me,little,15009,Cause we need a __ controversy,Feature_Has_Phonemes_Ah0_L_Spelled_Le,endings_le_el_al_il,word_endings,154050,156190,2140,1,
26105,310,YVkUvmDQ3HY,802,Eminem,320,without me,little,15013,Cause we need a __ controversy,Feature_Has_Phonemes_Ah0_L_Spelled_Le,endings_le_el_al_il,word_endings,162890,164830,1940,1,
26106,310,YVkUvmDQ3HY,802,Eminem,320,without me,little,15019,Worse than them __ Limp Bizkit bastards,Feature_Has_Phonemes_Ah0_L_Spelled_Le,endings_le_el_al_il,word_endings,173530,175520,1990,1,
26107,310,YVkUvmDQ3HY,802,Eminem,320,without me,little,15043,Cause we need a __ controversy,Feature_Has_Phonemes_Ah0_L_Spelled_Le,endings_le_el_al_il,word_endings,222500,224390,1890,1,
26108,310,YVkUvmDQ3HY,802,Eminem,320,without me,little,15047,Cause we need a __ controversy,Feature_Has_Phonemes_Ah0_L_Spelled_Le,endings_le_el_al_il,word_endings,230960,233180,2220,1,
26109,487,Z4bVgEVnvyI,803,Drake,322,all me,table,15183,"Ask you to please excuse my __ manners, I was making room for the table dancers",Feature_Has_Phonemes_Ah0_L_Spelled_Le,endings_le_el_al_il,word_endings,164130,168530,4400,1,
26110,487,Z4bVgEVnvyI,803,Drake,322,all me,table,15183,"Ask you to please excuse my table manners, I was making room for the __ dancers",Feature_Has_Phonemes_Ah0_L_Spelled_Le,endings_le_el_al_il,word_endings,164130,168530,4400,1,
26111,487,Z4bVgEVnvyI,803,Drake,322,all me,simple,15198,"Not complicated, it's __, I got sexy ladies, a whole Benz-full",Feature_Has_Phonemes_Ah0_L_Spelled_Le,endings_le_el_al_il,word_endings,211780,215560,3780,1,
26112,487,Z4bVgEVnvyI,803,Drake,322,all me,gentle,15199,"And to them hoes I'm everything, everything but __",Feature_Has_Phonemes_Ah0_L_Spelled_Le,endings_le_el_al_il,word_endings,215560,219390,3830,1,
26113,487,Z4bVgEVnvyI,803,Drake,322,all me,people,15210,"Like I got trust issues, I'm sorry for the __ I've pushed out",Feature_Has_Phonemes_Ah0_L_Spelled_Le,endings_le_el_al_il,word_endings,250530,253870,3340,1,
26114,313,RubBzkZzpUA,803,Drake,323,started from the bottom,uncle,15228,And my __ calling me like Where ya at?,Feature_Has_Phonemes_Ah0_L_Spelled_Le,endings_le_el_al_il,word_endings,43650,46220,2570,1,
26115,313,RubBzkZzpUA,803,Drake,323,started from the bottom,single,15249,"I wear every __ chain, even when I'm in the house",Feature_Has_Phonemes_Ah0_L_Spelled_Le,endings_le_el_al_il,word_endings,96230,99500,3270,1,
26116,318,QjlFqgRbICY,806,Kendrick Lamar,328,a.d.h.d,purple,15487,She black too __ label on her back but that dap,Feature_Has_Phonemes_Ah0_L_Spelled_Le,endings_le_el_al_il,word_endings,61380,64400,3020,1,
26117,318,QjlFqgRbICY,806,Kendrick Lamar,328,a.d.h.d,Double,15526,"__ cup, deuce, four, six",Feature_Has_Phonemes_Ah0_L_Spelled_Le,endings_le_el_al_il,word_endings,172600,176890,4290,1,
26118,320,yyr2gEouEMM,806,Kendrick Lamar,330,poetic justice,little,15541,A __ bit (mmm) high maintenance (ooh),Feature_Has_Phonemes_Ah0_L_Spelled_Le,endings_le_el_al_il,word_endings,26120,28280,2160,1,
26119,320,yyr2gEouEMM,806,Kendrick Lamar,330,poetic justice,little,15554,Y'all curled in that __ bitty Range I heard that,Feature_Has_Phonemes_Ah0_L_Spelled_Le,endings_le_el_al_il,word_endings,57150,59910,2760,1,
26120,488,NtxmnBQmfZs,806,Kendrick Lamar,331,money trees,uncle,15662,"Two bullets in my __ Tony head (My Tony head, my Tony head)",Feature_Has_Phonemes_Ah0_L_Spelled_Le,endings_le_el_al_il,word_endings,153680,156750,3070,1,
26121,322,eCxaXqwRhvw,808,J. Cole,332,crooked smile,people,15779,We don't look nothing like the __ on the screen,Feature_Has_Phonemes_Ah0_L_Spelled_Le,endings_le_el_al_il,word_endings,142350,144620,2270,1,
26122,328,UePtoxDhJSw,813,Wiz Khalifa,338,black and yellow,Convertible,16308,"__ drop fill, eighty seven the top peel, back",Feature_Has_Phonemes_Ah0_L_Spelled_Le,endings_le_el_al_il,word_endings,161070,164480,3410,1,
26123,329,iR6oYX1D-0w,814,Aloe Blacc,339,i need a dollar,trouble,16348,It's been a long old __ long old troublesome road,Feature_Has_Phonemes_Ah0_L_Spelled_Le,endings_le_el_al_il,word_endings,40760,44760,4000,0,
26124,329,iR6oYX1D-0w,814,Aloe Blacc,339,i need a dollar,bottle,16378,Maybe its inside the __,Feature_Has_Phonemes_Ah0_L_Spelled_Le,endings_le_el_al_il,word_endings,151010,153120,2110,0,
26125,329,iR6oYX1D-0w,814,Aloe Blacc,339,i need a dollar,bottle,16379,Maybe its inside the __,Feature_Has_Phonemes_Ah0_L_Spelled_Le,endings_le_el_al_il,word_endings,153120,156210,3090,0,
26126,331,k2rqUlYN1m8,817,B.o.B,341,headband,whistle,16503,I make that ***** __ like the Old Spice man,Feature_Has_Phonemes_Ah0_L_Spelled_Le,endings_le_el_al_il,word_endings,26490,29140,2650,1,
26127,331,k2rqUlYN1m8,817,B.o.B,341,headband,little,16514,"Whats up, __ mama come here",Feature_Has_Phonemes_Ah0_L_Spelled_Le,endings_le_el_al_il,word_endings,51050,53430,2380,1,
26128,331,k2rqUlYN1m8,817,B.o.B,341,headband,Middle,16527,"__ school, I was getting head on a ten speed",Feature_Has_Phonemes_Ah0_L_Spelled_Le,endings_le_el_al_il,word_endings,80700,83090,2390,1,
26129,331,k2rqUlYN1m8,817,B.o.B,341,headband,little,16544,"Whats up, __ mama come here",Feature_Has_Phonemes_Ah0_L_Spelled_Le,endings_le_el_al_il,word_endings,119980,122330,2350,1,
26130,331,k2rqUlYN1m8,817,B.o.B,341,headband,little,16574,"Whats up, __ mama come here",Feature_Has_Phonemes_Ah0_L_Spelled_Le,endings_le_el_al_il,word_endings,188780,191380,2600,1,
26131,332,kn6-c223DUU,817,B.o.B,342,airplanes,people,16597,And you hoping but them __ never call you back,Feature_Has_Phonemes_Ah0_L_Spelled_Le,endings_le_el_al_il,word_endings,48130,51200,3070,1,
26132,333,_JZom_gVfuw,818,The Notorious B.I.G.,343,juicy,people,16640,"I'd never amount to nothing, to all the __ that lived above the",Feature_Has_Phonemes_Ah0_L_Spelled_Le,endings_le_el_al_il,word_endings,6150,9650,3500,1,
26133,333,_JZom_gVfuw,818,The Notorious B.I.G.,343,juicy,struggle,16643,"And all the *****s in the __, you know what I'm saying?",Feature_Has_Phonemes_Ah0_L_Spelled_Le,endings_le_el_al_il,word_endings,14600,17380,2780,1,
26134,335,CB0gNT4-tIE,821,Rick Ross,345,no games,table,16825,"Ain't no bottles on your __, ***** boy go get your gwolla",Feature_Has_Phonemes_Ah0_L_Spelled_Le,endings_le_el_al_il,word_endings,64700,67850,3150,1,
26135,335,CB0gNT4-tIE,821,Rick Ross,345,no games,Double,16831,"__ M, we poppin', shoppin' buying new clothes",Feature_Has_Phonemes_Ah0_L_Spelled_Le,endings_le_el_al_il,word_endings,84380,87720,3340,1,
26136,335,CB0gNT4-tIE,821,Rick Ross,345,no games,gamble,16871,"Success another __, ***** I took a chance",Feature_Has_Phonemes_Ah0_L_Spelled_Le,endings_le_el_al_il,word_endings,199100,202380,3280,1,
26137,337,5qm8PH4xAss,824,50 Cent,347,in da club,bottle,17002,"You can find me in the club, __ full of bub",Feature_Has_Phonemes_Ah0_L_Spelled_Le,endings_le_el_al_il,word_endings,15340,16890,1550,1,
26138,337,5qm8PH4xAss,824,50 Cent,347,in da club,bottle,17007,"You can find me in the club, __ full of bub",Feature_Has_Phonemes_Ah0_L_Spelled_Le,endings_le_el_al_il,word_endings,25770,28360,2590,1,
26139,337,5qm8PH4xAss,824,50 Cent,347,in da club,bottle,17029,"You can find me in the club, __ full of bub",Feature_Has_Phonemes_Ah0_L_Spelled_Le,endings_le_el_al_il,word_endings,79370,81250,1880,1,
26140,337,5qm8PH4xAss,824,50 Cent,347,in da club,bottle,17034,"You can find me in the club, __ full of bub",Feature_Has_Phonemes_Ah0_L_Spelled_Le,endings_le_el_al_il,word_endings,89650,92320,2670,1,
26141,337,5qm8PH4xAss,824,50 Cent,347,in da club,bottle,17055,Or we go upside there wit a __ of bub,Feature_Has_Phonemes_Ah0_L_Spelled_Le,endings_le_el_al_il,word_endings,138560,141460,2900,1,
26142,337,5qm8PH4xAss,824,50 Cent,347,in da club,bottle,17058,"You can find me in the club, __ full of bub",Feature_Has_Phonemes_Ah0_L_Spelled_Le,endings_le_el_al_il,word_endings,142890,145620,2730,1,
26143,337,5qm8PH4xAss,824,50 Cent,347,in da club,bottle,17063,"You can find me in the club, __ full of bub",Feature_Has_Phonemes_Ah0_L_Spelled_Le,endings_le_el_al_il,word_endings,153780,156340,2560,1,
26144,340,_CL6n0FJZpk,827,Dr. Dre,350,still d.r.e.,triple,17236,"He's __ platinum, doing 50 a week",Feature_Has_Phonemes_Ah0_L_Spelled_Le,endings_le_el_al_il,word_endings,89890,92230,2340,1,
26145,342,eU4ZvfkmOck,836,The Game,352,ali bomaye,people,17297,Get my __ out them chains *****,Feature_Has_Phonemes_Ah0_L_Spelled_Le,endings_le_el_al_il,word_endings,750,3470,2720,1,
26146,342,eU4ZvfkmOck,836,The Game,352,ali bomaye,bottle,17321,Got a __ of cologne that cost more than your rent,Feature_Has_Phonemes_Ah0_L_Spelled_Le,endings_le_el_al_il,word_endings,76790,80210,3420,1,
26147,342,eU4ZvfkmOck,836,The Game,352,ali bomaye,rumble,17329,I'm bout to __ in the jungle in these new Kanye's,Feature_Has_Phonemes_Ah0_L_Spelled_Le,endings_le_el_al_il,word_endings,97500,100920,3420,1,
26148,342,eU4ZvfkmOck,836,The Game,352,ali bomaye,jungle,17329,I'm bout to rumble in the __ in these new Kanye's,Feature_Has_Phonemes_Ah0_L_Spelled_Le,endings_le_el_al_il,word_endings,97500,100920,3420,1,
26149,342,eU4ZvfkmOck,836,The Game,352,ali bomaye,little,17342,"Like a __ ***** in Africa, I was born toting that K",Feature_Has_Phonemes_Ah0_L_Spelled_Le,endings_le_el_al_il,word_endings,141200,144670,3470,1,
26150,342,eU4ZvfkmOck,836,The Game,352,ali bomaye,bottle,17349,Got a chopper and a __ **** it let 'em spray,Feature_Has_Phonemes_Ah0_L_Spelled_Le,endings_le_el_al_il,word_endings,158260,161670,3410,1,
26151,342,eU4ZvfkmOck,836,The Game,352,ali bomaye,Humble,17355,"__ yourself, you not a G, keep it one with yourself",Feature_Has_Phonemes_Ah0_L_Spelled_Le,endings_le_el_al_il,word_endings,175510,178560,3050,1,
26152,342,eU4ZvfkmOck,836,The Game,352,ali bomaye,triple,17383,"Word to Muhammad, that __ beam is heaven-sent",Feature_Has_Phonemes_Ah0_L_Spelled_Le,endings_le_el_al_il,word_endings,256540,259690,3150,1,
26153,342,eU4ZvfkmOck,836,The Game,352,ali bomaye,bottle,17395,Got a chopper and a __ **** it let 'em spray,Feature_Has_Phonemes_Ah0_L_Spelled_Le,endings_le_el_al_il,word_endings,293520,329000,35480,1,
26154,344,XSbZidsgMfw,846,Tyler The Creator,354,yonkers,couple,17529,"It's been a __ months, and Tina still ain't perm her ****ing weave, damn",Feature_Has_Phonemes_Ah0_L_Spelled_Le,endings_le_el_al_il,word_endings,143160,195780,52620,1,
26155,348,bd2B6SjMh_w,890,gnarls barkley,358,crazy,little,17725,"Ever since I was __,",Feature_Has_Phonemes_Ah0_L_Spelled_Le,endings_le_el_al_il,word_endings,150950,152710,1760,0,
26156,348,bd2B6SjMh_w,890,gnarls barkley,358,crazy,little,17726,Ever since I was __ it looked like fun,Feature_Has_Phonemes_Ah0_L_Spelled_Le,endings_le_el_al_il,word_endings,152710,157320,4610,0,
26157,349,1plPyJdXKIY,898,Warren G,360,regulate,treble,17858,The rythmn is the base and the base is the __,Feature_Has_Phonemes_Ah0_L_Spelled_Le,endings_le_el_al_il,word_endings,198580,201180,2600,1,
26158,350,otCpCn0l4Wo,970,MC Hammer,361,u can't touch this,little,17895,While it's rollin' hold on pump a __ bit,Feature_Has_Phonemes_Ah0_L_Spelled_Le,endings_le_el_al_il,word_endings,51180,53870,2690,0,
26159,353,AaXaig_43lU,1240,Jeremih,367,down on me,incredible,18075,So sexual __,Feature_Has_Phonemes_Ah0_L_Spelled_Le,endings_le_el_al_il,word_endings,102310,103680,1370,1,
26160,353,AaXaig_43lU,1240,Jeremih,367,down on me,edible,18076,She beautiful she __,Feature_Has_Phonemes_Ah0_L_Spelled_Le,endings_le_el_al_il,word_endings,103680,105120,1440,1,
26161,362,7E0fVfectDo,1777,Arcade Fire,377,reflektor,little,18516,"Our song escapes, on __ silver discs",Feature_Has_Phonemes_Ah0_L_Spelled_Le,endings_le_el_al_il,word_endings,229040,233360,4320,0,
26162,368,GCdwKhTtNNw,1780,The Neighbourhood,383,sweater weather,little,18841,You in those __ high waisted shorts,Feature_Has_Phonemes_Ah0_L_Spelled_Le,endings_le_el_al_il,word_endings,33010,37570,4560,0,
26163,375,eimgRedLkkU,1782,Empire of the Sun,390,walking on a dream,people,19109,When two __ become one,Feature_Has_Phonemes_Ah0_L_Spelled_Le,endings_le_el_al_il,word_endings,49100,53600,4500,0,
26164,375,eimgRedLkkU,1782,Empire of the Sun,390,walking on a dream,people,19111,When two __ become one,Feature_Has_Phonemes_Ah0_L_Spelled_Le,endings_le_el_al_il,word_endings,57100,75000,17900,0,
26165,375,eimgRedLkkU,1782,Empire of the Sun,390,walking on a dream,people,19124,When two __ become one,Feature_Has_Phonemes_Ah0_L_Spelled_Le,endings_le_el_al_il,word_endings,110170,114140,3970,0,
26166,375,eimgRedLkkU,1782,Empire of the Sun,390,walking on a dream,people,19126,When two __ become one,Feature_Has_Phonemes_Ah0_L_Spelled_Le,endings_le_el_al_il,word_endings,117300,121730,4430,0,
26167,375,eimgRedLkkU,1782,Empire of the Sun,390,walking on a dream,people,19129,When two __ become one,Feature_Has_Phonemes_Ah0_L_Spelled_Le,endings_le_el_al_il,word_endings,125300,129330,4030,0,
26168,375,eimgRedLkkU,1782,Empire of the Sun,390,walking on a dream,people,19131,When two __ become one,Feature_Has_Phonemes_Ah0_L_Spelled_Le,endings_le_el_al_il,word_endings,132710,137560,4850,0,
26169,375,eimgRedLkkU,1782,Empire of the Sun,390,walking on a dream,people,19142,When two __ become one,Feature_Has_Phonemes_Ah0_L_Spelled_Le,endings_le_el_al_il,word_endings,170510,174530,4020,0,
26170,375,eimgRedLkkU,1782,Empire of the Sun,390,walking on a dream,people,19144,When two __ become one,Feature_Has_Phonemes_Ah0_L_Spelled_Le,endings_le_el_al_il,word_endings,178220,182100,3880,0,
26171,375,eimgRedLkkU,1782,Empire of the Sun,390,walking on a dream,people,19147,When two __ become one,Feature_Has_Phonemes_Ah0_L_Spelled_Le,endings_le_el_al_il,word_endings,185670,189670,4000,0,
26172,375,eimgRedLkkU,1782,Empire of the Sun,390,walking on a dream,people,19149,When two __ become one,Feature_Has_Phonemes_Ah0_L_Spelled_Le,endings_le_el_al_il,word_endings,193160,200000,6840,0,
26173,377,ghb6eDopW8I,1784,Of Monsters and Men,392,little talks,little,19194,Well tell her that I miss our __ talks,Feature_Has_Phonemes_Ah0_L_Spelled_Le,endings_le_el_al_il,word_endings,78910,83930,5020,0,
26174,385,1PorW3y5n1w,1787,Two Door Cinema Club,400,something good can work,little,19356,"Got a __ competition now,",Feature_Has_Phonemes_Ah0_L_Spelled_Le,endings_le_el_al_il,word_endings,44400,49700,5300,0,
26175,385,1PorW3y5n1w,1787,Two Door Cinema Club,400,something good can work,little,19370,It took a __ time,Feature_Has_Phonemes_Ah0_L_Spelled_Le,endings_le_el_al_il,word_endings,72380,72960,580,0,
26176,385,1PorW3y5n1w,1787,Two Door Cinema Club,400,something good can work,little,19371,To make a __ better,Feature_Has_Phonemes_Ah0_L_Spelled_Le,endings_le_el_al_il,word_endings,72960,73800,840,0,
26177,385,1PorW3y5n1w,1787,Two Door Cinema Club,400,something good can work,little,19375,It took a __ time,Feature_Has_Phonemes_Ah0_L_Spelled_Le,endings_le_el_al_il,word_endings,79990,80790,800,0,
26178,385,1PorW3y5n1w,1787,Two Door Cinema Club,400,something good can work,little,19376,To make a __ better,Feature_Has_Phonemes_Ah0_L_Spelled_Le,endings_le_el_al_il,word_endings,80790,81830,1040,0,
26179,386,9e9NSMY8QiQ,1788,Tegan and Sara,401,closer,little,19390,A __ bit closer,Feature_Has_Phonemes_Ah0_L_Spelled_Le,endings_le_el_al_il,word_endings,2760,6820,4060,0,
26180,386,9e9NSMY8QiQ,1788,Tegan and Sara,401,closer,little,19392,Can you come a __ closer?,Feature_Has_Phonemes_Ah0_L_Spelled_Le,endings_le_el_al_il,word_endings,9790,13350,3560,0,
26181,386,9e9NSMY8QiQ,1788,Tegan and Sara,401,closer,little,19394,Here comes the breath before we get a __ bit closer,Feature_Has_Phonemes_Ah0_L_Spelled_Le,endings_le_el_al_il,word_endings,13350,20250,6900,0,
26182,386,9e9NSMY8QiQ,1788,Tegan and Sara,401,closer,little,19395,"Here comes the rush before we touch, come a __ closer",Feature_Has_Phonemes_Ah0_L_Spelled_Le,endings_le_el_al_il,word_endings,20250,28700,8450,0,
26183,386,9e9NSMY8QiQ,1788,Tegan and Sara,401,closer,little,19410,Here comes the heat before we meet a __ bit closer,Feature_Has_Phonemes_Ah0_L_Spelled_Le,endings_le_el_al_il,word_endings,69900,77000,7100,0,
26184,386,9e9NSMY8QiQ,1788,Tegan and Sara,401,closer,little,19411,"Here comes the spark before the dark, come a __ closer",Feature_Has_Phonemes_Ah0_L_Spelled_Le,endings_le_el_al_il,word_endings,77000,85310,8310,0,
26185,386,9e9NSMY8QiQ,1788,Tegan and Sara,401,closer,little,19443,A __ bit closer,Feature_Has_Phonemes_Ah0_L_Spelled_Le,endings_le_el_al_il,word_endings,193800,197260,3460,0,
26186,386,9e9NSMY8QiQ,1788,Tegan and Sara,401,closer,little,19445,Can you come a __ closer?,Feature_Has_Phonemes_Ah0_L_Spelled_Le,endings_le_el_al_il,word_endings,200380,216000,15620,0,
26187,396,UrMmr1oMPGA,1796,birdy,411,skinny love,little,19734,Pour a __ salt we were never here,Feature_Has_Phonemes_Ah0_L_Spelled_Le,endings_le_el_al_il,word_endings,35840,43850,8010,1,
26188,400,VGvHnDeS12o,1799,Grouplove,415,ways to go,little,19859,"I got a __ bit longer, I got a ways to go",Feature_Has_Phonemes_Ah0_L_Spelled_Le,endings_le_el_al_il,word_endings,40000,44590,4590,0,
26189,400,VGvHnDeS12o,1799,Grouplove,415,ways to go,little,19860,"I got a __ bit longer, I got a ways to go",Feature_Has_Phonemes_Ah0_L_Spelled_Le,endings_le_el_al_il,word_endings,44590,49420,4830,0,
26190,400,VGvHnDeS12o,1799,Grouplove,415,ways to go,little,19861,"I got a __ bit longer, I got a ways to go",Feature_Has_Phonemes_Ah0_L_Spelled_Le,endings_le_el_al_il,word_endings,49420,54710,5290,0,
26191,400,VGvHnDeS12o,1799,Grouplove,415,ways to go,little,19875,"I got a __ bit longer, I got a ways to go",Feature_Has_Phonemes_Ah0_L_Spelled_Le,endings_le_el_al_il,word_endings,96290,101500,5210,0,
26192,400,VGvHnDeS12o,1799,Grouplove,415,ways to go,little,19876,"I got a __ bit longer, I got a ways to go",Feature_Has_Phonemes_Ah0_L_Spelled_Le,endings_le_el_al_il,word_endings,101500,106400,4900,0,
26193,400,VGvHnDeS12o,1799,Grouplove,415,ways to go,little,19877,"I got a __ bit longer, I got a ways to go",Feature_Has_Phonemes_Ah0_L_Spelled_Le,endings_le_el_al_il,word_endings,106400,113070,6670,0,
26194,400,VGvHnDeS12o,1799,Grouplove,415,ways to go,little,19888,"Oh I got a __ bit longer, I got a ways to go oh oh",Feature_Has_Phonemes_Ah0_L_Spelled_Le,endings_le_el_al_il,word_endings,163290,169380,6090,0,
26195,402,Sv6dMFF_yts,1800,fun.,417,we are young,subtle,20661,But between the drinks and __ things,Feature_Has_Phonemes_Ah0_L_Spelled_Le,endings_le_el_al_il,word_endings,32360,34800,2440,0,
26196,405,rjFaenf1T-Y,1803,Edward Sharpe & the Magnetic Zeros,420,home,apple,20015,You're the __ of my eye,Feature_Has_Phonemes_Ah0_L_Spelled_Le,endings_le_el_al_il,word_endings,29310,31470,2160,1,
26197,405,rjFaenf1T-Y,1803,Edward Sharpe & the Magnetic Zeros,420,home,jungle,20035,"Through the __, through the dark",Feature_Has_Phonemes_Ah0_L_Spelled_Le,endings_le_el_al_il,word_endings,115600,117810,2210,1,
26198,406,dZX6Q-Bj_xg,1805,Passion Pit,421,take a walk,couple,20122,Just to stay a __ nights,Feature_Has_Phonemes_Ah0_L_Spelled_Le,endings_le_el_al_il,word_endings,131110,133380,2270,0,
26199,406,dZX6Q-Bj_xg,1805,Passion Pit,421,take a walk,little,20124,"I watch my __ children, play some board game in the kitchen",Feature_Has_Phonemes_Ah0_L_Spelled_Le,endings_le_el_al_il,word_endings,137170,143180,6010,0,
26200,407,DiEwJTOderQ,1805,Passion Pit,422,carried away,little,20178,"Dance before my favorite __ scene, oh oh oh oh",Feature_Has_Phonemes_Ah0_L_Spelled_Le,endings_le_el_al_il,word_endings,43980,48350,4370,0,
26201,408,0YuSg4mts9E,1807,The Naked And Famous,424,young blood,Brittle,20254,__ it shakes,Feature_Has_Phonemes_Ah0_L_Spelled_Le,endings_le_el_al_il,word_endings,152170,157540,5370,0,
26202,432,eeWjzBHUdsI,2135,The Offspring,449,self esteem,little,20738,Now I'll relate this a __ bit,Feature_Has_Phonemes_Ah0_L_Spelled_Le,endings_le_el_al_il,word_endings,164330,168960,4630,0,
26203,433,YgSPaXgAdzE,2138,Beck,450,loser,couple,20755,Got a __ of couches sleep on the love seat,Feature_Has_Phonemes_Ah0_L_Spelled_Le,endings_le_el_al_il,word_endings,41350,44900,3550,1,
26204,434,#NAME?,2144,Counting Crows,451,mr. jones,bottle,20831,"Pass me a __, Mr Jones",Feature_Has_Phonemes_Ah0_L_Spelled_Le,endings_le_el_al_il,word_endings,60330,67820,7490,0,
26205,434,#NAME?,2144,Counting Crows,451,mr. jones,little,20884,Mr Jones wishes he was someone just a __ more funky,Feature_Has_Phonemes_Ah0_L_Spelled_Le,endings_le_el_al_il,word_endings,219230,223330,4100,0,
26206,438,oKsxPW6i3pM,2157,Jimmy Eat World,457,the middle,Little,21152,"__ girl, you're in the middle of the ride",Feature_Has_Phonemes_Ah0_L_Spelled_Le,endings_le_el_al_il,word_endings,36840,39860,3020,0,
26207,438,oKsxPW6i3pM,2157,Jimmy Eat World,457,the middle,middle,21152,"Little girl, you're in the __ of the ride",Feature_Has_Phonemes_Ah0_L_Spelled_Le,endings_le_el_al_il,word_endings,36840,39860,3020,0,
26208,438,oKsxPW6i3pM,2157,Jimmy Eat World,457,the middle,Little,21164,"__ girl, you're in the middle of the ride",Feature_Has_Phonemes_Ah0_L_Spelled_Le,endings_le_el_al_il,word_endings,72130,75070,2940,0,
26209,438,oKsxPW6i3pM,2157,Jimmy Eat World,457,the middle,middle,21164,"Little girl, you're in the __ of the ride",Feature_Has_Phonemes_Ah0_L_Spelled_Le,endings_le_el_al_il,word_endings,72130,75070,2940,0,
26210,438,oKsxPW6i3pM,2157,Jimmy Eat World,457,the middle,Little,21169,"__ girl, you're in the middle of the ride",Feature_Has_Phonemes_Ah0_L_Spelled_Le,endings_le_el_al_il,word_endings,84160,86870,2710,0,
26211,438,oKsxPW6i3pM,2157,Jimmy Eat World,457,the middle,middle,21169,"Little girl, you're in the __ of the ride",Feature_Has_Phonemes_Ah0_L_Spelled_Le,endings_le_el_al_il,word_endings,84160,86870,2710,0,
26212,438,oKsxPW6i3pM,2157,Jimmy Eat World,457,the middle,Little,21181,"__ girl, you're in the middle of the ride",Feature_Has_Phonemes_Ah0_L_Spelled_Le,endings_le_el_al_il,word_endings,143350,146220,2870,0,
26213,438,oKsxPW6i3pM,2157,Jimmy Eat World,457,the middle,middle,21181,"Little girl, you're in the __ of the ride",Feature_Has_Phonemes_Ah0_L_Spelled_Le,endings_le_el_al_il,word_endings,143350,146220,2870,0,
26214,438,oKsxPW6i3pM,2157,Jimmy Eat World,457,the middle,Little,21186,"__ girl, you're in the middle of the ride",Feature_Has_Phonemes_Ah0_L_Spelled_Le,endings_le_el_al_il,word_endings,155340,158110,2770,0,
26215,438,oKsxPW6i3pM,2157,Jimmy Eat World,457,the middle,middle,21186,"Little girl, you're in the __ of the ride",Feature_Has_Phonemes_Ah0_L_Spelled_Le,endings_le_el_al_il,word_endings,155340,158110,2770,0,
26216,440,dZLfasMPOU4,2214,Fountains of Wayne,459,stacy's mom,little,21239,"You know, I'm not the __ boy that I used to be",Feature_Has_Phonemes_Ah0_L_Spelled_Le,endings_le_el_al_il,word_endings,56150,59950,3800,0,
26217,69,450p7goxZqg,29,John Legend,740,all of me,table,38918,"Cards on the __, we're both showing hearts",Feature_Has_Phonemes_Ah0_L_Spelled_Le,endings_le_el_al_il,word_endings,200750,208220,7470,0,
26218,38,RbtPXFlZlHg,2396,Jason Derulo,741,talk dirty,comfortable,38938,"First class seat on my lap girl, riding __",Feature_Has_Phonemes_Ah0_L_Spelled_Le,endings_le_el_al_il,word_endings,15340,20090,4750,1,
26219,458,0KSOMA3QBU0,3,Katy Perry,742,dark horse,capable,38995,Cause I'm __ of anything,Feature_Has_Phonemes_Ah0_L_Spelled_Le,endings_le_el_al_il,word_endings,21700,25320,3620,0,
26220,460,F90Cw4l-8NY,2398,bastille,744,pompeii,rubble,39150,The __ or our sins?,Feature_Has_Phonemes_Ah0_L_Spelled_Le,endings_le_el_al_il,word_endings,137290,141550,4260,0,
26221,460,F90Cw4l-8NY,2398,bastille,744,pompeii,rubble,39152,The __ or our sins?,Feature_Has_Phonemes_Ah0_L_Spelled_Le,endings_le_el_al_il,word_endings,144560,148270,3710,0,
26222,461,Y8ygKnBtKAk,13,Justin Timberlake,745,not a bad thing,people,39176,I know __ make promises all the time,Feature_Has_Phonemes_Ah0_L_Spelled_Le,endings_le_el_al_il,word_endings,44230,47520,3290,1,
26223,461,Y8ygKnBtKAk,13,Justin Timberlake,745,not a bad thing,people,39194,I know __ make promises all the time,Feature_Has_Phonemes_Ah0_L_Spelled_Le,endings_le_el_al_il,word_endings,133520,136530,3010,1,
26224,468,tlYcUqEPN58,2403,ed sheeran,751,sing,couple,39674,And the fire brigade comes in a __ of days,Feature_Has_Phonemes_Ah0_L_Spelled_Le,endings_le_el_al_il,word_endings,100250,102090,1840,0,
26225,468,tlYcUqEPN58,2403,ed sheeran,751,sing,bottle,39681,Then she handed me of a __ of water filled with tequila,Feature_Has_Phonemes_Ah0_L_Spelled_Le,endings_le_el_al_il,word_endings,116040,118280,2240,0,
26226,469,ALV-QtDFpSw,2404,Luke Bryan,752,play it again,little,39726,Tryin' to pour a __ sugar in her Dixie cup,Feature_Has_Phonemes_Ah0_L_Spelled_Le,endings_le_el_al_il,word_endings,36070,39590,3520,0,
26227,469,ALV-QtDFpSw,2404,Luke Bryan,752,play it again,little,39742,But a __ while later,Feature_Has_Phonemes_Ah0_L_Spelled_Le,endings_le_el_al_il,word_endings,92900,94450,1550,0,
26228,472,CbxuXq_981s,2407,Florida Georgia Line,756,this is how we roll,little,39938,"The mix tape's got a __ Hank, little Drake",Feature_Has_Phonemes_Ah0_L_Spelled_Le,endings_le_el_al_il,word_endings,15520,18990,3470,0,
26229,472,CbxuXq_981s,2407,Florida Georgia Line,756,this is how we roll,little,39938,"The mix tape's got a little Hank, __ Drake",Feature_Has_Phonemes_Ah0_L_Spelled_Le,endings_le_el_al_il,word_endings,15520,18990,3470,0,
26230,472,CbxuXq_981s,2407,Florida Georgia Line,756,this is how we roll,little,39939,"A __ something bumping, thump, thumping on the wheel ride",Feature_Has_Phonemes_Ah0_L_Spelled_Le,endings_le_el_al_il,word_endings,18990,22760,3770,0,
26231,472,CbxuXq_981s,2407,Florida Georgia Line,756,this is how we roll,little,39940,The mix in our drink's a __ stronger than you think,Feature_Has_Phonemes_Ah0_L_Spelled_Le,endings_le_el_al_il,word_endings,22760,26660,3900,0,
26232,494,iS1g8G_njx8,2409,ariana grande,759,problem,little,40155,I get a __ bit breathless,Feature_Has_Phonemes_Ah0_L_Spelled_Le,endings_le_el_al_il,word_endings,75110,76990,1880,0,
26233,500,hiP14ED28CA,2414,Jason Derulo,765,wiggle,little,40496,Just a __ bit,Feature_Has_Phonemes_Ah0_L_Spelled_Le,endings_le_el_al_il,word_endings,35130,38710,3580,1,
26234,500,hiP14ED28CA,2414,Jason Derulo,765,wiggle,little,40513,Just a __ bit,Feature_Has_Phonemes_Ah0_L_Spelled_Le,endings_le_el_al_il,word_endings,73820,77170,3350,1,
26235,500,hiP14ED28CA,2414,Jason Derulo,765,wiggle,little,40530,Just a __ bit,Feature_Has_Phonemes_Ah0_L_Spelled_Le,endings_le_el_al_il,word_endings,111950,116380,4430,1,
26236,500,hiP14ED28CA,2414,Jason Derulo,765,wiggle,bubble,40534,"I just wanna strip you, dip you, flip you, __ bath you",Feature_Has_Phonemes_Ah0_L_Spelled_Le,endings_le_el_al_il,word_endings,119670,122590,2920,1,
26237,500,hiP14ED28CA,2414,Jason Derulo,765,wiggle,sample,40538,"Completely __ rated, til my deeply penetrated",Feature_Has_Phonemes_Ah0_L_Spelled_Le,endings_le_el_al_il,word_endings,128430,130790,2360,1,
26238,500,hiP14ED28CA,2414,Jason Derulo,765,wiggle,double,40542,"You wiggle, wiggle for the D, O, __ G, a king",Feature_Has_Phonemes_Ah0_L_Spelled_Le,endings_le_el_al_il,word_endings,137270,140180,2910,1,
26239,500,hiP14ED28CA,2414,Jason Derulo,765,wiggle,little,40556,Just a __ bit,Feature_Has_Phonemes_Ah0_L_Spelled_Le,endings_le_el_al_il,word_endings,174000,176260,2260,1,
26240,505,xOYJXMfoBN8,2419,ed sheeran,770,don't,trouble,40783,I called an old friend thinking that the __ would wait,Feature_Has_Phonemes_Ah0_L_Spelled_Le,endings_le_el_al_il,word_endings,19240,21720,2480,1,
26241,505,xOYJXMfoBN8,2419,ed sheeran,770,don't,bottle,40791,Baby bring the lemon and a __ of gin,Feature_Has_Phonemes_Ah0_L_Spelled_Le,endings_le_el_al_il,word_endings,41500,43740,2240,1,
26242,505,xOYJXMfoBN8,2419,ed sheeran,770,don't,couple,40805,For a __ of weeks I only want to see her,Feature_Has_Phonemes_Ah0_L_Spelled_Le,endings_le_el_al_il,word_endings,70020,74600,4580,1,
26243,506,rT10BHHqYUc,2421,Bruno Mars,772,young girls,simple,40991,I still dream of __ life,Feature_Has_Phonemes_Ah0_L_Spelled_Le,endings_le_el_al_il,word_endings,117590,122100,4510,0,
26244,507,pZ12_E5R3qc,2423,Beyonce,774,partition,treble,41101,"High like __, pumping on them mids",Feature_Has_Phonemes_Ah0_L_Spelled_Le,endings_le_el_al_il,word_endings,70010,72840,2830,1,
26245,509,i-gyZ35074k,2425,Zedd,776,stay the night,sparkle,41226,Don't dull the __ in your eyes,Feature_Has_Phonemes_Ah0_L_Spelled_Le,endings_le_el_al_il,word_endings,18070,22320,4250,1,
26246,509,i-gyZ35074k,2425,Zedd,776,stay the night,sparkle,41246,Don't dull the __ in your eyes,Feature_Has_Phonemes_Ah0_L_Spelled_Le,endings_le_el_al_il,word_endings,109900,113900,4000,1,
26247,512,xKkb13IU_DE,2429,Kid Ink,779,show me,couple,41454,Unless you got a __ friends look like you,Feature_Has_Phonemes_Ah0_L_Spelled_Le,endings_le_el_al_il,word_endings,102680,105080,2400,1,
26248,513,ukick72Qafc,2430,Brantley Gilbert,780,bottoms up,little,41507,"Rock this quiet, __ country town",Feature_Has_Phonemes_Ah0_L_Spelled_Le,endings_le_el_al_il,word_endings,36990,39180,2190,0,
26249,513,ukick72Qafc,2430,Brantley Gilbert,780,bottoms up,little,41511,Pretty __ mama lookin at ya like that,Feature_Has_Phonemes_Ah0_L_Spelled_Le,endings_le_el_al_il,word_endings,47710,50560,2850,0,
26250,513,ukick72Qafc,2430,Brantley Gilbert,780,bottoms up,little,41527,"Rock this quiet, __ country town",Feature_Has_Phonemes_Ah0_L_Spelled_Le,endings_le_el_al_il,word_endings,92770,95550,2780,0,
26251,513,ukick72Qafc,2430,Brantley Gilbert,780,bottoms up,little,41531,Pretty __ mama lookin at ya like that,Feature_Has_Phonemes_Ah0_L_Spelled_Le,endings_le_el_al_il,word_endings,103960,106990,3030,0,
26252,513,ukick72Qafc,2430,Brantley Gilbert,780,bottoms up,little,41549,"Rock this quiet, __ country town",Feature_Has_Phonemes_Ah0_L_Spelled_Le,endings_le_el_al_il,word_endings,160540,163110,2570,0,
26253,513,ukick72Qafc,2430,Brantley Gilbert,780,bottoms up,little,41553,Pretty __ mama lookin at ya like that,Feature_Has_Phonemes_Ah0_L_Spelled_Le,endings_le_el_al_il,word_endings,172140,174820,2680,0,
26254,513,ukick72Qafc,2430,Brantley Gilbert,780,bottoms up,little,41558,"Rock this quiet, __ country town",Feature_Has_Phonemes_Ah0_L_Spelled_Le,endings_le_el_al_il,word_endings,183330,185890,2560,0,
26255,513,ukick72Qafc,2430,Brantley Gilbert,780,bottoms up,little,41562,Pretty __ mama lookin at ya like that,Feature_Has_Phonemes_Ah0_L_Spelled_Le,endings_le_el_al_il,word_endings,194500,197520,3020,0,
26256,520,MMAppa1cAVo,2437,Austin Mahone,789,mmm yeah,little,41983,"Look I'm a big big deal, a __ fun's all I need",Feature_Has_Phonemes_Ah0_L_Spelled_Le,endings_le_el_al_il,word_endings,126220,129650,3430,0,
26257,520,MMAppa1cAVo,2437,Austin Mahone,789,mmm yeah,middle,42016,Meet me in the __ of the ocean,Feature_Has_Phonemes_Ah0_L_Spelled_Le,endings_le_el_al_il,word_endings,187500,189030,1530,0,
26258,522,LiaYDPRedWQ,2439,Avril Lavigne,791,hello kitty,bottle,42142,It's time for spin the __,Feature_Has_Phonemes_Ah0_L_Spelled_Le,endings_le_el_al_il,word_endings,20950,24280,3330,0,
26259,523,XgFiWGIVP6s,2440,Sevyn Streeter,792,it won't stop,little,42228,Every __ thing you do got me feeling some type of way (way),Feature_Has_Phonemes_Ah0_L_Spelled_Le,endings_le_el_al_il,word_endings,46180,52530,6350,1,
26260,523,XgFiWGIVP6s,2440,Sevyn Streeter,792,it won't stop,single,42236,With every __ part of me,Feature_Has_Phonemes_Ah0_L_Spelled_Le,endings_le_el_al_il,word_endings,79570,82900,3330,1,
26261,523,XgFiWGIVP6s,2440,Sevyn Streeter,792,it won't stop,little,42255,Every __ thing you do got me feeling some type of way (way),Feature_Has_Phonemes_Ah0_L_Spelled_Le,endings_le_el_al_il,word_endings,127820,132970,5150,1,
26262,523,XgFiWGIVP6s,2440,Sevyn Streeter,792,it won't stop,single,42263,With every __ part of me,Feature_Has_Phonemes_Ah0_L_Spelled_Le,endings_le_el_al_il,word_endings,159350,162700,3350,1,
26263,523,XgFiWGIVP6s,2440,Sevyn Streeter,792,it won't stop,single,42289,With every __ part of me,Feature_Has_Phonemes_Ah0_L_Spelled_Le,endings_le_el_al_il,word_endings,223120,226820,3700,1,
26264,526,bcWWArLFgys,2442,one direction,795,midnight memories,People,42417,__ talk shh but we don't listen,Feature_Has_Phonemes_Ah0_L_Spelled_Le,endings_le_el_al_il,word_endings,21250,24630,3380,0,
26265,526,bcWWArLFgys,2442,one direction,795,midnight memories,people,42420,Way too many __ in the Addison Lee,Feature_Has_Phonemes_Ah0_L_Spelled_Le,endings_le_el_al_il,word_endings,27560,30330,2770,0,
26266,526,bcWWArLFgys,2442,one direction,795,midnight memories,people,42437,Way too many __ in the Addison Lee,Feature_Has_Phonemes_Ah0_L_Spelled_Le,endings_le_el_al_il,word_endings,85490,88750,3260,0,
26267,527,EHkozMIXZ8w,2443,eminem featuring rihanna,796,the monster,struggle,42528,Who are going through a __ feels and then relates that's great,Feature_Has_Phonemes_Ah0_L_Spelled_Le,endings_le_el_al_il,word_endings,176760,179670,2910,1,
26268,532,yyDUC1LUXSU,2450,Robin Thicke,802,blurred lines,unbearable,42995,"I mean, it's almost __",Feature_Has_Phonemes_Ah0_L_Spelled_Le,endings_le_el_al_il,word_endings,159730,161750,2020,1,
26269,533,BiOmXeKyrxo,2451,Maejor Ali,803,lolly,table,43058,Why you on the __? Cause you know I'm watching,Feature_Has_Phonemes_Ah0_L_Spelled_Le,endings_le_el_al_il,word_endings,17140,20140,3000,1,
26270,533,BiOmXeKyrxo,2451,Maejor Ali,803,lolly,bottle,43067,I'mma tell the waitress that my baby need a __,Feature_Has_Phonemes_Ah0_L_Spelled_Le,endings_le_el_al_il,word_endings,41880,45110,3230,1,
26271,533,BiOmXeKyrxo,2451,Maejor Ali,803,lolly,bottle,43100,I'mma tell the waitress that my baby need a __,Feature_Has_Phonemes_Ah0_L_Spelled_Le,endings_le_el_al_il,word_endings,117600,120940,3340,1,
26272,533,BiOmXeKyrxo,2451,Maejor Ali,803,lolly,purple,43134,"Kevin Hart, I got __ on the plane (we smoking)",Feature_Has_Phonemes_Ah0_L_Spelled_Le,endings_le_el_al_il,word_endings,183880,187480,3600,1,
26273,538,_kqQDCxRCzM,2442,one direction,808,you & i,middle,43446,Meet in the __,Feature_Has_Phonemes_Ah0_L_Spelled_Le,endings_le_el_al_il,word_endings,105160,108840,3680,0,
26274,539,YXnjy5YlDwk,2453,Marc Anthony,809,vivir mi vida,simple,43540,La bЛ™squeda puede ser complicada pero en realidad deberГЊa ser __,Feature_Has_Phonemes_Ah0_L_Spelled_Le,endings_le_el_al_il,word_endings,10320,15880,5560,0,
26275,544,-2U0Ivkn2Ds,2455,Christina Aguilera,814,say something,stumble,43754,And I will __ and fall,Feature_Has_Phonemes_Ah0_L_Spelled_Le,endings_le_el_al_il,word_endings,76270,85760,9490,0,
26276,548,40nFOYGVJtY,2459,Clean Bandit,818,extraordinary,People,43952,__ making choices they can't fake,Feature_Has_Phonemes_Ah0_L_Spelled_Le,endings_le_el_al_il,word_endings,59840,67430,7590,0,
26277,549,BAkqJT_sMKQ,2460,Magic system,819,magic in the air,ensemble,44039,Tous __ on fait le show,Feature_Has_Phonemes_Ah0_L_Spelled_Le,endings_le_el_al_il,word_endings,57940,60360,2420,0,
26278,551,yVdnvQsKyUs,2462,hunter hayes,821,everybody's got somebody but me,couple,44185,I wish the __ on the corner would just get a room,Feature_Has_Phonemes_Ah0_L_Spelled_Le,endings_le_el_al_il,word_endings,22090,25570,3480,0,
26279,551,yVdnvQsKyUs,2462,hunter hayes,821,everybody's got somebody but me,People,44201,__ slow dancing everywhere I go,Feature_Has_Phonemes_Ah0_L_Spelled_Le,endings_le_el_al_il,word_endings,65150,67960,2810,0,
26280,551,yVdnvQsKyUs,2462,hunter hayes,821,everybody's got somebody but me,table,44214,Sitting here lonely at a __ for two,Feature_Has_Phonemes_Ah0_L_Spelled_Le,endings_le_el_al_il,word_endings,101510,104410,2900,0,
26281,552,DYj40-cZ5vI,2463,American Authors,822,believer,little,44244,I'm a __ bit sheltered,Feature_Has_Phonemes_Ah0_L_Spelled_Le,endings_le_el_al_il,word_endings,19840,21740,1900,0,
26282,552,DYj40-cZ5vI,2463,American Authors,822,believer,little,44245,I'm a __ bit scared,Feature_Has_Phonemes_Ah0_L_Spelled_Le,endings_le_el_al_il,word_endings,21740,23770,2030,0,
26283,552,DYj40-cZ5vI,2463,American Authors,822,believer,little,44246,I'm a __ bit nervous,Feature_Has_Phonemes_Ah0_L_Spelled_Le,endings_le_el_al_il,word_endings,23770,25710,1940,0,
26284,552,DYj40-cZ5vI,2463,American Authors,822,believer,little,44249,I'm a __ bit jealous,Feature_Has_Phonemes_Ah0_L_Spelled_Le,endings_le_el_al_il,word_endings,28010,29880,1870,0,
26285,552,DYj40-cZ5vI,2463,American Authors,822,believer,little,44250,I'm a __ bit slow,Feature_Has_Phonemes_Ah0_L_Spelled_Le,endings_le_el_al_il,word_endings,29880,31930,2050,0,
26286,552,DYj40-cZ5vI,2463,American Authors,822,believer,little,44251,I'm a __ bit hurtful,Feature_Has_Phonemes_Ah0_L_Spelled_Le,endings_le_el_al_il,word_endings,31930,33650,1720,0,
26287,552,DYj40-cZ5vI,2463,American Authors,822,believer,little,44256,I'm a __ bit angry,Feature_Has_Phonemes_Ah0_L_Spelled_Le,endings_le_el_al_il,word_endings,44030,45920,1890,0,
26288,552,DYj40-cZ5vI,2463,American Authors,822,believer,little,44258,But I get a __ lonely,Feature_Has_Phonemes_Ah0_L_Spelled_Le,endings_le_el_al_il,word_endings,47960,49500,1540,0,
26289,554,_6Zp84XH6Eo,2465,beck,824,heart is a drum,trouble,44351,You tried to run from __ when it comes,Feature_Has_Phonemes_Ah0_L_Spelled_Le,endings_le_el_al_il,word_endings,47940,53710,5770,0,
26290,557,0go2nfVXFgA,2467,the vamps,827,somebody to you,settle,44518,I didn't wanna __ down,Feature_Has_Phonemes_Ah0_L_Spelled_Le,endings_le_el_al_il,word_endings,74040,76870,2830,0,
26291,559,UqSww10eeKw,2467,the vamps,829,can we dance,little,44627,I'm known to go a __ too fast,Feature_Has_Phonemes_Ah0_L_Spelled_Le,endings_le_el_al_il,word_endings,3860,7180,3320,1,
26292,559,UqSww10eeKw,2467,the vamps,829,can we dance,little,44647,I'm known to go a __ too fast,Feature_Has_Phonemes_Ah0_L_Spelled_Le,endings_le_el_al_il,word_endings,62930,66450,3520,1,
26293,559,UqSww10eeKw,2467,the vamps,829,can we dance,little,44667,I'm known to go a __ too fast,Feature_Has_Phonemes_Ah0_L_Spelled_Le,endings_le_el_al_il,word_endings,121940,125380,3440,1,
26294,559,UqSww10eeKw,2467,the vamps,829,can we dance,little,44681,I'm known to go a __ too fast (a little too fast),Feature_Has_Phonemes_Ah0_L_Spelled_Le,endings_le_el_al_il,word_endings,162630,165750,3120,1,
26295,559,UqSww10eeKw,2467,the vamps,829,can we dance,little,44681,I'm known to go a little too fast (a __ too fast),Feature_Has_Phonemes_Ah0_L_Spelled_Le,endings_le_el_al_il,word_endings,162630,165750,3120,1,
26296,608,e-ORhEE9VVg,2448,Taylor Swift,2046,blank space,incredible,106891,I could show you __ things,Feature_Has_Phonemes_Ah0_L_Spelled_Le,endings_le_el_al_il,word_endings,10730,13180,2450,0,
26297,608,e-ORhEE9VVg,2448,Taylor Swift,2046,blank space,incredible,106925,I could show you __ things,Feature_Has_Phonemes_Ah0_L_Spelled_Le,endings_le_el_al_il,word_endings,95710,97960,2250,0,
26298,613,UpsKGvPjAgw,2442,one direction,2052,steal my girl,Couple,107269,__ billion in the whole wide world,Feature_Has_Phonemes_Ah0_L_Spelled_Le,endings_le_el_al_il,word_endings,149900,152880,2980,0,
26299,613,UpsKGvPjAgw,2442,one direction,2052,steal my girl,Couple,107274,__ billion in the whole wide world,Feature_Has_Phonemes_Ah0_L_Spelled_Le,endings_le_el_al_il,word_endings,162170,165140,2970,0,
26300,613,UpsKGvPjAgw,2442,one direction,2052,steal my girl,Couple,107298,__ billion in the whole wide world,Feature_Has_Phonemes_Ah0_L_Spelled_Le,endings_le_el_al_il,word_endings,218180,221120,2940,0,
26301,613,UpsKGvPjAgw,2442,one direction,2052,steal my girl,Couple,107303,__ billion in the whole wide world,Feature_Has_Phonemes_Ah0_L_Spelled_Le,endings_le_el_al_il,word_endings,230640,233410,2770,0,
26302,613,UpsKGvPjAgw,2442,one direction,2052,steal my girl,Couple,107318,__ billion in the whole wide world,Feature_Has_Phonemes_Ah0_L_Spelled_Le,endings_le_el_al_il,word_endings,267890,270660,2770,0,
26303,613,UpsKGvPjAgw,2442,one direction,2052,steal my girl,Couple,107323,__ billion in the whole wide world,Feature_Has_Phonemes_Ah0_L_Spelled_Le,endings_le_el_al_il,word_endings,280280,283250,2970,0,
26304,613,UpsKGvPjAgw,2442,one direction,2052,steal my girl,Apple,107448,__!',Feature_Has_Phonemes_Ah0_L_Spelled_Le,endings_le_el_al_il,word_endings,43160,47520,4360,0,
26305,615,nvfejaHz-o0,2442,one direction,2055,gotta be you,resemble,107354,"When you speak to me I don't __, who I was",Feature_Has_Phonemes_Ah0_L_Spelled_Le,endings_le_el_al_il,word_endings,87180,92260,5080,0,
26306,618,Zlot0i3Zykw,2448,Taylor Swift,2056,red,impossible,107490,But moving on from him is __,Feature_Has_Phonemes_Ah0_L_Spelled_Le,endings_le_el_al_il,word_endings,145420,148550,3130,0,
26307,631,25QyCxVkXwQ,2624,Elton John,2066,can you feel the love tonight,Impossible,108139,The truth about my past? __!,Feature_Has_Phonemes_Ah0_L_Spelled_Le,endings_le_el_al_il,word_endings,64019,70400,6381,0,
