31200;48;g1j1qwQQ8-Q;19;James Blunt;49;Bonfire Heart;People;3007;__ like us we don't;Feature_Has_Phonemes_Ah0_L_Spelled_Le;endings_le_el_al_il;word_endings;52780;56750;3970;0;0
31201;48;g1j1qwQQ8-Q;19;James Blunt;49;Bonfire Heart;People;3022;__ like us we don't;Feature_Has_Phonemes_Ah0_L_Spelled_Le;endings_le_el_al_il;word_endings;117920;122170;4250;0;0
31202;48;g1j1qwQQ8-Q;19;James Blunt;49;Bonfire Heart;People;3030;__ like us, we don't;Feature_Has_Phonemes_Ah0_L_Spelled_Le;endings_le_el_al_il;word_endings;152460;156590;4130;0;0
31203;48;g1j1qwQQ8-Q;19;James Blunt;49;Bonfire Heart;People;3038;__ like us we don't;Feature_Has_Phonemes_Ah0_L_Spelled_Le;endings_le_el_al_il;word_endings;184930;188780;3850;0;0
31204;48;g1j1qwQQ8-Q;19;James Blunt;49;Bonfire Heart;People;3043;__ like us we don't;Feature_Has_Phonemes_Ah0_L_Spelled_Le;endings_le_el_al_il;word_endings;201990;205490;3500;0;0
31554;494;iS1g8G_njx8;2409;Ariana Grande;759;Problem;little;40155;I get a __ bit breathless;Feature_Has_Phonemes_Ah0_L_Spelled_Le;endings_le_el_al_il;word_endings;75110;76990;1880;0;0
31562;505;xOYJXMfoBN8;2419;Ed Sheeran;770;Don'T;trouble;40783;I called an old friend thinking that the __ would wait;Feature_Has_Phonemes_Ah0_L_Spelled_Le;endings_le_el_al_il;word_endings;19240;21720;2480;0;0
31563;505;xOYJXMfoBN8;2419;Ed Sheeran;770;Don'T;bottle;40791;Baby bring the lemon and a __ of gin;Feature_Has_Phonemes_Ah0_L_Spelled_Le;endings_le_el_al_il;word_endings;41500;43740;2240;0;0
31564;505;xOYJXMfoBN8;2419;Ed Sheeran;770;Don'T;couple;40805;For a __ of weeks I only want to see her;Feature_Has_Phonemes_Ah0_L_Spelled_Le;endings_le_el_al_il;word_endings;70020;74600;4580;0;0
31595;538;_kqQDCxRCzM;2442;One Direction;808;You And I;middle;43446;Meet in the __;Feature_Has_Phonemes_Ah0_L_Spelled_Le;endings_le_el_al_il;word_endings;105160;108840;3680;0;0
31597;544;-2U0Ivkn2Ds;2455;Christina Aguilera;814;Say Something;stumble;43754;And I will __ and fall;Feature_Has_Phonemes_Ah0_L_Spelled_Le;endings_le_el_al_il;word_endings;76270;85760;9490;0;0
31598;548;40nFOYGVJtY;2459;Clean Bandit;818;Extraordinary;People;43952;__ making choices they can't fake;Feature_Has_Phonemes_Ah0_L_Spelled_Le;endings_le_el_al_il;word_endings;59840;67430;7590;0;0
31600;551;yVdnvQsKyUs;2462;Hunter Hayes;821;Everybody'S Got Somebody But Me;couple;44185;I wish the __ on the corner would just get a room;Feature_Has_Phonemes_Ah0_L_Spelled_Le;endings_le_el_al_il;word_endings;22090;25570;3480;0;0
31601;551;yVdnvQsKyUs;2462;Hunter Hayes;821;Everybody'S Got Somebody But Me;People;44201;__ slow dancing everywhere I go;Feature_Has_Phonemes_Ah0_L_Spelled_Le;endings_le_el_al_il;word_endings;65150;67960;2810;0;0
31602;551;yVdnvQsKyUs;2462;Hunter Hayes;821;Everybody'S Got Somebody But Me;table;44214;Sitting here lonely at a __ for two;Feature_Has_Phonemes_Ah0_L_Spelled_Le;endings_le_el_al_il;word_endings;101510;104410;2900;0;0
31603;552;DYj40-cZ5vI;2463;American Authors;822;Believer;little;44244;I'm a __ bit sheltered;Feature_Has_Phonemes_Ah0_L_Spelled_Le;endings_le_el_al_il;word_endings;19840;21740;1900;0;0
31604;552;DYj40-cZ5vI;2463;American Authors;822;Believer;little;44245;I'm a __ bit scared;Feature_Has_Phonemes_Ah0_L_Spelled_Le;endings_le_el_al_il;word_endings;21740;23770;2030;0;0
31605;552;DYj40-cZ5vI;2463;American Authors;822;Believer;little;44246;I'm a __ bit nervous;Feature_Has_Phonemes_Ah0_L_Spelled_Le;endings_le_el_al_il;word_endings;23770;25710;1940;0;0
31606;552;DYj40-cZ5vI;2463;American Authors;822;Believer;little;44249;I'm a __ bit jealous;Feature_Has_Phonemes_Ah0_L_Spelled_Le;endings_le_el_al_il;word_endings;28010;29880;1870;0;0
31607;552;DYj40-cZ5vI;2463;American Authors;822;Believer;little;44250;I'm a __ bit slow;Feature_Has_Phonemes_Ah0_L_Spelled_Le;endings_le_el_al_il;word_endings;29880;31930;2050;0;0
31608;552;DYj40-cZ5vI;2463;American Authors;822;Believer;little;44251;I'm a __ bit hurtful;Feature_Has_Phonemes_Ah0_L_Spelled_Le;endings_le_el_al_il;word_endings;31930;33650;1720;0;0
31609;552;DYj40-cZ5vI;2463;American Authors;822;Believer;little;44256;I'm a __ bit angry;Feature_Has_Phonemes_Ah0_L_Spelled_Le;endings_le_el_al_il;word_endings;44030;45920;1890;0;0
31610;552;DYj40-cZ5vI;2463;American Authors;822;Believer;little;44258;But I get a __ lonely;Feature_Has_Phonemes_Ah0_L_Spelled_Le;endings_le_el_al_il;word_endings;47960;49500;1540;0;0
31612;557;0go2nfVXFgA;2467;The Vamps;827;Somebody To You;settle;44518;I didn't wanna __ down;Feature_Has_Phonemes_Ah0_L_Spelled_Le;endings_le_el_al_il;word_endings;74040;76870;2830;0;0
31618;563;xGPeNN9S0Fg;2442;One Direction;831;Little Things;little;44749;I won't let these __ things slip out of my mouth;Feature_Has_Phonemes_Ah0_L_Spelled_Le;endings_le_el_al_il;word_endings;52650;59900;7250;0;0
31619;563;xGPeNN9S0Fg;2442;One Direction;831;Little Things;little;44751;I'm in love with you and all these __ things;Feature_Has_Phonemes_Ah0_L_Spelled_Le;endings_le_el_al_il;word_endings;68480;77800;9320;0;0
31620;563;xGPeNN9S0Fg;2442;One Direction;831;Little Things;little;44760;I won't let these __ things slip out of my mouth;Feature_Has_Phonemes_Ah0_L_Spelled_Le;endings_le_el_al_il;word_endings;114110;121070;6960;0;0
31621;563;xGPeNN9S0Fg;2442;One Direction;831;Little Things;little;44762;I'm in love with you and all these __ things;Feature_Has_Phonemes_Ah0_L_Spelled_Le;endings_le_el_al_il;word_endings;130100;136090;5990;0;0
31622;563;xGPeNN9S0Fg;2442;One Direction;831;Little Things;little;44767;Now I've just let these __ things slips out of my mouth;Feature_Has_Phonemes_Ah0_L_Spelled_Le;endings_le_el_al_il;word_endings;170440;177610;7170;0;0
31623;563;xGPeNN9S0Fg;2442;One Direction;831;Little Things;little;44769;And I'm in love with you (all these __ things);Feature_Has_Phonemes_Ah0_L_Spelled_Le;endings_le_el_al_il;word_endings;186390;192380;5990;0;0
31624;563;xGPeNN9S0Fg;2442;One Direction;831;Little Things;little;44770;I won't let these __ things slip out of my mouth;Feature_Has_Phonemes_Ah0_L_Spelled_Le;endings_le_el_al_il;word_endings;192380;199500;7120;0;0
31627;568;SR6iYWJxHqs;2421;Bruno Mars;852;Grenade;trouble;45852;Should have known you was __ from the first kiss;Feature_Has_Phonemes_Ah0_L_Spelled_Le;endings_le_el_al_il;word_endings;12510;16620;4110;0;0
31628;571;VuNIsY6JdUw;2448;Taylor Swift;872;You Belong With Me;middle;47125;I remember you driving to my house in the __ of the night;Feature_Has_Phonemes_Ah0_L_Spelled_Le;endings_le_el_al_il;word_endings;157030;162510;5480;0;0
31661;572;8xg3vE8Ie_E;2448;Taylor Swift;874;Love Story;Little;47217;__ did I know;Feature_Has_Phonemes_Ah0_L_Spelled_Le;endings_le_el_al_il;word_endings;43580;48320;4740;0;0
31662;572;8xg3vE8Ie_E;2448;Taylor Swift;874;Love Story;little;47229;So close your eyes, escape this town for a __ while;Feature_Has_Phonemes_Ah0_L_Spelled_Le;endings_le_el_al_il;word_endings;92160;100140;7980;0;0
31703;582;74aOxH4R5Ow;2424;Demi Lovato;912;Warrior;battle;49367;I wear like a __ wound;Feature_Has_Phonemes_Ah0_L_Spelled_Le;endings_le_el_al_il;word_endings;48510;51780;3270;0;0
31704;582;74aOxH4R5Ow;2424;Demi Lovato;912;Warrior;battle;49384;I wear like a __ wound;Feature_Has_Phonemes_Ah0_L_Spelled_Le;endings_le_el_al_il;word_endings;118970;122120;3150;0;0
31705;582;74aOxH4R5Ow;2424;Demi Lovato;912;Warrior;little;49395;A __ girl grew up too fast;Feature_Has_Phonemes_Ah0_L_Spelled_Le;endings_le_el_al_il;word_endings;159650;162810;3160;0;0
31710;585;Zi_XLOBDo_Y;2486;Michael Jackson;933;Billie Jean;People;50596;__ always told me be careful of what you do;Feature_Has_Phonemes_Ah0_L_Spelled_Le;endings_le_el_al_il;word_endings;69430;73270;3840;0;0
31711;585;Zi_XLOBDo_Y;2486;Michael Jackson;933;Billie Jean;People;50614;__ always told me be careful of what you do;Feature_Has_Phonemes_Ah0_L_Spelled_Le;endings_le_el_al_il;word_endings;151190;155450;4260;0;0
31712;586;PivWY9wn5ps;2486;Michael Jackson;934;Man In The Mirror;bottle;50654;A summer's disregard, a broken __ top;Feature_Has_Phonemes_Ah0_L_Spelled_Le;endings_le_el_al_il;word_endings;47680;52500;4820;0;0
31722;592;0CGVgAYJyjk;2489;Mika;949;Grace Kelly;little;51642;I guess I'm a __ bit shy;Feature_Has_Phonemes_Ah0_L_Spelled_Le;endings_le_el_al_il;word_endings;19130;20890;1760;0;0
31723;592;0CGVgAYJyjk;2489;Mika;949;Grace Kelly;little;51647;So I try a __ Freddie;Feature_Has_Phonemes_Ah0_L_Spelled_Le;endings_le_el_al_il;word_endings;32740;36650;3910;0;0
31724;592;0CGVgAYJyjk;2489;Mika;949;Grace Kelly;purple;51653;I could be __;Feature_Has_Phonemes_Ah0_L_Spelled_Le;endings_le_el_al_il;word_endings;45610;46620;1010;0;0
31725;592;0CGVgAYJyjk;2489;Mika;949;Grace Kelly;little;51674;So I try a __ Freddie;Feature_Has_Phonemes_Ah0_L_Spelled_Le;endings_le_el_al_il;word_endings;83900;87530;3630;0;0
31726;592;0CGVgAYJyjk;2489;Mika;949;Grace Kelly;purple;51680;I could be __;Feature_Has_Phonemes_Ah0_L_Spelled_Le;endings_le_el_al_il;word_endings;96700;97690;990;0;0
31727;592;0CGVgAYJyjk;2489;Mika;949;Grace Kelly;purple;51694;I could be __;Feature_Has_Phonemes_Ah0_L_Spelled_Le;endings_le_el_al_il;word_endings;136020;136970;950;0;0
31728;592;0CGVgAYJyjk;2489;Mika;949;Grace Kelly;purple;51706;I could be __;Feature_Has_Phonemes_Ah0_L_Spelled_Le;endings_le_el_al_il;word_endings;151970;152720;750;0;0
31729;643;r5yaoMjaAmE;2502;Christina Perri;980;Human;little;53576;Just a __ human;Feature_Has_Phonemes_Ah0_L_Spelled_Le;endings_le_el_al_il;word_endings;190330;204550;14220;0;0
31730;595;MEb2CecR11I;2506;Backstreet Boys;989;Larger Than Life;people;54020;All you __ can't you see, can't you see;Feature_Has_Phonemes_Ah0_L_Spelled_Le;endings_le_el_al_il;word_endings;101780;105890;4110;0;0
31731;595;MEb2CecR11I;2506;Backstreet Boys;989;Larger Than Life;people;54029;All you __ can't you see, can't you see;Feature_Has_Phonemes_Ah0_L_Spelled_Le;endings_le_el_al_il;word_endings;150450;154830;4380;0;0
31732;595;MEb2CecR11I;2506;Backstreet Boys;989;Larger Than Life;people;54035;All you __ can't you see, can't you see;Feature_Has_Phonemes_Ah0_L_Spelled_Le;endings_le_el_al_il;word_endings;234780;239580;4800;0;0
31733;595;MEb2CecR11I;2506;Backstreet Boys;989;Larger Than Life;people;54043;All you __ can't you see, can't you see;Feature_Has_Phonemes_Ah0_L_Spelled_Le;endings_le_el_al_il;word_endings;271550;275100;3550;0;0
31742;601;mqFLXayD6e8;2512;Shania Twain;1004;That Don'T Impress Me Much;middle;54952;But that won't keep me warm in the __ of the night;Feature_Has_Phonemes_Ah0_L_Spelled_Le;endings_le_el_al_il;word_endings;55300;61680;6380;0;0
31743;601;mqFLXayD6e8;2512;Shania Twain;1004;That Don'T Impress Me Much;middle;54964;But that won't keep me warm in the __ of the night;Feature_Has_Phonemes_Ah0_L_Spelled_Le;endings_le_el_al_il;word_endings;109010;115120;6110;0;0
31744;601;mqFLXayD6e8;2512;Shania Twain;1004;That Don'T Impress Me Much;middle;54976;But that won't keep me warm in the __ of the night;Feature_Has_Phonemes_Ah0_L_Spelled_Le;endings_le_el_al_il;word_endings;170930;174330;3400;0;0
31745;605;6tpl9LtkRRw;2516;Ne-Yo;1016;One In A Million;little;55765;Done a __ bit of everything;Feature_Has_Phonemes_Ah0_L_Spelled_Le;endings_le_el_al_il;word_endings;47870;50290;2420;0;0
31746;605;6tpl9LtkRRw;2516;Ne-Yo;1016;One In A Million;Little;55766;__ bit of everywhere;Feature_Has_Phonemes_Ah0_L_Spelled_Le;endings_le_el_al_il;word_endings;50290;52130;1840;0;0
31747;605;6tpl9LtkRRw;2516;Ne-Yo;1016;One In A Million;little;55767;With a __ bit of everyone;Feature_Has_Phonemes_Ah0_L_Spelled_Le;endings_le_el_al_il;word_endings;52130;53990;1860;0;0
31755;620;nfWlot6h_JM;2973;Christina Aguilera;1901;Shake It Off;people;99899;That's what __ say, that's what people say;Feature_Has_Phonemes_Ah0_L_Spelled_Le;endings_le_el_al_il;word_endings;10690;16410;5720;0;0
31756;620;nfWlot6h_JM;2973;Christina Aguilera;1901;Shake It Off;people;99899;That's what people say, that's what __ say;Feature_Has_Phonemes_Ah0_L_Spelled_Le;endings_le_el_al_il;word_endings;10690;16410;5720;0;0
31757;620;nfWlot6h_JM;2973;Christina Aguilera;1901;Shake It Off;people;99901;At least that's what __ say, that's what people say;Feature_Has_Phonemes_Ah0_L_Spelled_Le;endings_le_el_al_il;word_endings;22270;28380;6110;0;0
31758;620;nfWlot6h_JM;2973;Christina Aguilera;1901;Shake It Off;people;99901;At least that's what people say, that's what __ say;Feature_Has_Phonemes_Ah0_L_Spelled_Le;endings_le_el_al_il;word_endings;22270;28380;6110;0;0
31759;619;w1oM3kQpXRo;2973;Christina Aguilera;1916;Everything Has Changed;simple;100770;All I know is a __ name, everything has changed;Feature_Has_Phonemes_Ah0_L_Spelled_Le;endings_le_el_al_il;word_endings;59370;65680;6310;0;0
31760;619;w1oM3kQpXRo;2973;Christina Aguilera;1916;Everything Has Changed;simple;100784;All I know is a __ name, everything has changed;Feature_Has_Phonemes_Ah0_L_Spelled_Le;endings_le_el_al_il;word_endings;137530;143630;6100;0;0
31761;619;w1oM3kQpXRo;2973;Christina Aguilera;1916;Everything Has Changed;simple;100796;All I know is a __ name, everything has changed;Feature_Has_Phonemes_Ah0_L_Spelled_Le;endings_le_el_al_il;word_endings;198010;203550;5540;0;0
31762;617;AgFeZr5ptV8;2973;Christina Aguilera;1917;22;miserable;100813;It's __ and magical;Feature_Has_Phonemes_Ah0_L_Spelled_Le;endings_le_el_al_il;word_endings;29410;33690;4280;0;0
31763;617;AgFeZr5ptV8;2973;Christina Aguilera;1917;22;miserable;100826;It's __ and magical;Feature_Has_Phonemes_Ah0_L_Spelled_Le;endings_le_el_al_il;word_endings;93520;98170;4650;0;0
31764;641;DCCJCILiX3o;2973;Christina Aguilera;1938;Amnesia;single;102003;Like every __ wish we ever made;Feature_Has_Phonemes_Ah0_L_Spelled_Le;endings_le_el_al_il;word_endings;72850;77720;4870;0;0
31765;641;DCCJCILiX3o;2973;Christina Aguilera;1938;Amnesia;little;102005;And forget about the stupid __ things;Feature_Has_Phonemes_Ah0_L_Spelled_Le;endings_le_el_al_il;word_endings;82240;86970;4730;0;0
31766;641;DCCJCILiX3o;2973;Christina Aguilera;1938;Amnesia;single;102020;Like every __ wish we ever made;Feature_Has_Phonemes_Ah0_L_Spelled_Le;endings_le_el_al_il;word_endings;150580;155330;4750;0;0
31767;641;DCCJCILiX3o;2973;Christina Aguilera;1938;Amnesia;little;102022;And forget about the stupid __ things;Feature_Has_Phonemes_Ah0_L_Spelled_Le;endings_le_el_al_il;word_endings;160030;164640;4610;0;0
31768;641;DCCJCILiX3o;2973;Christina Aguilera;1938;Amnesia;single;102033;Like every __ wish we ever made;Feature_Has_Phonemes_Ah0_L_Spelled_Le;endings_le_el_al_il;word_endings;206990;211800;4810;0;0
31769;641;DCCJCILiX3o;2973;Christina Aguilera;1938;Amnesia;little;102035;And forget about the stupid __ things;Feature_Has_Phonemes_Ah0_L_Spelled_Le;endings_le_el_al_il;word_endings;216420;221110;4690;0;0
31770;633;uVjRe8QXFHY;2973;Christina Aguilera;1976;The Best Of Both Worlds;little;103997;Living two lives is a __ weird;Feature_Has_Phonemes_Ah0_L_Spelled_Le;endings_le_el_al_il;word_endings;78970;82790;3820;0;0
31771;633;uVjRe8QXFHY;2973;Christina Aguilera;1976;The Best Of Both Worlds;double;104015;Would __ as a super star?;Feature_Has_Phonemes_Ah0_L_Spelled_Le;endings_le_el_al_il;word_endings;143030;149380;6350;0;0
31772;608;e-ORhEE9VVg;2448;Taylor Swift;2046;Blank Space;incredible;106891;I could show you __ things;Feature_Has_Phonemes_Ah0_L_Spelled_Le;endings_le_el_al_il;word_endings;10730;13180;2450;0;0
31773;608;e-ORhEE9VVg;2448;Taylor Swift;2046;Blank Space;incredible;106925;I could show you __ things;Feature_Has_Phonemes_Ah0_L_Spelled_Le;endings_le_el_al_il;word_endings;95710;97960;2250;0;0
31774;613;UpsKGvPjAgw;2442;One Direction;2052;Steal My Girl;Couple;107269;__ billion in the whole wide world;Feature_Has_Phonemes_Ah0_L_Spelled_Le;endings_le_el_al_il;word_endings;149900;152880;2980;0;0
31774;613;UpsKGvPjAgw;2442;One Direction;2052;Steal My Girl;Couple;107269;__ billion in the whole wide world;Feature_Has_Phonemes_Ah0_L_Spelled_Le;endings_le_el_al_il;word_endings;149900;152880;2980;0;0
31775;613;UpsKGvPjAgw;2442;One Direction;2052;Steal My Girl;Couple;107274;__ billion in the whole wide world;Feature_Has_Phonemes_Ah0_L_Spelled_Le;endings_le_el_al_il;word_endings;162170;165140;2970;0;0
31775;613;UpsKGvPjAgw;2442;One Direction;2052;Steal My Girl;Couple;107274;__ billion in the whole wide world;Feature_Has_Phonemes_Ah0_L_Spelled_Le;endings_le_el_al_il;word_endings;162170;165140;2970;0;0
31776;613;UpsKGvPjAgw;2442;One Direction;2052;Steal My Girl;Couple;107298;__ billion in the whole wide world;Feature_Has_Phonemes_Ah0_L_Spelled_Le;endings_le_el_al_il;word_endings;218180;221120;2940;0;0
31776;613;UpsKGvPjAgw;2442;One Direction;2052;Steal My Girl;Couple;107298;__ billion in the whole wide world;Feature_Has_Phonemes_Ah0_L_Spelled_Le;endings_le_el_al_il;word_endings;218180;221120;2940;0;0
31777;613;UpsKGvPjAgw;2442;One Direction;2052;Steal My Girl;Couple;107303;__ billion in the whole wide world;Feature_Has_Phonemes_Ah0_L_Spelled_Le;endings_le_el_al_il;word_endings;230640;233410;2770;0;0
31777;613;UpsKGvPjAgw;2442;One Direction;2052;Steal My Girl;Couple;107303;__ billion in the whole wide world;Feature_Has_Phonemes_Ah0_L_Spelled_Le;endings_le_el_al_il;word_endings;230640;233410;2770;0;0
31778;613;UpsKGvPjAgw;2442;One Direction;2052;Steal My Girl;Couple;107318;__ billion in the whole wide world;Feature_Has_Phonemes_Ah0_L_Spelled_Le;endings_le_el_al_il;word_endings;267890;270660;2770;0;0
31778;613;UpsKGvPjAgw;2442;One Direction;2052;Steal My Girl;Couple;107318;__ billion in the whole wide world;Feature_Has_Phonemes_Ah0_L_Spelled_Le;endings_le_el_al_il;word_endings;267890;270660;2770;0;0
31779;613;UpsKGvPjAgw;2442;One Direction;2052;Steal My Girl;Couple;107323;__ billion in the whole wide world;Feature_Has_Phonemes_Ah0_L_Spelled_Le;endings_le_el_al_il;word_endings;280280;283250;2970;0;0
31779;613;UpsKGvPjAgw;2442;One Direction;2052;Steal My Girl;Couple;107323;__ billion in the whole wide world;Feature_Has_Phonemes_Ah0_L_Spelled_Le;endings_le_el_al_il;word_endings;280280;283250;2970;0;0
31780;613;UpsKGvPjAgw;2442;One Direction;2052;Steal My Girl;Apple;107448;'__!';Feature_Has_Phonemes_Ah0_L_Spelled_Le;endings_le_el_al_il;word_endings;43160;47520;4360;0;0
31780;613;UpsKGvPjAgw;2442;One Direction;2052;Steal My Girl;Apple;107448;'__!';Feature_Has_Phonemes_Ah0_L_Spelled_Le;endings_le_el_al_il;word_endings;43160;47520;4360;0;0
31781;615;nvfejaHz-o0;2442;One Direction;2055;Gotta Be You;resemble;107354;When you speak to me I don't __, who I was;Feature_Has_Phonemes_Ah0_L_Spelled_Le;endings_le_el_al_il;word_endings;87180;92260;5080;0;0
31782;618;Zlot0i3Zykw;2448;Taylor Swift;2056;Red;impossible;107490;But moving on from him is __;Feature_Has_Phonemes_Ah0_L_Spelled_Le;endings_le_el_al_il;word_endings;145420;148550;3130;0;0
31785;622;TtCXUFImZYE;2957;Frozen;2058;Love Is An Open Door;invisible;107570;Three of them pretended I was __;Feature_Has_Phonemes_Ah0_L_Spelled_Le;endings_le_el_al_il;word_endings;5220;7720;2500;0;0
31786;622;TtCXUFImZYE;2957;Frozen;2058;Love Is An Open Door;horrible;107572;That's __;Feature_Has_Phonemes_Ah0_L_Spelled_Le;endings_le_el_al_il;word_endings;9880;11140;1260;0;0
31787;622;TtCXUFImZYE;2957;Frozen;2058;Love Is An Open Door;little;107575;Elsa and I we're really close when we were __, but then;Feature_Has_Phonemes_Ah0_L_Spelled_Le;endings_le_el_al_il;word_endings;14400;17990;3590;0;0
31792;626;0bGjlvukgHU;2960;The Lion King;2061;I Just Can'T Wait To Be King;little;107810;From __ hornbills for a start;Feature_Has_Phonemes_Ah0_L_Spelled_Le;endings_le_el_al_il;word_endings;128759;131830;3071;0;0
31793;626;0bGjlvukgHU;2960;The Lion King;2061;I Just Can'T Wait To Be King;little;107873;With quite so __ hair;Feature_Has_Phonemes_Ah0_L_Spelled_Le;endings_le_el_al_il;word_endings;76000;78550;2550;0;0
31794;626;0bGjlvukgHU;2960;The Lion King;2061;I Just Can'T Wait To Be King;Little;107898;'__ seeds of romance blossoming in the savannah';Feature_Has_Phonemes_Ah0_L_Spelled_Le;endings_le_el_al_il;word_endings;17130;20200;3070;0;0
31795;626;0bGjlvukgHU;2960;The Lion King;2061;I Just Can'T Wait To Be King;bubble;107906;'Well, sorry to bust the old __, but you two turtledoves have no choice';Feature_Has_Phonemes_Ah0_L_Spelled_Le;endings_le_el_al_il;word_endings;39640;44580;4940;0;0
31796;629;Axv3bGOawx0;3079;High School Musical 2;2064;All For One;single;108089;It's making every __ day;Feature_Has_Phonemes_Ah0_L_Spelled_Le;endings_le_el_al_il;word_endings;134680;136210;1530;0;0
31797;630;RU8aKj8t7gM;3080;Phil Collins;2065;On My Way;little;108204;'Gee, I didn't know you had a __ brother, he's cute';Feature_Has_Phonemes_Ah0_L_Spelled_Le;endings_le_el_al_il;word_endings;148700;151340;2640;0;0
31798;631;25QyCxVkXwQ;2624;Elton John;2066;Can You Feel The Love Tonight;Impossible;108139;The truth about my past? __!;Feature_Has_Phonemes_Ah0_L_Spelled_Le;endings_le_el_al_il;word_endings;64019;70400;6381;0;0
31799;632;BV77nWMQgJI;3081;Aladdin;2067;A Whole New World;Unbelievable;108251;__ sights;Feature_Has_Phonemes_Ah0_L_Spelled_Le;endings_le_el_al_il;word_endings;80730;84300;3570;0;0
31800;634;vLkp_Dx6VdI;3082;Mary Poppins;2068;A Spoonful Of Sugar;little;108296;Has very __ time to rest;Feature_Has_Phonemes_Ah0_L_Spelled_Le;endings_le_el_al_il;word_endings;47590;50450;2860;0;0
31801;634;vLkp_Dx6VdI;3082;Mary Poppins;2068;A Spoonful Of Sugar;little;108309;Because they take a __ nip;Feature_Has_Phonemes_Ah0_L_Spelled_Le;endings_le_el_al_il;word_endings;162080;164190;2110;0;0
31802;637;pgYEJHJXFB4;3083;Celine Dion;2071;Beauty And The Beast;little;108431;Just a __ change;Feature_Has_Phonemes_Ah0_L_Spelled_Le;endings_le_el_al_il;word_endings;41870;47970;6100;0;0
31803;637;pgYEJHJXFB4;3083;Celine Dion;2071;Beauty And The Beast;little;108433;Both a __ scared;Feature_Has_Phonemes_Ah0_L_Spelled_Le;endings_le_el_al_il;word_endings;51260;54290;3030;0;0
31804;638;78-bUVSiJMA;3084;Phineas And Ferb;2072;Today Is Gonna Be A Great Day;single;108477;And let's make sure that in every __ possible way;Feature_Has_Phonemes_Ah0_L_Spelled_Le;endings_le_el_al_il;word_endings;53550;57840;4290;0;0
31805;638;78-bUVSiJMA;3084;Phineas And Ferb;2072;Today Is Gonna Be A Great Day;possible;108477;And let's make sure that in every single __ way;Feature_Has_Phonemes_Ah0_L_Spelled_Le;endings_le_el_al_il;word_endings;53550;57840;4290;0;0
31806;638;78-bUVSiJMA;3084;Phineas And Ferb;2072;Today Is Gonna Be A Great Day;single;108489;And let's make sure that in every __ possible way;Feature_Has_Phonemes_Ah0_L_Spelled_Le;endings_le_el_al_il;word_endings;101970;106300;4330;0;0
31807;638;78-bUVSiJMA;3084;Phineas And Ferb;2072;Today Is Gonna Be A Great Day;possible;108489;And let's make sure that in every single __ way;Feature_Has_Phonemes_Ah0_L_Spelled_Le;endings_le_el_al_il;word_endings;101970;106300;4330;0;0
31808;638;78-bUVSiJMA;3084;Phineas And Ferb;2072;Today Is Gonna Be A Great Day;purple;108493;We got our mission and suppliers, __ gumballs and desires;Feature_Has_Phonemes_Ah0_L_Spelled_Le;endings_le_el_al_il;word_endings;126830;130610;3780;0;0
31809;638;78-bUVSiJMA;3084;Phineas And Ferb;2072;Today Is Gonna Be A Great Day;single;108501;And let's make sure that in every __ possible way ;Feature_Has_Phonemes_Ah0_L_Spelled_Le;endings_le_el_al_il;word_endings;159240;165220;5980;0;0
31810;638;78-bUVSiJMA;3084;Phineas And Ferb;2072;Today Is Gonna Be A Great Day;possible;108501;And let's make sure that in every single __ way ;Feature_Has_Phonemes_Ah0_L_Spelled_Le;endings_le_el_al_il;word_endings;159240;165220;5980;0;0
31811;644;lp-EO5I60KA;2419;Ed Sheeran;2074;Thinking Out Loud;people;108579;And I'm thinking 'bout how __ fall in love in mysterious ways;Feature_Has_Phonemes_Ah0_L_Spelled_Le;endings_le_el_al_il;word_endings;53270;62010;8740;0;0
31812;644;lp-EO5I60KA;2419;Ed Sheeran;2074;Thinking Out Loud;single;108581;Me I fall in love with you every __ day;Feature_Has_Phonemes_Ah0_L_Spelled_Le;endings_le_el_al_il;word_endings;67940;73940;6000;0;0
31813;644;lp-EO5I60KA;2419;Ed Sheeran;2074;Thinking Out Loud;people;108595;I'm thinking 'bout how __ fall in love in mysterious ways;Feature_Has_Phonemes_Ah0_L_Spelled_Le;endings_le_el_al_il;word_endings;156710;165100;8390;0;0
31814;646;7PCkvCPvDXk;2928;Meghan Trainor;2076;All About That Bass;treble;108680;I'm all about that bass, 'bout that bass, no __;Feature_Has_Phonemes_Ah0_L_Spelled_Le;endings_le_el_al_il;word_endings;1930;5190;3260;0;0
31815;646;7PCkvCPvDXk;2928;Meghan Trainor;2076;All About That Bass;treble;108681;I'm all 'bout that bass, 'bout that bass, no __;Feature_Has_Phonemes_Ah0_L_Spelled_Le;endings_le_el_al_il;word_endings;5190;8760;3570;0;0
31816;646;7PCkvCPvDXk;2928;Meghan Trainor;2076;All About That Bass;treble;108682;I'm all 'bout that bass, 'bout that bass, no __;Feature_Has_Phonemes_Ah0_L_Spelled_Le;endings_le_el_al_il;word_endings;8760;12440;3680;0;0
31817;646;7PCkvCPvDXk;2928;Meghan Trainor;2076;All About That Bass;little;108695;She says, boys like a __ more booty to hold at night;Feature_Has_Phonemes_Ah0_L_Spelled_Le;endings_le_el_al_il;word_endings;51580;58880;7300;0;0
31818;646;7PCkvCPvDXk;2928;Meghan Trainor;2076;All About That Bass;treble;108700;I'm all about that bass, 'bout that bass, no __;Feature_Has_Phonemes_Ah0_L_Spelled_Le;endings_le_el_al_il;word_endings;73530;77000;3470;0;0
31819;646;7PCkvCPvDXk;2928;Meghan Trainor;2076;All About That Bass;treble;108701;I'm all 'bout that bass, 'bout that bass, no __;Feature_Has_Phonemes_Ah0_L_Spelled_Le;endings_le_el_al_il;word_endings;77000;80660;3660;0;0
31820;646;7PCkvCPvDXk;2928;Meghan Trainor;2076;All About That Bass;treble;108702;I'm all 'bout that bass, 'bout that bass, no __;Feature_Has_Phonemes_Ah0_L_Spelled_Le;endings_le_el_al_il;word_endings;80660;84180;3520;0;0
31821;646;7PCkvCPvDXk;2928;Meghan Trainor;2076;All About That Bass;little;108710;She says, boys like a __ more booty to hold at night;Feature_Has_Phonemes_Ah0_L_Spelled_Le;endings_le_el_al_il;word_endings;108640;115920;7280;0;0
31822;646;7PCkvCPvDXk;2928;Meghan Trainor;2076;All About That Bass;treble;108715;I'm all about that bass, 'bout that bass, no __;Feature_Has_Phonemes_Ah0_L_Spelled_Le;endings_le_el_al_il;word_endings;130900;134150;3250;0;0
31823;646;7PCkvCPvDXk;2928;Meghan Trainor;2076;All About That Bass;treble;108716;I'm all 'bout that bass, 'bout that bass, no __;Feature_Has_Phonemes_Ah0_L_Spelled_Le;endings_le_el_al_il;word_endings;134150;137730;3580;0;0
31824;646;7PCkvCPvDXk;2928;Meghan Trainor;2076;All About That Bass;treble;108717;I'm all 'bout that bass, 'bout that bass, no __;Feature_Has_Phonemes_Ah0_L_Spelled_Le;endings_le_el_al_il;word_endings;137730;141490;3760;0;0
31825;646;7PCkvCPvDXk;2928;Meghan Trainor;2076;All About That Bass;treble;108720;I'm all about that bass, 'bout that bass, no __;Feature_Has_Phonemes_Ah0_L_Spelled_Le;endings_le_el_al_il;word_endings;145000;148540;3540;0;0
31826;646;7PCkvCPvDXk;2928;Meghan Trainor;2076;All About That Bass;treble;108721;I'm all 'bout that bass, 'bout that bass, no __;Feature_Has_Phonemes_Ah0_L_Spelled_Le;endings_le_el_al_il;word_endings;148540;152020;3480;0;0
31827;646;7PCkvCPvDXk;2928;Meghan Trainor;2076;All About That Bass;treble;108722;I'm all 'bout that bass, 'bout that bass, no __;Feature_Has_Phonemes_Ah0_L_Spelled_Le;endings_le_el_al_il;word_endings;152020;155690;3670;0;0
31828;646;7PCkvCPvDXk;2928;Meghan Trainor;2076;All About That Bass;treble;108725;I'm all about that bass, 'bout that bass, no __;Feature_Has_Phonemes_Ah0_L_Spelled_Le;endings_le_el_al_il;word_endings;159360;162940;3580;0;0
31829;646;7PCkvCPvDXk;2928;Meghan Trainor;2076;All About That Bass;treble;108726;I'm all 'bout that bass, 'bout that bass, no __;Feature_Has_Phonemes_Ah0_L_Spelled_Le;endings_le_el_al_il;word_endings;162940;166660;3720;0;0
31830;646;7PCkvCPvDXk;2928;Meghan Trainor;2076;All About That Bass;treble;108727;I'm all 'bout that bass, 'bout that bass, no __;Feature_Has_Phonemes_Ah0_L_Spelled_Le;endings_le_el_al_il;word_endings;166660;170300;3640;0;0
31831;648;UXTlczyWJ-Y;3086;Echosmith;2078;Cool Kids;invincible;108774;They're __, and she's just in the background;Feature_Has_Phonemes_Ah0_L_Spelled_Le;endings_le_el_al_il;word_endings;40560;46570;6010;0;0
