29016;2;-RAA-j3f1VU;2442;One Direction;2;Best Song Ever;night;66;And we danced all __ to the best song ever;Feature_Has_String_Ight;string_ight;strings;23130;27760;4630;0;0
29017;2;-RAA-j3f1VU;2442;One Direction;2;Best Song Ever;night;69;Cause we danced all __ to the best song ever;Feature_Has_String_Ight;string_ight;strings;35880;39940;4060;0;0
29018;2;-RAA-j3f1VU;2442;One Direction;2;Best Song Ever;night;83;And we danced all __ to the best song ever;Feature_Has_String_Ight;string_ight;strings;71490;76240;4750;0;0
29019;2;-RAA-j3f1VU;2442;One Direction;2;Best Song Ever;night;86;Because we danced all __ to the best song ever;Feature_Has_String_Ight;string_ight;strings;84370;88370;4000;0;0
29020;2;-RAA-j3f1VU;2442;One Direction;2;Best Song Ever;night;98;How we danced all __ to the best song ever;Feature_Has_String_Ight;string_ight;strings;120850;124760;3910;0;0
29021;2;-RAA-j3f1VU;2442;One Direction;2;Best Song Ever;night;101;Because we danced all __ to the best song ever;Feature_Has_String_Ight;string_ight;strings;132830;137380;4550;0;0
29022;2;-RAA-j3f1VU;2442;One Direction;2;Best Song Ever;night;103;And we danced all __ to the best song ever;Feature_Has_String_Ight;string_ight;strings;137380;141010;3630;0;0
29023;2;-RAA-j3f1VU;2442;One Direction;2;Best Song Ever;night;106;Because we danced all __ to the best song ever;Feature_Has_String_Ight;string_ight;strings;149220;153140;3920;0;0
29195;40;WA4iX5D9Z64;16;Taylor Swift;41;We Are Never Ever Getting Back Together;night;2515;We called it off again last __;Feature_Has_String_Ight;string_ight;strings;33930;39050;5120;0;0
29196;40;WA4iX5D9Z64;16;Taylor Swift;41;We Are Never Ever Getting Back Together;fights;2525;I'm really gonna miss you picking __;Feature_Has_String_Ight;string_ight;strings;70340;72690;2350;0;0
29197;40;WA4iX5D9Z64;16;Taylor Swift;41;We Are Never Ever Getting Back Together;right;2526;And me, falling for it screaming that I'm __;Feature_Has_String_Ight;string_ight;strings;72690;75510;2820;0;0
29198;40;WA4iX5D9Z64;16;Taylor Swift;41;We Are Never Ever Getting Back Together;tonight;2530;You called me up again __;Feature_Has_String_Ight;string_ight;strings;83900;89580;5680;0;0
29199;42;AqajUg85Ax4;17;Avril Lavigne;43;Let Me Go;right;2662;Where it's __, you always know;Feature_Has_String_Ight;string_ight;strings;173200;177550;4350;0;0
29204;48;g1j1qwQQ8-Q;19;James Blunt;49;Bonfire Heart;Nights;3004;__ like this lead to;Feature_Has_String_Ight;string_ight;strings;40470;44990;4520;0;0
29205;48;g1j1qwQQ8-Q;19;James Blunt;49;Bonfire Heart;light;3006;You __ the spark in my bonfire heart;Feature_Has_String_Ight;string_ight;strings;47500;52780;5280;0;0
29206;48;g1j1qwQQ8-Q;19;James Blunt;49;Bonfire Heart;Nights;3019;__ like this lead to;Feature_Has_String_Ight;string_ight;strings;106070;109590;3520;0;0
29207;48;g1j1qwQQ8-Q;19;James Blunt;49;Bonfire Heart;light;3021;You __ the spark in my bonfire heart;Feature_Has_String_Ight;string_ight;strings;112170;117920;5750;0;0
29208;48;g1j1qwQQ8-Q;19;James Blunt;49;Bonfire Heart;Nights;3035;__ like this lead to;Feature_Has_String_Ight;string_ight;strings;172620;177650;5030;0;0
29209;48;g1j1qwQQ8-Q;19;James Blunt;49;Bonfire Heart;light;3037;You __ the spark in my bonfire heart;Feature_Has_String_Ight;string_ight;strings;179460;184930;5470;0;0
29226;53;hLQl3WQQoQ0;21;Adele;54;Someone Like You;light;3265;Or hide from the __;Feature_Has_String_Ight;string_ight;strings;52850;56650;3800;0;0
29227;53;hLQl3WQQoQ0;21;Adele;54;Someone Like You;fight;3268;Couldn't stay away I couldn't __ it;Feature_Has_String_Ight;string_ight;strings;61180;63790;2610;0;0
29228;53;hLQl3WQQoQ0;21;Adele;54;Someone Like You;fight;3288;Couldn't stay away I couldn't __ it;Feature_Has_String_Ight;string_ight;strings;142550;145840;3290;0;0
29299;72;r_8ydghbGSg;30;Demi Lovato;73;Skyscraper;right;4168;I'm gonna stay __ here,;Feature_Has_String_Ight;string_ight;strings;154440;156950;2510;0;0
29414;96;fWNaR-rxAic;48;Carly Rae Jepsen;97;Call Me Maybe;night;5590;Hot __, wind was blowin';Feature_Has_String_Ight;string_ight;strings;23680;25730;2050;0;0
29415;96;fWNaR-rxAic;48;Carly Rae Jepsen;97;Call Me Maybe;right;5595;It's hard to look __ at you baby;Feature_Has_String_Ight;string_ight;strings;36030;40210;4180;0;0
29416;96;fWNaR-rxAic;48;Carly Rae Jepsen;97;Call Me Maybe;sight;5607;At first __ and it's real;Feature_Has_String_Ight;string_ight;strings;73930;76110;2180;0;0
29417;96;fWNaR-rxAic;48;Carly Rae Jepsen;97;Call Me Maybe;night;5613;Hot __, wind was blowin';Feature_Has_String_Ight;string_ight;strings;83830;85740;1910;0;0
29418;96;fWNaR-rxAic;48;Carly Rae Jepsen;97;Call Me Maybe;right;5618;It's hard to look __ at you baby;Feature_Has_String_Ight;string_ight;strings;96170;100650;4480;0;0
29419;96;fWNaR-rxAic;48;Carly Rae Jepsen;97;Call Me Maybe;right;5634;It's hard to look __ at you baby;Feature_Has_String_Ight;string_ight;strings;136170;148640;12470;0;0
29615;168;-tJYN-eG1zk;354;Queen;173;We Will Rock You;Alright;9702;__;Feature_Has_String_Ight;string_ight;strings;99740;292000;192260;0;0
29617;170;gnhXHvRoUd0;355;Kings Of Leon;175;Use Somebody;night;9768;Off in the __, while you live it up, I'm off to sleep;Feature_Has_String_Ight;string_ight;strings;114790;121540;6750;0;0
29618;171;G6ZiXEXg1KY;355;Kings Of Leon;176;Wait For Me;right;9783;Gonna open my heart, __ at the scar and listen up;Feature_Has_String_Ight;string_ight;strings;23900;32509;8609;0;0
30113;399;8UVNT4wvIGY;1798;Gotye;414;Somebody That I Used To Know;right;19810;Told myself that you were __ for me;Feature_Has_String_Ight;string_ight;strings;33090;36920;3830;0;0
30220;465;Y66j_BUCBMY;2402;American Authors;750;Best Day Of My Life;night;39601;We danced with monsters through the __;Feature_Has_String_Ight;string_ight;strings;24330;31590;7260;0;0
30221;465;Y66j_BUCBMY;2402;American Authors;750;Best Day Of My Life;bright;39631;The stars were burning so __;Feature_Has_String_Ight;string_ight;strings;135940;138150;2210;0;0
30222;465;Y66j_BUCBMY;2402;American Authors;750;Best Day Of My Life;midnight;39632;The sun was out 'till __;Feature_Has_String_Ight;string_ight;strings;138150;140750;2600;0;0
30254;495;bg1sT4ILG0w;2410;Nico And Vinz;760;Am I Wrong;Fight;40243;__ for yours and don't let go,;Feature_Has_String_Ight;string_ight;strings;118720;120630;1910;0;0
30255;495;bg1sT4ILG0w;2410;Nico And Vinz;760;Am I Wrong;right;40259;I don't wanna be __, right;Feature_Has_String_Ight;string_ight;strings;162510;166550;4040;0;0
30256;495;bg1sT4ILG0w;2410;Nico And Vinz;760;Am I Wrong;right;40259;I don't wanna be right, __;Feature_Has_String_Ight;string_ight;strings;162510;166550;4040;0;0
30257;495;bg1sT4ILG0w;2410;Nico And Vinz;760;Am I Wrong;right;40261;I don't wanna be __;Feature_Has_String_Ight;string_ight;strings;170610;174580;3970;0;0
30258;495;bg1sT4ILG0w;2410;Nico And Vinz;760;Am I Wrong;right;40263;I don't wanna be __, right;Feature_Has_String_Ight;string_ight;strings;178490;182490;4000;0;0
30259;495;bg1sT4ILG0w;2410;Nico And Vinz;760;Am I Wrong;right;40263;I don't wanna be right, __;Feature_Has_String_Ight;string_ight;strings;178490;182490;4000;0;0
30260;495;bg1sT4ILG0w;2410;Nico And Vinz;760;Am I Wrong;right;40265;I don't wanna be __;Feature_Has_String_Ight;string_ight;strings;186240;227620;41380;0;0
30261;496;pB-5XG-DbAA;2411;Sam Smith;761;Stay With Me;nights;40288;These __ never seem to go to plan;Feature_Has_String_Ight;string_ight;strings;52120;57530;5410;0;0
30295;505;xOYJXMfoBN8;2419;Ed Sheeran;770;Don'T;right;40784;But then I jumped __ in a week later returned;Feature_Has_String_Ight;string_ight;strings;21720;24250;2530;0;0
30296;505;xOYJXMfoBN8;2419;Ed Sheeran;770;Don'T;nights;40786;But I gave her my time, for two or three __;Feature_Has_String_Ight;string_ight;strings;26820;29450;2630;0;0
30297;505;xOYJXMfoBN8;2419;Ed Sheeran;770;Don'T;right;40787;Then I put it on pause until the moment was __;Feature_Has_String_Ight;string_ight;strings;29450;31890;2440;0;0
30374;515;gfA-tPKPoNs;2432;Owl City;782;Beautiful Times;lighthouse;41637;And restoring life to the __;Feature_Has_String_Ight;string_ight;strings;10360;13510;3150;0;0
30375;515;gfA-tPKPoNs;2432;Owl City;782;Beautiful Times;light;41642;And when will the __ come back?;Feature_Has_String_Ight;string_ight;strings;24010;34760;10750;0;0
30376;515;gfA-tPKPoNs;2432;Owl City;782;Beautiful Times;light;41651;And when will the __ come back?;Feature_Has_String_Ight;string_ight;strings;52430;55780;3350;0;0
30377;515;gfA-tPKPoNs;2432;Owl City;782;Beautiful Times;night;41657;I fought all through the __;Feature_Has_String_Ight;string_ight;strings;63430;66530;3100;0;0
30378;515;gfA-tPKPoNs;2432;Owl City;782;Beautiful Times;fight;41661;This __ of my life is so hard,;Feature_Has_String_Ight;string_ight;strings;76830;81350;4520;0;0
30379;515;gfA-tPKPoNs;2432;Owl City;782;Beautiful Times;light;41672;And when will the __ come back?;Feature_Has_String_Ight;string_ight;strings;123080;126690;3610;0;0
30380;515;gfA-tPKPoNs;2432;Owl City;782;Beautiful Times;night;41677;I fought all through the __;Feature_Has_String_Ight;string_ight;strings;133810;137110;3300;0;0
30381;515;gfA-tPKPoNs;2432;Owl City;782;Beautiful Times;fight;41681;This __ of my life is so hard,;Feature_Has_String_Ight;string_ight;strings;147620;152080;4460;0;0
30382;515;gfA-tPKPoNs;2432;Owl City;782;Beautiful Times;fight;41686;This __ of my life is so hard,;Feature_Has_String_Ight;string_ight;strings;161690;166160;4470;0;0
30383;516;EpbjEttizy8;2433;David Guetta;783;Lovers On The Sun;light;41696;Let's __ it up, let's light it up;Feature_Has_String_Ight;string_ight;strings;7770;9660;1890;0;0
30384;516;EpbjEttizy8;2433;David Guetta;783;Lovers On The Sun;light;41696;Let's light it up, let's __ it up;Feature_Has_String_Ight;string_ight;strings;7770;9660;1890;0;0
30385;516;EpbjEttizy8;2433;David Guetta;783;Lovers On The Sun;light;41698;And so the world, a burning __;Feature_Has_String_Ight;string_ight;strings;14850;17340;2490;0;0
30386;516;EpbjEttizy8;2433;David Guetta;783;Lovers On The Sun;bright;41699;They've never shined so __;Feature_Has_String_Ight;string_ight;strings;17340;22620;5280;0;0
30387;516;EpbjEttizy8;2433;David Guetta;783;Lovers On The Sun;night;41701;To keep the cold __;Feature_Has_String_Ight;string_ight;strings;25150;26960;1810;0;0
30388;516;EpbjEttizy8;2433;David Guetta;783;Lovers On The Sun;might;41707;We __ as well be lovers on the sun;Feature_Has_String_Ight;string_ight;strings;41470;49140;7670;0;0
30389;516;EpbjEttizy8;2433;David Guetta;783;Lovers On The Sun;might;41708;We __ as well be lovers on the sun;Feature_Has_String_Ight;string_ight;strings;49140;56710;7570;0;0
30390;516;EpbjEttizy8;2433;David Guetta;783;Lovers On The Sun;might;41709;We __ as well be lovers on the sun;Feature_Has_String_Ight;string_ight;strings;56710;95330;38620;0;0
30391;516;EpbjEttizy8;2433;David Guetta;783;Lovers On The Sun;right;41716;Because it feels __;Feature_Has_String_Ight;string_ight;strings;113370;114930;1560;0;0
30392;516;EpbjEttizy8;2433;David Guetta;783;Lovers On The Sun;might;41721;We __ as well be lovers on the sun;Feature_Has_String_Ight;string_ight;strings;129729;137570;7841;0;0
30393;516;EpbjEttizy8;2433;David Guetta;783;Lovers On The Sun;might;41722;We __ as well be lovers on the sun;Feature_Has_String_Ight;string_ight;strings;137570;144950;7380;0;0
30394;516;EpbjEttizy8;2433;David Guetta;783;Lovers On The Sun;might;41723;We __ as well be lovers on the sun;Feature_Has_String_Ight;string_ight;strings;144950;182090;37140;0;0
30395;516;EpbjEttizy8;2433;David Guetta;783;Lovers On The Sun;light;41725;Let's __ it up, let's light it up;Feature_Has_String_Ight;string_ight;strings;182090;184460;2370;0;0
30396;516;EpbjEttizy8;2433;David Guetta;783;Lovers On The Sun;light;41725;Let's light it up, let's __ it up;Feature_Has_String_Ight;string_ight;strings;182090;184460;2370;0;0
30397;516;EpbjEttizy8;2433;David Guetta;783;Lovers On The Sun;light;41727;And so the world, a burning __;Feature_Has_String_Ight;string_ight;strings;189610;192010;2400;0;0
30398;516;EpbjEttizy8;2433;David Guetta;783;Lovers On The Sun;bright;41728;They've never shined so __;Feature_Has_String_Ight;string_ight;strings;192010;204000;11990;0;0
30406;519;IxxstCcJlsc;2425;Zedd;788;Clarity;Fight;41893;__ fear for the selfish pain, it was worth it every time;Feature_Has_String_Ight;string_ight;strings;16510;24120;7610;0;0
30407;519;IxxstCcJlsc;2425;Zedd;788;Clarity;right;41894;Hold still __ before we crash because we both know how this ends;Feature_Has_String_Ight;string_ight;strings;24120;31180;7060;0;0
30408;519;IxxstCcJlsc;2425;Zedd;788;Clarity;fight;41898;Chasing relentlessly, still __ and I don't know why;Feature_Has_String_Ight;string_ight;strings;46650;54090;7440;0;0
30409;519;IxxstCcJlsc;2425;Zedd;788;Clarity;right;41908;If you pull and I push too deep then I'll fall __ back to you;Feature_Has_String_Ight;string_ight;strings;143960;151290;7330;0;0
30410;519;IxxstCcJlsc;2425;Zedd;788;Clarity;fight;41911;Chasing relentlessly, still __ and I don't know why;Feature_Has_String_Ight;string_ight;strings;159280;166530;7250;0;0
30422;529;RBumgq5yVrA;2446;Passenger;798;Let Her Go;light;42601;Well you only need the __ when it's burning low;Feature_Has_String_Ight;string_ight;strings;25000;29170;4170;0;0
30423;529;RBumgq5yVrA;2446;Passenger;798;Let Her Go;light;42616;But you only need the __ when it's burning low;Feature_Has_String_Ight;string_ight;strings;89100;92780;3680;0;0
30424;529;RBumgq5yVrA;2446;Passenger;798;Let Her Go;light;42630;Well you only need the __ when it's burning low;Feature_Has_String_Ight;string_ight;strings;140350;143860;3510;0;0
30425;529;RBumgq5yVrA;2446;Passenger;798;Let Her Go;light;42642;Cause you only need the __ when it's burning low;Feature_Has_String_Ight;string_ight;strings;191560;195310;3750;0;0
30426;529;RBumgq5yVrA;2446;Passenger;798;Let Her Go;light;42649;Cause you only need the __ when it's burning low;Feature_Has_String_Ight;string_ight;strings;217000;221160;4160;0;0
30437;537;QJO3ROT-A4E;2442;One Direction;807;What Makes You Beautiful;light;43368;Baby you __ up my world like nobody else;Feature_Has_String_Ight;string_ight;strings;33990;37820;3830;0;0
30438;537;QJO3ROT-A4E;2442;One Direction;807;What Makes You Beautiful;Right;43375;__ now I'm looking at you and I can't believe;Feature_Has_String_Ight;string_ight;strings;56790;60750;3960;0;0
30439;537;QJO3ROT-A4E;2442;One Direction;807;What Makes You Beautiful;right;43381;To prove I'm __, I put it in a song;Feature_Has_String_Ight;string_ight;strings;75960;79740;3780;0;0
30440;537;QJO3ROT-A4E;2442;One Direction;807;What Makes You Beautiful;light;43388;Baby you __ up my world like nobody else;Feature_Has_String_Ight;string_ight;strings;95490;99250;3760;0;0
30441;537;QJO3ROT-A4E;2442;One Direction;807;What Makes You Beautiful;Right;43395;__ now I'm looking at you and I can't believe;Feature_Has_String_Ight;string_ight;strings;118250;122260;4010;0;0
30442;537;QJO3ROT-A4E;2442;One Direction;807;What Makes You Beautiful;light;43402;Baby you __ up my world like nobody else;Feature_Has_String_Ight;string_ight;strings;144810;149250;4440;0;0
30443;537;QJO3ROT-A4E;2442;One Direction;807;What Makes You Beautiful;light;43408;Baby you __ up my world like nobody else;Feature_Has_String_Ight;string_ight;strings;161060;164550;3490;0;0
30444;537;QJO3ROT-A4E;2442;One Direction;807;What Makes You Beautiful;Right;43415;__ now I'm looking at you and I can't believe;Feature_Has_String_Ight;string_ight;strings;183550;187550;4000;0;0
30445;538;_kqQDCxRCzM;2442;One Direction;808;You And I;right;43426;I know how it goes from wrong and __;Feature_Has_String_Ight;string_ight;strings;36740;44540;7800;0;0
30446;538;_kqQDCxRCzM;2442;One Direction;808;You And I;tight;43428;Did they ever hold each other __;Feature_Has_String_Ight;string_ight;strings;44540;49090;4550;0;0
30447;538;_kqQDCxRCzM;2442;One Direction;808;You And I;fight;43429;Like us? Did they ever __ like us;Feature_Has_String_Ight;string_ight;strings;49090;56790;7700;0;0
30448;538;_kqQDCxRCzM;2442;One Direction;808;You And I;night;43450;I see what it's like for day and __;Feature_Has_String_Ight;string_ight;strings;115020;119640;4620;0;0
30449;538;_kqQDCxRCzM;2442;One Direction;808;You And I;light;43452;Cause they see things in a different __;Feature_Has_String_Ight;string_ight;strings;122440;127870;5430;0;0
30450;540;Y1xs_xPb46M;2442;One Direction;810;One Thing;night;43571;All day and all __;Feature_Has_String_Ight;string_ight;strings;82600;86320;3720;0;0
30453;545;T_igmjEB560;2456;Florida Georgia Line;815;Stay;nights;43803;The days are cold, the __ are long;Feature_Has_String_Ight;string_ight;strings;157970;162230;4260;0;0
30454;546;iX-QaNzd-0Y;2457;Milky Chance;816;Stolen Dance;night;43834;Dancing on do the boogie all __ long;Feature_Has_String_Ight;string_ight;strings;71070;74860;3790;0;0
30455;546;iX-QaNzd-0Y;2457;Milky Chance;816;Stolen Dance;night;43841;Dancing on do the boogie all __ long;Feature_Has_String_Ight;string_ight;strings;87790;91940;4150;0;0
30456;546;iX-QaNzd-0Y;2457;Milky Chance;816;Stolen Dance;night;43860;Dancing on do the boogie all __ long;Feature_Has_String_Ight;string_ight;strings;163590;167280;3690;0;0
30457;546;iX-QaNzd-0Y;2457;Milky Chance;816;Stolen Dance;night;43867;Dancing on do the boogie all __ long;Feature_Has_String_Ight;string_ight;strings;180530;184290;3760;0;0
30458;546;iX-QaNzd-0Y;2457;Milky Chance;816;Stolen Dance;night;43875;Dancing on do the boogie all __ long;Feature_Has_String_Ight;string_ight;strings;218580;222280;3700;0;0
30459;546;iX-QaNzd-0Y;2457;Milky Chance;816;Stolen Dance;night;43882;Dancing on do the boogie all __ long;Feature_Has_String_Ight;string_ight;strings;235470;239420;3950;0;0
30460;547;0OWj0CiM8WU;2458;One Republic;817;Love Runs Out;light;43885;I'll be your __, your match, your burning sun;Feature_Has_String_Ight;string_ight;strings;14680;18860;4180;0;0
30461;547;0OWj0CiM8WU;2458;One Republic;817;Love Runs Out;bright;43886;I'll be the __, and black, that's making you run;Feature_Has_String_Ight;string_ight;strings;18860;23010;4150;0;0
30462;547;0OWj0CiM8WU;2458;One Republic;817;Love Runs Out;alright;43887;And I feel __, and we'll feel alright;Feature_Has_String_Ight;string_ight;strings;23010;27060;4050;0;0
30463;547;0OWj0CiM8WU;2458;One Republic;817;Love Runs Out;alright;43887;And I feel alright, and we'll feel __;Feature_Has_String_Ight;string_ight;strings;23010;27060;4050;0;0
30464;547;0OWj0CiM8WU;2458;One Republic;817;Love Runs Out;alright;43894;And I feel __, and I feel alright;Feature_Has_String_Ight;string_ight;strings;46860;50970;4110;0;0
30465;547;0OWj0CiM8WU;2458;One Republic;817;Love Runs Out;alright;43894;And I feel alright, and I feel __;Feature_Has_String_Ight;string_ight;strings;46860;50970;4110;0;0
30466;547;0OWj0CiM8WU;2458;One Republic;817;Love Runs Out;right;43908;My momma raised me good, momma raised me __;Feature_Has_String_Ight;string_ight;strings;94480;102710;8230;0;0
30467;547;0OWj0CiM8WU;2458;One Republic;817;Love Runs Out;light;43927;I'll be our __, your match, your burning sun;Feature_Has_String_Ight;string_ight;strings;158810;162730;3920;0;0
30468;547;0OWj0CiM8WU;2458;One Republic;817;Love Runs Out;bright;43928;I'll be the __ and black that's making you run;Feature_Has_String_Ight;string_ight;strings;162730;167410;4680;0;0
30469;547;0OWj0CiM8WU;2458;One Republic;817;Love Runs Out;light;43936;I'll be your __, your match, your burning sun;Feature_Has_String_Ight;string_ight;strings;193030;197000;3970;0;0
30470;547;0OWj0CiM8WU;2458;One Republic;817;Love Runs Out;bright;43937;I'll be the __ and black that's making you run;Feature_Has_String_Ight;string_ight;strings;197000;200770;3770;0;0
30471;547;0OWj0CiM8WU;2458;One Republic;817;Love Runs Out;alright;43938;And I feel __, and we'll feel alright;Feature_Has_String_Ight;string_ight;strings;200770;204760;3990;0;0
30472;547;0OWj0CiM8WU;2458;One Republic;817;Love Runs Out;alright;43938;And I feel alright, and we'll feel __;Feature_Has_String_Ight;string_ight;strings;200770;204760;3990;0;0
30473;548;40nFOYGVJtY;2459;Clean Bandit;818;Extraordinary;right;43949;We're running out of time, two wrongs can make it __;Feature_Has_String_Ight;string_ight;strings;52560;56200;3640;0;0
30474;548;40nFOYGVJtY;2459;Clean Bandit;818;Extraordinary;nights;43957;To fill my days and __ with something;Feature_Has_String_Ight;string_ight;strings;82150;86290;4140;0;0
30475;548;40nFOYGVJtY;2459;Clean Bandit;818;Extraordinary;right;43969;We're running out of time, two wrongs can make it __;Feature_Has_String_Ight;string_ight;strings;128130;131850;3720;0;0
30476;548;40nFOYGVJtY;2459;Clean Bandit;818;Extraordinary;nights;43974;To fill my days and __ with something;Feature_Has_String_Ight;string_ight;strings;142980;146720;3740;0;0
30477;548;40nFOYGVJtY;2459;Clean Bandit;818;Extraordinary;alright;43980;Just don't say it will be __;Feature_Has_String_Ight;string_ight;strings;164980;169210;4230;0;0
30478;548;40nFOYGVJtY;2459;Clean Bandit;818;Extraordinary;tonight;43981;You're not holding yourself in your arms __;Feature_Has_String_Ight;string_ight;strings;169210;173010;3800;0;0
30479;548;40nFOYGVJtY;2459;Clean Bandit;818;Extraordinary;nights;43990;To fill my days and __ with something;Feature_Has_String_Ight;string_ight;strings;195230;199790;4560;0;0
30480;548;40nFOYGVJtY;2459;Clean Bandit;818;Extraordinary;nights;43999;To fill my days and __ with something;Feature_Has_String_Ight;string_ight;strings;226010;229910;3900;0;0
30481;548;40nFOYGVJtY;2459;Clean Bandit;818;Extraordinary;alright;44002;Just don't say it will be __;Feature_Has_String_Ight;string_ight;strings;233560;237210;3650;0;0
30482;548;40nFOYGVJtY;2459;Clean Bandit;818;Extraordinary;tonight;44003;You're not holding yourself in your arms __;Feature_Has_String_Ight;string_ight;strings;237210;240860;3650;0;0
30483;550;CsFb661EXsI;2461;James Blunt;820;Heart To Heart;night;44144;I lie awake at __ and worry for a while;Feature_Has_String_Ight;string_ight;strings;28440;35890;7450;0;0
30484;550;CsFb661EXsI;2461;James Blunt;820;Heart To Heart;right;44157;Your mind's so far away, but your body's __ here, sometimes;Feature_Has_String_Ight;string_ight;strings;88860;96050;7190;0;0
30486;555;MKfzMOC19Fc;2466;5 Seconds Of Summer;825;Don'T Stop;tonight;44382;That everybody wants to take you home __;Feature_Has_String_Ight;string_ight;strings;55130;57930;2800;0;0
30487;555;MKfzMOC19Fc;2466;5 Seconds Of Summer;825;Don'T Stop;tonight;44400;And everybody wants to take you home __;Feature_Has_String_Ight;string_ight;strings;99510;102610;3100;0;0
30488;557;0go2nfVXFgA;2467;The Vamps;827;Somebody To You;lightning;44500;Giving me the feeling of a __ strike;Feature_Has_String_Ight;string_ight;strings;32189;35410;3221;0;0
30489;558;sCDdQwVRwxM;2467;The Vamps;828;Wild Heart;might;44567;But I'm hoping she __ feel the same;Feature_Has_String_Ight;string_ight;strings;38350;43010;4660;0;0
30490;558;sCDdQwVRwxM;2467;The Vamps;828;Wild Heart;Tonight;44571;__ we'll dance;Feature_Has_String_Ight;string_ight;strings;47760;50880;3120;0;0
30491;558;sCDdQwVRwxM;2467;The Vamps;828;Wild Heart;right;44581;Feels like I've been standing __ here for years;Feature_Has_String_Ight;string_ight;strings;82650;87890;5240;0;0
30492;558;sCDdQwVRwxM;2467;The Vamps;828;Wild Heart;Tonight;44586;__ we'll dance;Feature_Has_String_Ight;string_ight;strings;98490;100990;2500;0;0
30493;558;sCDdQwVRwxM;2467;The Vamps;828;Wild Heart;right;44600;But come __ here, I swear I'll never let you go;Feature_Has_String_Ight;string_ight;strings;135100;138940;3840;0;0
30494;558;sCDdQwVRwxM;2467;The Vamps;828;Wild Heart;Tonight;44605;__ we'll dance;Feature_Has_String_Ight;string_ight;strings;148410;151240;2830;0;0
30495;558;sCDdQwVRwxM;2467;The Vamps;828;Wild Heart;Tonight;44614;__ we'll dance;Feature_Has_String_Ight;string_ight;strings;172980;175340;2360;0;0
30498;562;T4cdfRohhcg;2442;One Direction;830;Kiss You;night;44688;We could go out any day, any __;Feature_Has_String_Ight;string_ight;strings;10520;13190;2670;0;0
30499;562;T4cdfRohhcg;2442;One Direction;830;Kiss You;tonight;44712;Baby, be mine __, mine tonight;Feature_Has_String_Ight;string_ight;strings;82620;85270;2650;0;0
30500;562;T4cdfRohhcg;2442;One Direction;830;Kiss You;tonight;44712;Baby, be mine tonight, mine __;Feature_Has_String_Ight;string_ight;strings;82620;85270;2650;0;0
30501;562;T4cdfRohhcg;2442;One Direction;830;Kiss You;tonight;44713;Baby, be mine __;Feature_Has_String_Ight;string_ight;strings;85270;87680;2410;0;0
30502;563;xGPeNN9S0Fg;2442;One Direction;831;Little Things;right;44764;You'll never treat yourself __ darling but I want you to;Feature_Has_String_Ight;string_ight;strings;143940;152360;8420;0;0
30546;569;D1Xr-JFLxik;2448;Taylor Swift;870;White Horse;fight;46979;You had to __ to have the upper hand;Feature_Has_String_Ight;string_ight;strings;103090;108010;4920;0;0
30547;569;D1Xr-JFLxik;2448;Taylor Swift;870;White Horse;might;46995;I'm gonna find someone someday who __ actually treat me well;Feature_Has_String_Ight;string_ight;strings;179890;186110;6220;0;0
30548;571;VuNIsY6JdUw;2448;Taylor Swift;872;You Belong With Me;night;47090;It's a typical Tuesday __;Feature_Has_String_Ight;string_ight;strings;23840;26240;2400;0;0
30549;571;VuNIsY6JdUw;2448;Taylor Swift;872;You Belong With Me;light;47108;And you've got a smile that could __ up this whole town;Feature_Has_String_Ight;string_ight;strings;84970;89130;4160;0;0
30550;571;VuNIsY6JdUw;2448;Taylor Swift;872;You Belong With Me;night;47125;I remember you driving to my house in the middle of the __;Feature_Has_String_Ight;string_ight;strings;157030;162510;5480;0;0
30553;572;8xg3vE8Ie_E;2448;Taylor Swift;874;Love Story;lights;47214;See the __, see the party, the ball gowns;Feature_Has_String_Ight;string_ight;strings;31970;36270;4300;0;0
30554;573;0G3_kG5FFfQ;2439;Avril Lavigne;876;When You'Re Gone;right;47337;Do you see how much I need you __ now?;Feature_Has_String_Ight;string_ight;strings;51080;57350;6270;0;0
30555;573;0G3_kG5FFfQ;2439;Avril Lavigne;876;When You'Re Gone;right;47355;Do you see how much I need you __ now?;Feature_Has_String_Ight;string_ight;strings;132100;138420;6320;0;0
30564;582;74aOxH4R5Ow;2424;Demi Lovato;912;Warrior;light;49362;I need to take back the __ inside you stole;Feature_Has_String_Ight;string_ight;strings;32100;37540;5440;0;0
30567;585;Zi_XLOBDo_Y;2486;Michael Jackson;933;Billie Jean;nights;50604;For forty days and forty __;Feature_Has_String_Ight;string_ight;strings;110540;113460;2920;0;0
30568;585;Zi_XLOBDo_Y;2486;Michael Jackson;933;Billie Jean;right;50616;She came and stood __ by me;Feature_Has_String_Ight;string_ight;strings;159510;161500;1990;0;0
30569;586;PivWY9wn5ps;2486;Michael Jackson;934;Man In The Mirror;right;50645;Gonna make it __;Feature_Has_String_Ight;string_ight;strings;21930;27710;5780;0;0
30570;586;PivWY9wn5ps;2486;Michael Jackson;934;Man In The Mirror;right;50691;You gotta get it __, while you got the time;Feature_Has_String_Ight;string_ight;strings;190880;193050;2170;0;0
30593;591;hEhutIEUq8k;2489;Mika;948;We Are Golden;light;51580;In the __ of day;Feature_Has_String_Ight;string_ight;strings;51830;53350;1520;0;0
30594;593;znlFu_lemsU;2503;Mary J. Blige;984;Family Affair;tonight;53744;Mary J. is in the spot __;Feature_Has_String_Ight;string_ight;strings;46830;48860;2030;0;0
30595;593;znlFu_lemsU;2503;Mary J. Blige;984;Family Affair;alright;53745;As I'm gonna make it feel __ (Make it feel alright);Feature_Has_String_Ight;string_ight;strings;48860;51970;3110;0;0
30596;593;znlFu_lemsU;2503;Mary J. Blige;984;Family Affair;alright;53745;As I'm gonna make it feel alright (Make it feel __);Feature_Has_String_Ight;string_ight;strings;48860;51970;3110;0;0
30597;593;znlFu_lemsU;2503;Mary J. Blige;984;Family Affair;night;53781;We're gonna celebrate all __;Feature_Has_String_Ight;string_ight;strings;146590;149210;2620;0;0
30598;593;znlFu_lemsU;2503;Mary J. Blige;984;Family Affair;tonight;53782;Let's have fun, __, no fights;Feature_Has_String_Ight;string_ight;strings;149210;151770;2560;0;0
30599;593;znlFu_lemsU;2503;Mary J. Blige;984;Family Affair;fights;53782;Let's have fun, tonight, no __;Feature_Has_String_Ight;string_ight;strings;149210;151770;2560;0;0
30600;593;znlFu_lemsU;2503;Mary J. Blige;984;Family Affair;night;53784;Making you dance all __ and I;Feature_Has_String_Ight;string_ight;strings;154810;157060;2250;0;0
30601;595;MEb2CecR11I;2506;Backstreet Boys;989;Larger Than Life;alright;54015;When you're screaming my name, __;Feature_Has_String_Ight;string_ight;strings;77010;83580;6570;0;0
30602;595;MEb2CecR11I;2506;Backstreet Boys;989;Larger Than Life;alright;54017;There are prices to fame, __;Feature_Has_String_Ight;string_ight;strings;85670;92880;7210;0;0
30603;595;MEb2CecR11I;2506;Backstreet Boys;989;Larger Than Life;light;54018;All of our time spent in flashes of __;Feature_Has_String_Ight;string_ight;strings;92880;101780;8900;0;0
30604;595;MEb2CecR11I;2506;Backstreet Boys;989;Larger Than Life;right;54023;You can make it __;Feature_Has_String_Ight;string_ight;strings;112730;114480;1750;0;0
30605;595;MEb2CecR11I;2506;Backstreet Boys;989;Larger Than Life;right;54032;You can make it __;Feature_Has_String_Ight;string_ight;strings;161540;163410;1870;0;0
30606;595;MEb2CecR11I;2506;Backstreet Boys;989;Larger Than Life;right;54038;You can make it __;Feature_Has_String_Ight;string_ight;strings;246140;248220;2080;0;0
30607;595;MEb2CecR11I;2506;Backstreet Boys;989;Larger Than Life;right;54041;You can make it __;Feature_Has_String_Ight;string_ight;strings;258470;262490;4020;0;0
30608;595;MEb2CecR11I;2506;Backstreet Boys;989;Larger Than Life;right;54046;You can make it __;Feature_Has_String_Ight;string_ight;strings;281530;283470;1940;0;0
30609;596;GIQn8pab8Vc;2507;R. Kelly;991;I Believe I Can Fly;night;54096;I think about it every __ and day;Feature_Has_String_Ight;string_ight;strings;94810;98900;4090;0;0
30610;596;GIQn8pab8Vc;2507;R. Kelly;991;I Believe I Can Fly;night;54111;I think about it every __ and day;Feature_Has_String_Ight;string_ight;strings;182650;186810;4160;0;0
30611;596;GIQn8pab8Vc;2507;R. Kelly;991;I Believe I Can Fly;night;54123;I think about it every __ and day;Feature_Has_String_Ight;string_ight;strings;246360;250470;4110;0;0
30637;601;mqFLXayD6e8;2512;Shania Twain;1004;That Don'T Impress Me Much;right;54942;But you've got being __ down to an art;Feature_Has_String_Ight;string_ight;strings;20890;24650;3760;0;0
30638;601;mqFLXayD6e8;2512;Shania Twain;1004;That Don'T Impress Me Much;alright;54951;Don't get me wrong, I think you're __;Feature_Has_String_Ight;string_ight;strings;51350;55300;3950;0;0
30639;601;mqFLXayD6e8;2512;Shania Twain;1004;That Don'T Impress Me Much;night;54952;But that won't keep me warm in the middle of the __;Feature_Has_String_Ight;string_ight;strings;55300;61680;6380;0;0
30640;601;mqFLXayD6e8;2512;Shania Twain;1004;That Don'T Impress Me Much;alright;54963;Don't get me wrong, I think you're __;Feature_Has_String_Ight;string_ight;strings;105550;109010;3460;0;0
30641;601;mqFLXayD6e8;2512;Shania Twain;1004;That Don'T Impress Me Much;night;54964;But that won't keep me warm in the middle of the __;Feature_Has_String_Ight;string_ight;strings;109010;115120;6110;0;0
30642;601;mqFLXayD6e8;2512;Shania Twain;1004;That Don'T Impress Me Much;night;54968;I can't believe you kiss your car good __;Feature_Has_String_Ight;string_ight;strings;139990;143740;3750;0;0
30643;601;mqFLXayD6e8;2512;Shania Twain;1004;That Don'T Impress Me Much;right;54969;Come on, baby tell me, you must be joking, __?;Feature_Has_String_Ight;string_ight;strings;143740;148410;4670;0;0
30644;601;mqFLXayD6e8;2512;Shania Twain;1004;That Don'T Impress Me Much;alright;54975;Don't get me wrong, I think you're __;Feature_Has_String_Ight;string_ight;strings;166860;170930;4070;0;0
30645;601;mqFLXayD6e8;2512;Shania Twain;1004;That Don'T Impress Me Much;night;54976;But that won't keep me warm in the middle of the __;Feature_Has_String_Ight;string_ight;strings;170930;174330;3400;0;0
30646;601;mqFLXayD6e8;2512;Shania Twain;1004;That Don'T Impress Me Much;alright;54979;Don't get me wrong, I think you're __;Feature_Has_String_Ight;string_ight;strings;182210;185900;3690;0;0
30647;601;mqFLXayD6e8;2512;Shania Twain;1004;That Don'T Impress Me Much;night;54980;But that won't keep me warm on the long, cold, lonely __;Feature_Has_String_Ight;string_ight;strings;185900;194320;8420;0;0
30656;603;eH3giaIzONA;2515;Whitney Houston;1014;I Wanna Dance With Somebody Who Loves Me;alright;55645;I've done __ up to now;Feature_Has_String_Ight;string_ight;strings;73300;76580;3280;0;0
30657;603;eH3giaIzONA;2515;Whitney Houston;1014;I Wanna Dance With Somebody Who Loves Me;light;55646;It's the __ of day that shows me how;Feature_Has_String_Ight;string_ight;strings;76580;81060;4480;0;0
30658;603;eH3giaIzONA;2515;Whitney Houston;1014;I Wanna Dance With Somebody Who Loves Me;night;55647;And when the __ falls, loneliness calls;Feature_Has_String_Ight;string_ight;strings;81060;87180;6120;0;0
30659;603;eH3giaIzONA;2515;Whitney Houston;1014;I Wanna Dance With Somebody Who Loves Me;night;55663;So when the __ falls;Feature_Has_String_Ight;string_ight;strings;147750;150450;2700;0;0
30660;603;eH3giaIzONA;2515;Whitney Houston;1014;I Wanna Dance With Somebody Who Loves Me;night;55679;So when the __ falls;Feature_Has_String_Ight;string_ight;strings;210150;213070;2920;0;0
30661;605;6tpl9LtkRRw;2516;Ne-Yo;1016;One In A Million;right;106793;Yes, the thing, for her, __ now;Feature_Has_String_Ight;string_ight;strings;21680;24190;2510;0;0
30677;620;nfWlot6h_JM;2973;Christina Aguilera;1901;Shake It Off;alright;99904;It's like I got this music in my mind and it's gonna be __;Feature_Has_String_Ight;string_ight;strings;33790;41060;7270;0;0
30678;620;nfWlot6h_JM;2973;Christina Aguilera;1901;Shake It Off;lightning;99913;I'll never miss a beat, I'm __ on my feet;Feature_Has_String_Ight;string_ight;strings;64629;70640;6011;0;0
30679;620;nfWlot6h_JM;2973;Christina Aguilera;1901;Shake It Off;alright;99918;It's like I got this music in my mind saying it's gonna be __;Feature_Has_String_Ight;string_ight;strings;93810;100940;7130;0;0
30680;619;w1oM3kQpXRo;2973;Christina Aguilera;1916;Everything Has Changed;flight;100777;Taking __, making me feel like;Feature_Has_String_Ight;string_ight;strings;104820;108010;3190;0;0
30681;619;w1oM3kQpXRo;2973;Christina Aguilera;1916;Everything Has Changed;tonight;100790;And meet me there __;Feature_Has_String_Ight;string_ight;strings;168520;171780;3260;0;0
30682;617;AgFeZr5ptV8;2973;Christina Aguilera;1917;22;night;100807;It feels like a perfect __ to dress up like hipsters;Feature_Has_String_Ight;string_ight;strings;2880;9020;6140;0;0
30683;617;AgFeZr5ptV8;2973;Christina Aguilera;1917;22;night;100809;It feels like a perfect __ for breakfast at midnight;Feature_Has_String_Ight;string_ight;strings;13390;17890;4500;0;0
30684;617;AgFeZr5ptV8;2973;Christina Aguilera;1917;22;midnight;100809;It feels like a perfect night for breakfast at __;Feature_Has_String_Ight;string_ight;strings;13390;17890;4500;0;0
30685;617;AgFeZr5ptV8;2973;Christina Aguilera;1917;22;Tonight;100814;__'s the night when we forget about the deadlines, it's time;Feature_Has_String_Ight;string_ight;strings;33690;41410;7720;0;0
30686;617;AgFeZr5ptV8;2973;Christina Aguilera;1917;22;night;100814;Tonight's the __ when we forget about the deadlines, it's time;Feature_Has_String_Ight;string_ight;strings;33690;41410;7720;0;0
30687;617;AgFeZr5ptV8;2973;Christina Aguilera;1917;22;alright;100817;Everything will be __, if you keep me next to you;Feature_Has_String_Ight;string_ight;strings;45860;50430;4570;0;0
30688;617;AgFeZr5ptV8;2973;Christina Aguilera;1917;22;alright;100819;Everything will be __, if we just keep dancing like we're 22, 22;Feature_Has_String_Ight;string_ight;strings;55220;68970;13750;0;0
30689;617;AgFeZr5ptV8;2973;Christina Aguilera;1917;22;nights;100820;It seems like one of those __;Feature_Has_String_Ight;string_ight;strings;68970;71360;2390;0;0
30690;617;AgFeZr5ptV8;2973;Christina Aguilera;1917;22;nights;100822;It seems like one of those __;Feature_Has_String_Ight;string_ight;strings;77980;80320;2340;0;0
30691;617;AgFeZr5ptV8;2973;Christina Aguilera;1917;22;Tonight;100827;__'s the night when we forget about the heartbreaks, it's time;Feature_Has_String_Ight;string_ight;strings;98170;106020;7850;0;0
30692;617;AgFeZr5ptV8;2973;Christina Aguilera;1917;22;night;100827;Tonight's the __ when we forget about the heartbreaks, it's time;Feature_Has_String_Ight;string_ight;strings;98170;106020;7850;0;0
30693;617;AgFeZr5ptV8;2973;Christina Aguilera;1917;22;alright;100829;Everything will be __ if you keep me next to you;Feature_Has_String_Ight;string_ight;strings;110880;115280;4400;0;0
30694;617;AgFeZr5ptV8;2973;Christina Aguilera;1917;22;alright;100831;Everything will be __ if we just keep dancing like we're 22, 22;Feature_Has_String_Ight;string_ight;strings;120160;132370;12210;0;0
30695;617;AgFeZr5ptV8;2973;Christina Aguilera;1917;22;nights;100833;(It feels like one of those __);Feature_Has_String_Ight;string_ight;strings;142540;145190;2650;0;0
30696;617;AgFeZr5ptV8;2973;Christina Aguilera;1917;22;nights;100835;(It feels like one of those __);Feature_Has_String_Ight;string_ight;strings;147540;149760;2220;0;0
30697;617;AgFeZr5ptV8;2973;Christina Aguilera;1917;22;nights;100837;(It feels like one of those __);Feature_Has_String_Ight;string_ight;strings;152150;154290;2140;0;0
30698;617;AgFeZr5ptV8;2973;Christina Aguilera;1917;22;alright;100840;Everything will be __ if you keep me next to you;Feature_Has_String_Ight;string_ight;strings;175320;179910;4590;0;0
30699;617;AgFeZr5ptV8;2973;Christina Aguilera;1917;22;alright;100842;Everything will be __ if we just keep dancing like we're 22, 22, 22, 22;Feature_Has_String_Ight;string_ight;strings;184280;207360;23080;0;0
30700;617;AgFeZr5ptV8;2973;Christina Aguilera;1917;22;nights;100844;(It feels like one of those __);Feature_Has_String_Ight;string_ight;strings;207360;210030;2670;0;0
30701;617;AgFeZr5ptV8;2973;Christina Aguilera;1917;22;nights;100846;(It feels like one of those __);Feature_Has_String_Ight;string_ight;strings;212070;214560;2490;0;0
30702;617;AgFeZr5ptV8;2973;Christina Aguilera;1917;22;nights;100848;(It feels like one of those __);Feature_Has_String_Ight;string_ight;strings;216500;219200;2700;0;0
30703;641;DCCJCILiX3o;2973;Christina Aguilera;1938;Amnesia;right;102025;If today I woke up with you __ beside me;Feature_Has_String_Ight;string_ight;strings;173920;178790;4870;0;0
30704;641;DCCJCILiX3o;2973;Christina Aguilera;1938;Amnesia;right;108822;Even though he's __ beside you?;Feature_Has_String_Ight;string_ight;strings;40150;44860;4710;0;0
30705;616;AbPED9bisSc;2442;One Direction;1942;Live While We'Re Young;tonight;102201;Just pretending that we're cool, so __;Feature_Has_String_Ight;string_ight;strings;33310;36480;3170;0;0
30706;616;AbPED9bisSc;2442;One Direction;1942;Live While We'Re Young;Tonight;102205;__ let's get some and live while we're young;Feature_Has_String_Ight;string_ight;strings;48740;58610;9870;0;0
30707;616;AbPED9bisSc;2442;One Direction;1942;Live While We'Re Young;Tonight;102209;__ let's get some and live while we're young;Feature_Has_String_Ight;string_ight;strings;63710;71770;8060;0;0
30708;616;AbPED9bisSc;2442;One Direction;1942;Live While We'Re Young;tonight;102215;Just pretending that we're cool, so __;Feature_Has_String_Ight;string_ight;strings;90520;93850;3330;0;0
30709;616;AbPED9bisSc;2442;One Direction;1942;Live While We'Re Young;Tonight;102219;__ let's get some and live while we're young;Feature_Has_String_Ight;string_ight;strings;105930;115620;9690;0;0
30710;616;AbPED9bisSc;2442;One Direction;1942;Live While We'Re Young;Tonight;102223;__ let's get some and live while we're young;Feature_Has_String_Ight;string_ight;strings;121140;132590;11450;0;0
30711;616;AbPED9bisSc;2442;One Direction;1942;Live While We'Re Young;tonight;102225;We're about to make some memories __;Feature_Has_String_Ight;string_ight;strings;136600;142260;5660;0;0
30712;616;AbPED9bisSc;2442;One Direction;1942;Live While We'Re Young;Tonight;102231;__ let's get some and live while we're young;Feature_Has_String_Ight;string_ight;strings;161130;165350;4220;0;0
30713;616;AbPED9bisSc;2442;One Direction;1942;Live While We'Re Young;Tonight;102235;__ let's get some and live while we're young;Feature_Has_String_Ight;string_ight;strings;176290;181150;4860;0;0
30714;640;lC4-o8rmFOw;2973;Christina Aguilera;1943;Firework;light;102253;Ignite the __;Feature_Has_String_Ight;string_ight;strings;52440;56510;4070;0;0
30715;640;lC4-o8rmFOw;2973;Christina Aguilera;1943;Firework;night;102255;Just own the __;Feature_Has_String_Ight;string_ight;strings;60130;64069;3939;0;0
30716;640;lC4-o8rmFOw;2973;Christina Aguilera;1943;Firework;right;108554;All __, what are you waiting for?;Feature_Has_String_Ight;string_ight;strings;46240;47310;1070;0;0
30725;1;W-TE_Ys4iwM;2442;One Direction;2044;Story Of My Life;right;106734;I leave my heart open but it stays __ here empty for days;Feature_Has_String_Ight;string_ight;strings;26700;35620;8920;0;0
30726;1;W-TE_Ys4iwM;2442;One Direction;2044;Story Of My Life;tonight;106741;And I'll be gone, gone __;Feature_Has_String_Ight;string_ight;strings;50960;54410;3450;0;0
30727;1;W-TE_Ys4iwM;2442;One Direction;2044;Story Of My Life;tight;106743;The way that I've been holding on too __;Feature_Has_String_Ight;string_ight;strings;58290;62310;4020;0;0
30728;1;W-TE_Ys4iwM;2442;One Direction;2044;Story Of My Life;night;106747;I drive all __ to keep her warm and time;Feature_Has_String_Ight;string_ight;strings;70560;76570;6010;0;0
30729;1;W-TE_Ys4iwM;2442;One Direction;2044;Story Of My Life;right;106756;But it stays __ here in its cage;Feature_Has_String_Ight;string_ight;strings;108860;114220;5360;0;0
30730;1;W-TE_Ys4iwM;2442;One Direction;2044;Story Of My Life;light;106759;I see ascending __ upon a hill;Feature_Has_String_Ight;string_ight;strings;116610;121750;5140;0;0
30731;1;W-TE_Ys4iwM;2442;One Direction;2044;Story Of My Life;tonight;106762;And I'll be gone, gone __;Feature_Has_String_Ight;string_ight;strings;129889;133530;3641;0;0
30732;1;W-TE_Ys4iwM;2442;One Direction;2044;Story Of My Life;bright;106763;The fire beneath my feet is burning __;Feature_Has_String_Ight;string_ight;strings;133530;137190;3660;0;0
30733;1;W-TE_Ys4iwM;2442;One Direction;2044;Story Of My Life;tight;106764;The way that I've been holding on so __;Feature_Has_String_Ight;string_ight;strings;137190;141310;4120;0;0
30734;1;W-TE_Ys4iwM;2442;One Direction;2044;Story Of My Life;night;106768;I drive all __ to keep her warm and time;Feature_Has_String_Ight;string_ight;strings;150000;156390;6390;0;0
30735;1;W-TE_Ys4iwM;2442;One Direction;2044;Story Of My Life;night;106779;I drive all __;Feature_Has_String_Ight;string_ight;strings;197670;199760;2090;0;0
30736;607;Gqm873UWUdw;2442;One Direction;2045;Moments;light;106821;Turn the __ off;Feature_Has_String_Ight;string_ight;strings;7880;10220;2340;0;0
30737;607;Gqm873UWUdw;2442;One Direction;2045;Moments;tonight;106849;Like __'s sky;Feature_Has_String_Ight;string_ight;strings;112640;119060;6420;0;0
30738;607;Gqm873UWUdw;2442;One Direction;2045;Moments;lights;106866;Flashing __ in my mind;Feature_Has_String_Ight;string_ight;strings;184800;187020;2220;0;0
30739;608;e-ORhEE9VVg;2448;Taylor Swift;2046;Blank Space;nightmare;106938;'Cause darling I'm a __ dressed like a daydream;Feature_Has_String_Ight;string_ight;strings;129960;132640;2680;0;0
30750;613;UpsKGvPjAgw;2442;One Direction;2052;Steal My Girl;Alright;107257;__ (alright);Feature_Has_String_Ight;string_ight;strings;118160;124430;6270;0;0
30750;613;UpsKGvPjAgw;2442;One Direction;2052;Steal My Girl;Alright;107257;__ (alright);Feature_Has_String_Ight;string_ight;strings;118160;124430;6270;0;0
30751;613;UpsKGvPjAgw;2442;One Direction;2052;Steal My Girl;alright;107257;Alright (__);Feature_Has_String_Ight;string_ight;strings;118160;124430;6270;0;0
30751;613;UpsKGvPjAgw;2442;One Direction;2052;Steal My Girl;alright;107257;Alright (__);Feature_Has_String_Ight;string_ight;strings;118160;124430;6270;0;0
30752;613;UpsKGvPjAgw;2442;One Direction;2052;Steal My Girl;Alright;107263;__ (alright);Feature_Has_String_Ight;string_ight;strings;130539;136460;5921;0;0
30752;613;UpsKGvPjAgw;2442;One Direction;2052;Steal My Girl;Alright;107263;__ (alright);Feature_Has_String_Ight;string_ight;strings;130539;136460;5921;0;0
30753;613;UpsKGvPjAgw;2442;One Direction;2052;Steal My Girl;alright;107263;Alright (__);Feature_Has_String_Ight;string_ight;strings;130539;136460;5921;0;0
30753;613;UpsKGvPjAgw;2442;One Direction;2052;Steal My Girl;alright;107263;Alright (__);Feature_Has_String_Ight;string_ight;strings;130539;136460;5921;0;0
30754;613;UpsKGvPjAgw;2442;One Direction;2052;Steal My Girl;Alright;107278;(__);Feature_Has_String_Ight;string_ight;strings;173940;178960;5020;0;0
30754;613;UpsKGvPjAgw;2442;One Direction;2052;Steal My Girl;Alright;107278;(__);Feature_Has_String_Ight;string_ight;strings;173940;178960;5020;0;0
30755;613;UpsKGvPjAgw;2442;One Direction;2052;Steal My Girl;Alright;107286;__ (alright);Feature_Has_String_Ight;string_ight;strings;186460;192780;6320;0;0
30755;613;UpsKGvPjAgw;2442;One Direction;2052;Steal My Girl;Alright;107286;__ (alright);Feature_Has_String_Ight;string_ight;strings;186460;192780;6320;0;0
30756;613;UpsKGvPjAgw;2442;One Direction;2052;Steal My Girl;alright;107286;Alright (__);Feature_Has_String_Ight;string_ight;strings;186460;192780;6320;0;0
30756;613;UpsKGvPjAgw;2442;One Direction;2052;Steal My Girl;alright;107286;Alright (__);Feature_Has_String_Ight;string_ight;strings;186460;192780;6320;0;0
30757;613;UpsKGvPjAgw;2442;One Direction;2052;Steal My Girl;Alright;107292;__ (alright);Feature_Has_String_Ight;string_ight;strings;198970;204840;5870;0;0
30757;613;UpsKGvPjAgw;2442;One Direction;2052;Steal My Girl;Alright;107292;__ (alright);Feature_Has_String_Ight;string_ight;strings;198970;204840;5870;0;0
30758;613;UpsKGvPjAgw;2442;One Direction;2052;Steal My Girl;alright;107292;Alright (__);Feature_Has_String_Ight;string_ight;strings;198970;204840;5870;0;0
30758;613;UpsKGvPjAgw;2442;One Direction;2052;Steal My Girl;alright;107292;Alright (__);Feature_Has_String_Ight;string_ight;strings;198970;204840;5870;0;0
30759;613;UpsKGvPjAgw;2442;One Direction;2052;Steal My Girl;Alright;107307;(__);Feature_Has_String_Ight;string_ight;strings;242270;248620;6350;0;0
30759;613;UpsKGvPjAgw;2442;One Direction;2052;Steal My Girl;Alright;107307;(__);Feature_Has_String_Ight;string_ight;strings;242270;248620;6350;0;0
30760;613;UpsKGvPjAgw;2442;One Direction;2052;Steal My Girl;Alright;107327;__ (Alright);Feature_Has_String_Ight;string_ight;strings;289890;296810;6920;0;0
30760;613;UpsKGvPjAgw;2442;One Direction;2052;Steal My Girl;Alright;107327;__ (Alright);Feature_Has_String_Ight;string_ight;strings;289890;296810;6920;0;0
30761;613;UpsKGvPjAgw;2442;One Direction;2052;Steal My Girl;Alright;107327;Alright (__);Feature_Has_String_Ight;string_ight;strings;289890;296810;6920;0;0
30761;613;UpsKGvPjAgw;2442;One Direction;2052;Steal My Girl;Alright;107327;Alright (__);Feature_Has_String_Ight;string_ight;strings;289890;296810;6920;0;0
30762;613;UpsKGvPjAgw;2442;One Direction;2052;Steal My Girl;Alright;107333;(__);Feature_Has_String_Ight;string_ight;strings;304680;309300;4620;0;0
30762;613;UpsKGvPjAgw;2442;One Direction;2052;Steal My Girl;Alright;107333;(__);Feature_Has_String_Ight;string_ight;strings;304680;309300;4620;0;0
30763;613;UpsKGvPjAgw;2442;One Direction;2052;Steal My Girl;light;107457;'You are love, __, power, danger, mystery';Feature_Has_String_Ight;string_ight;strings;69210;87620;18410;0;0
30763;613;UpsKGvPjAgw;2442;One Direction;2052;Steal My Girl;light;107457;'You are love, __, power, danger, mystery';Feature_Has_String_Ight;string_ight;strings;69210;87620;18410;0;0
30764;614;g3o2TfrULck;2442;One Direction;2054;I Would;alright;107405;I thought things were going __;Feature_Has_String_Ight;string_ight;strings;72330;76240;3910;0;0
30765;618;Zlot0i3Zykw;2448;Taylor Swift;2056;Red;bright;107468;Like the colors in autumn, so __ just before they lose it all;Feature_Has_String_Ight;string_ight;strings;38620;45740;7120;0;0
30766;618;Zlot0i3Zykw;2448;Taylor Swift;2056;Red;right;107507;Realizing all you ever wanted was __ there in front of you;Feature_Has_String_Ight;string_ight;strings;77580;84960;7380;0;0
30767;618;Zlot0i3Zykw;2448;Taylor Swift;2056;Red;right;107509;Trying to solve a crossword and realizing there's no __ answer;Feature_Has_String_Ight;string_ight;strings;92830;100610;7780;0;0
30769;624;zAwpV2f4Wok;2555;Jonas Brothers;2059;Play My Music;night;107630;I can hear it every day and every __;Feature_Has_String_Ight;string_ight;strings;72360;76380;4020;0;0
30770;624;zAwpV2f4Wok;2555;Jonas Brothers;2059;Play My Music;night;107647;I can hear it every day and every __;Feature_Has_String_Ight;string_ight;strings;169370;173540;4170;0;0
30771;624;zAwpV2f4Wok;2555;Jonas Brothers;2059;Play My Music;night;107653;I can hear it every day and every __;Feature_Has_String_Ight;string_ight;strings;191010;195170;4160;0;0
30772;624;zAwpV2f4Wok;2555;Jonas Brothers;2059;Play My Music;night;107659;All __ long;Feature_Has_String_Ight;string_ight;strings;208480;3130;-205350;0;0
30773;624;zAwpV2f4Wok;2555;Jonas Brothers;2059;Play My Music;night;107666;I can hear it every day and every __;Feature_Has_String_Ight;string_ight;strings;131470;135740;4270;0;0
30775;626;0bGjlvukgHU;2960;The Lion King;2061;I Just Can'T Wait To Be King;mighty;107785;I'm gonna be a __ king;Feature_Has_String_Ight;string_ight;strings;68890;104620;35730;0;0
30776;626;0bGjlvukgHU;2960;The Lion King;2061;I Just Can'T Wait To Be King;right;107818;Everybody look __;Feature_Has_String_Ight;string_ight;strings;165180;167950;2770;0;0
30777;626;0bGjlvukgHU;2960;The Lion King;2061;I Just Can'T Wait To Be King;spotlight;107820;Standing in the __ (Not yet);Feature_Has_String_Ight;string_ight;strings;170220;173270;3050;0;0
30778;626;0bGjlvukgHU;2960;The Lion King;2061;I Just Can'T Wait To Be King;Right;107896;'__. So how are we going to ditch the dodo?';Feature_Has_String_Ight;string_ight;strings;11400;15550;4150;0;0
30779;628;BlRvE9dKWQc;2958;High School Musical;2063;We'Re All In This Together;Alright;107952;'__, now this is only gonna happen';Feature_Has_String_Ight;string_ight;strings;6990;8740;1750;0;0
30780;628;BlRvE9dKWQc;2958;High School Musical;2063;We'Re All In This Together;right;107958;Together, together come on let's do this __;Feature_Has_String_Ight;string_ight;strings;30940;35230;4290;0;0
30781;628;BlRvE9dKWQc;2958;High School Musical;2063;We'Re All In This Together;right;107981;Together, together come on let's do this __;Feature_Has_String_Ight;string_ight;strings;100900;105320;4420;0;0
30782;629;Axv3bGOawx0;3079;High School Musical 2;2064;All For One;right;108055;Everything's just __;Feature_Has_String_Ight;string_ight;strings;45320;47830;2510;0;0
30783;629;Axv3bGOawx0;3079;High School Musical 2;2064;All For One;right;108075;Everything's just __;Feature_Has_String_Ight;string_ight;strings;97680;100280;2600;0;0
30784;630;RU8aKj8t7gM;3080;Phil Collins;2065;On My Way;right;108208;'Just hang out.  That's __. It'd be fun, you know?';Feature_Has_String_Ight;string_ight;strings;158600;160850;2250;0;0
30785;630;RU8aKj8t7gM;3080;Phil Collins;2065;On My Way;Right;108210;'__. Well, that's what we was thinking';Feature_Has_String_Ight;string_ight;strings;164500;165900;1400;0;0
30786;631;25QyCxVkXwQ;2624;Elton John;2066;Can You Feel The Love Tonight;twilight;108127;The sweet caress of __;Feature_Has_String_Ight;string_ight;strings;11460;14950;3490;0;0
30787;631;25QyCxVkXwQ;2624;Elton John;2066;Can You Feel The Love Tonight;tonight;108132;Can you feel the love __?;Feature_Has_String_Ight;string_ight;strings;32619;38680;6061;0;0
30788;631;25QyCxVkXwQ;2624;Elton John;2066;Can You Feel The Love Tonight;tonight;108145;Can you feel the love __?;Feature_Has_String_Ight;string_ight;strings;84770;90860;6090;0;0
30789;631;25QyCxVkXwQ;2624;Elton John;2066;Can You Feel The Love Tonight;tonight;108149;Can you feel the love __?;Feature_Has_String_Ight;string_ight;strings;109960;116440;6480;0;0
30790;631;25QyCxVkXwQ;2624;Elton John;2066;Can You Feel The Love Tonight;night;108151;Stealing through the __'s uncertainties;Feature_Has_String_Ight;string_ight;strings;122790;129310;6520;0;0
30791;631;25QyCxVkXwQ;2624;Elton John;2066;Can You Feel The Love Tonight;tonight;108153;And if he falls in love __;Feature_Has_String_Ight;string_ight;strings;135100;142630;7530;0;0
30792;632;BV77nWMQgJI;3081;Aladdin;2067;A Whole New World;sights;108251;Unbelievable __;Feature_Has_String_Ight;string_ight;strings;80730;84300;3570;0;0
30793;634;vLkp_Dx6VdI;3082;Mary Poppins;2068;A Spoonful Of Sugar;delightful;108294;In a most __ way;Feature_Has_String_Ight;string_ight;strings;37200;45480;8280;0;0
30794;634;vLkp_Dx6VdI;3082;Mary Poppins;2068;A Spoonful Of Sugar;delightful;108305;In a most __ way;Feature_Has_String_Ight;string_ight;strings;88320;153260;64940;0;0
30795;636;gyzuft-Rv_A;2654;Bryan Adams;2070;Here I Am;Tonight;108387;__ we'll make our dreams come true;Feature_Has_String_Ight;string_ight;strings;35970;40640;4670;0;0
30796;636;gyzuft-Rv_A;2654;Bryan Adams;2070;Here I Am;Right;108396;__ here in the place where we belong;Feature_Has_String_Ight;string_ight;strings;96610;100880;4270;0;0
30797;636;gyzuft-Rv_A;2654;Bryan Adams;2070;Here I Am;Tonight;108407;__ we'll make our dreams come true;Feature_Has_String_Ight;string_ight;strings;179090;186090;7000;0;0
30798;636;gyzuft-Rv_A;2654;Bryan Adams;2070;Here I Am;Right;108417;__ next to you;Feature_Has_String_Ight;string_ight;strings;236370;242170;5800;0;0
30800;644;lp-EO5I60KA;2419;Ed Sheeran;2074;Thinking Out Loud;light;108585;Kiss me under the __ of a thousand stars;Feature_Has_String_Ight;string_ight;strings;90510;96340;5830;0;0
30801;644;lp-EO5I60KA;2419;Ed Sheeran;2074;Thinking Out Loud;right;108588;That maybe we found love __ where we are;Feature_Has_String_Ight;string_ight;strings;103800;111730;7930;0;0
30802;644;lp-EO5I60KA;2419;Ed Sheeran;2074;Thinking Out Loud;light;108601;Kiss me under the __ of a thousand stars;Feature_Has_String_Ight;string_ight;strings;193830;199700;5870;0;0
30803;644;lp-EO5I60KA;2419;Ed Sheeran;2074;Thinking Out Loud;right;108604;That maybe we found love __ where we are;Feature_Has_String_Ight;string_ight;strings;206810;237240;30430;0;0
30804;644;lp-EO5I60KA;2419;Ed Sheeran;2074;Thinking Out Loud;light;108607;Kiss me under the __ of a thousand stars;Feature_Has_String_Ight;string_ight;strings;248270;253150;4880;0;0
30805;644;lp-EO5I60KA;2419;Ed Sheeran;2074;Thinking Out Loud;right;108610;That maybe we found love __ where we are;Feature_Has_String_Ight;string_ight;strings;261640;267890;6250;0;0
30806;644;lp-EO5I60KA;2419;Ed Sheeran;2074;Thinking Out Loud;right;108611;Baby, we found love __ where we are;Feature_Has_String_Ight;string_ight;strings;267890;274260;6370;0;0
30807;645;AOPMlIIg_38;3085;Charli Xcx;2075;Boom Clap;right;108636;I'll fall __ into you;Feature_Has_String_Ight;string_ight;strings;74180;76700;2520;0;0
30808;645;AOPMlIIg_38;3085;Charli Xcx;2075;Boom Clap;light;108651;You are the __ and I will follow ;Feature_Has_String_Ight;string_ight;strings;104560;110080;5520;0;0
30809;646;7PCkvCPvDXk;2928;Meghan Trainor;2076;All About That Bass;right;108687;And all the __ junk in all the right places;Feature_Has_String_Ight;string_ight;strings;26880;30660;3780;0;0
30810;646;7PCkvCPvDXk;2928;Meghan Trainor;2076;All About That Bass;right;108687;And all the right junk in all the __ places;Feature_Has_String_Ight;string_ight;strings;26880;30660;3780;0;0
30811;646;7PCkvCPvDXk;2928;Meghan Trainor;2076;All About That Bass;night;108695;She says, boys like a little more booty to hold at __;Feature_Has_String_Ight;string_ight;strings;51580;58880;7300;0;0
30812;646;7PCkvCPvDXk;2928;Meghan Trainor;2076;All About That Bass;night;108710;She says, boys like a little more booty to hold at __;Feature_Has_String_Ight;string_ight;strings;108640;115920;7280;0;0
