17311;2;-RAA-j3f1VU;2442;One Direction;2;Best Song Ever;knew;67;We __ every line, now I can't remember;silent_cons;silent_cons;silent_cons_and_foreign;27760;31810;4050;0;0
17312;2;-RAA-j3f1VU;2442;One Direction;2;Best Song Ever;know;68;How it goes but I __ that I won't forget her;silent_cons;silent_cons;silent_cons_and_foreign;31810;35880;4070;0;0
17313;2;-RAA-j3f1VU;2442;One Direction;2;Best Song Ever;knew;84;We __ every line, now I can't remember;silent_cons;silent_cons;silent_cons_and_foreign;76240;80370;4130;0;0
17314;2;-RAA-j3f1VU;2442;One Direction;2;Best Song Ever;know;85;How it goes but I __ that I won't forget her;silent_cons;silent_cons;silent_cons_and_foreign;80370;84370;4000;0;0
17315;2;-RAA-j3f1VU;2442;One Direction;2;Best Song Ever;know;92;You __, I know, you know I'll remember you;silent_cons;silent_cons;silent_cons_and_foreign;97060;101140;4080;0;0
17316;2;-RAA-j3f1VU;2442;One Direction;2;Best Song Ever;know;92;You know, I __, you know I'll remember you;silent_cons;silent_cons;silent_cons_and_foreign;97060;101140;4080;0;0
17317;2;-RAA-j3f1VU;2442;One Direction;2;Best Song Ever;know;92;You know, I know, you __ I'll remember you;silent_cons;silent_cons;silent_cons_and_foreign;97060;101140;4080;0;0
17318;2;-RAA-j3f1VU;2442;One Direction;2;Best Song Ever;know;93;And I __, you know, I know you'll remember me;silent_cons;silent_cons;silent_cons_and_foreign;101140;105330;4190;0;0
17319;2;-RAA-j3f1VU;2442;One Direction;2;Best Song Ever;know;93;And I know, you __, I know you'll remember me;silent_cons;silent_cons;silent_cons_and_foreign;101140;105330;4190;0;0
17320;2;-RAA-j3f1VU;2442;One Direction;2;Best Song Ever;know;93;And I know, you know, I __ you'll remember me;silent_cons;silent_cons;silent_cons_and_foreign;101140;105330;4190;0;0
17321;2;-RAA-j3f1VU;2442;One Direction;2;Best Song Ever;know;94;And you __, I know, you know I'll remember you;silent_cons;silent_cons;silent_cons_and_foreign;105330;109400;4070;0;0
17322;2;-RAA-j3f1VU;2442;One Direction;2;Best Song Ever;know;94;And you know, I __, you know I'll remember you;silent_cons;silent_cons;silent_cons_and_foreign;105330;109400;4070;0;0
17323;2;-RAA-j3f1VU;2442;One Direction;2;Best Song Ever;know;94;And you know, I know, you __ I'll remember you;silent_cons;silent_cons;silent_cons_and_foreign;105330;109400;4070;0;0
17324;2;-RAA-j3f1VU;2442;One Direction;2;Best Song Ever;know;95;And I __, you know, I hope you'll remember how we danced;silent_cons;silent_cons;silent_cons_and_foreign;109400;115360;5960;0;0
17325;2;-RAA-j3f1VU;2442;One Direction;2;Best Song Ever;know;95;And I know, you __, I hope you'll remember how we danced;silent_cons;silent_cons;silent_cons_and_foreign;109400;115360;5960;0;0
17326;2;-RAA-j3f1VU;2442;One Direction;2;Best Song Ever;knew;99;We __ every line, now I can't remember;silent_cons;silent_cons;silent_cons_and_foreign;124760;128840;4080;0;0
17327;2;-RAA-j3f1VU;2442;One Direction;2;Best Song Ever;know;100;How it goes but I __ that I won't forget her;silent_cons;silent_cons;silent_cons_and_foreign;128840;132830;3990;0;0
17328;2;-RAA-j3f1VU;2442;One Direction;2;Best Song Ever;knew;104;We __ every line, now I can't remember;silent_cons;silent_cons;silent_cons_and_foreign;141010;145000;3990;0;0
17329;2;-RAA-j3f1VU;2442;One Direction;2;Best Song Ever;know;105;How it goes but I __ that I won't forget her;silent_cons;silent_cons;silent_cons_and_foreign;145000;149220;4220;0;0
17460;40;WA4iX5D9Z64;16;Taylor Swift;41;We Are Never Ever Getting Back Together;know;2544;'And I'm like... I mean this is exhausting, you __?';silent_cons;silent_cons;silent_cons_and_foreign;141160;145070;3910;0;0
17461;42;AqajUg85Ax4;17;Avril Lavigne;43;Let Me Go;know;2660;I let it go, and now I __;silent_cons;silent_cons;silent_cons_and_foreign;164680;168620;3940;0;0
17462;42;AqajUg85Ax4;17;Avril Lavigne;43;Let Me Go;know;2662;Where it's right, you always __;silent_cons;silent_cons;silent_cons_and_foreign;173200;177550;4350;0;0
17486;53;hLQl3WQQoQ0;21;Adele;54;Someone Like You;know;3281;You __ how the time flies;silent_cons;silent_cons;silent_cons_and_foreign;110490;116720;6230;0;0
17487;53;hLQl3WQQoQ0;21;Adele;54;Someone Like You;known;3299;Who would have __ how bittersweet;silent_cons;silent_cons;silent_cons_and_foreign;192130;197570;5440;0;0
17610;96;fWNaR-rxAic;48;Carly Rae Jepsen;97;Call Me Maybe;know;5608;I didn't __ I would feel it;silent_cons;silent_cons;silent_cons_and_foreign;76110;78760;2650;0;0
17611;96;fWNaR-rxAic;48;Carly Rae Jepsen;97;Call Me Maybe;know;5631;And you should __ that;silent_cons;silent_cons;silent_cons_and_foreign;132030;133920;1890;0;0
17612;96;fWNaR-rxAic;48;Carly Rae Jepsen;97;Call Me Maybe;know;5648;And you should __ that;silent_cons;silent_cons;silent_cons_and_foreign;179850;181820;1970;0;0
17761;165;RB-RcX5DS5A;353;Coldplay;170;The Scientist;know;9536;You don't __ how lovely you are;silent_cons;silent_cons;silent_cons_and_foreign;7920;14740;6820;0;0
17767;170;gnhXHvRoUd0;355;Kings Of Leon;175;Use Somebody;know;9758;You __ that I could use somebody;silent_cons;silent_cons;silent_cons_and_foreign;43290;50790;7500;0;0
17768;170;gnhXHvRoUd0;355;Kings Of Leon;175;Use Somebody;know;9759;You __ that I could use somebody;silent_cons;silent_cons;silent_cons_and_foreign;50790;58570;7780;0;0
17769;170;gnhXHvRoUd0;355;Kings Of Leon;175;Use Somebody;know;9761;Someone like you, and all you __, and how you speak;silent_cons;silent_cons;silent_cons_and_foreign;58570;65330;6760;0;0
17770;170;gnhXHvRoUd0;355;Kings Of Leon;175;Use Somebody;know;9764;You __ that I could use somebody;silent_cons;silent_cons;silent_cons_and_foreign;72080;79600;7520;0;0
17771;170;gnhXHvRoUd0;355;Kings Of Leon;175;Use Somebody;know;9765;You __ that I could use somebody;silent_cons;silent_cons;silent_cons_and_foreign;79600;86610;7010;0;0
18247;399;8UVNT4wvIGY;1798;Gotye;414;Somebody That I Used To Know;know;19827;Now you're just somebody that I used to __;silent_cons;silent_cons;silent_cons_and_foreign;118460;125840;7380;0;0
18248;399;8UVNT4wvIGY;1798;Gotye;414;Somebody That I Used To Know;know;19828;Now you're just somebody that I used to __;silent_cons;silent_cons;silent_cons_and_foreign;125840;133350;7510;0;0
18249;399;8UVNT4wvIGY;1798;Gotye;414;Somebody That I Used To Know;know;19829;Now you're just somebody that I used to __;silent_cons;silent_cons;silent_cons_and_foreign;133350;152670;19320;0;0
18250;399;8UVNT4wvIGY;1798;Gotye;414;Somebody That I Used To Know;know;19836;And I wouldn't catch you hung up on somebody that you used to __;silent_cons;silent_cons;silent_cons_and_foreign;177780;182500;4720;0;0
18251;399;8UVNT4wvIGY;1798;Gotye;414;Somebody That I Used To Know;know;19845;Now you're just somebody that I used to __;silent_cons;silent_cons;silent_cons_and_foreign;207860;211370;3510;0;0
18252;399;8UVNT4wvIGY;1798;Gotye;414;Somebody That I Used To Know;know;19846;Somebody, I used to __;silent_cons;silent_cons;silent_cons_and_foreign;211370;214840;3470;0;0
18253;399;8UVNT4wvIGY;1798;Gotye;414;Somebody That I Used To Know;know;19847;(Somebody) Now you're just somebody that I used to __;silent_cons;silent_cons;silent_cons_and_foreign;214840;218860;4020;0;0
18254;399;8UVNT4wvIGY;1798;Gotye;414;Somebody That I Used To Know;know;19848;Somebody, I used to __;silent_cons;silent_cons;silent_cons_and_foreign;218860;222280;3420;0;0
18255;399;8UVNT4wvIGY;1798;Gotye;414;Somebody That I Used To Know;know;19849;(Somebody) Now you're just somebody that I used to __;silent_cons;silent_cons;silent_cons_and_foreign;222280;237780;15500;0;0
18256;399;8UVNT4wvIGY;1798;Gotye;414;Somebody That I Used To Know;know;19850;I used to __, that I used to know, I used to know somebody;silent_cons;silent_cons;silent_cons_and_foreign;237780;245000;7220;0;0
18257;399;8UVNT4wvIGY;1798;Gotye;414;Somebody That I Used To Know;know;19850;I used to know, that I used to __, I used to know somebody;silent_cons;silent_cons;silent_cons_and_foreign;237780;245000;7220;0;0
18258;399;8UVNT4wvIGY;1798;Gotye;414;Somebody That I Used To Know;know;19850;I used to know, that I used to know, I used to __ somebody;silent_cons;silent_cons;silent_cons_and_foreign;237780;245000;7220;0;0
18409;494;iS1g8G_njx8;2409;Ariana Grande;759;Problem;know;40147;I __ you're never gonna wake up;silent_cons;silent_cons;silent_cons_and_foreign;61230;63120;1890;0;0
18410;494;iS1g8G_njx8;2409;Ariana Grande;759;Problem;know;40150;I __ I shouldn't ever call back;silent_cons;silent_cons;silent_cons_and_foreign;66030;67740;1710;0;0
18411;494;iS1g8G_njx8;2409;Ariana Grande;759;Problem;know;40177;You saying that you __;silent_cons;silent_cons;silent_cons_and_foreign;117260;118500;1240;0;0
18412;495;bg1sT4ILG0w;2410;Nico And Vinz;760;Am I Wrong;know;40224;If one thing I __, I'll fall but I'll grow;silent_cons;silent_cons;silent_cons_and_foreign;54070;58150;4080;0;0
18413;496;pB-5XG-DbAA;2411;Sam Smith;761;Stay With Me;know;40298;And deep down I __ this never works;silent_cons;silent_cons;silent_cons_and_foreign;97090;102760;5670;0;0
18426;505;xOYJXMfoBN8;2419;Ed Sheeran;770;Don'T;know;40799;I don't wanna __ that babe;silent_cons;silent_cons;silent_cons_and_foreign;58030;60670;2640;0;0
18427;505;xOYJXMfoBN8;2419;Ed Sheeran;770;Don'T;knows;40801;I told her, she __;silent_cons;silent_cons;silent_cons_and_foreign;63120;65610;2490;0;0
18428;505;xOYJXMfoBN8;2419;Ed Sheeran;770;Don'T;know;40803;I don't wanna __ that babe;silent_cons;silent_cons;silent_cons_and_foreign;68020;70020;2000;0;0
18429;505;xOYJXMfoBN8;2419;Ed Sheeran;770;Don'T;know;40826;I don't wanna __ that babe;silent_cons;silent_cons;silent_cons_and_foreign;118560;120380;1820;0;0
18430;505;xOYJXMfoBN8;2419;Ed Sheeran;770;Don'T;knows;40828;I told her, she __;silent_cons;silent_cons;silent_cons_and_foreign;123730;125760;2030;0;0
18431;505;xOYJXMfoBN8;2419;Ed Sheeran;770;Don'T;know;40830;I don't wanna __ that babe;silent_cons;silent_cons;silent_cons_and_foreign;128740;130490;1750;0;0
18432;505;xOYJXMfoBN8;2419;Ed Sheeran;770;Don'T;know;40833;I don't even __ if she knows what for;silent_cons;silent_cons;silent_cons_and_foreign;136040;138030;1990;0;0
18433;505;xOYJXMfoBN8;2419;Ed Sheeran;770;Don'T;knows;40833;I don't even know if she __ what for;silent_cons;silent_cons;silent_cons_and_foreign;136040;138030;1990;0;0
18434;505;xOYJXMfoBN8;2419;Ed Sheeran;770;Don'T;knows;40847;And all this time God __ I'm singing;silent_cons;silent_cons;silent_cons_and_foreign;168350;170990;2640;0;0
18435;505;xOYJXMfoBN8;2419;Ed Sheeran;770;Don'T;know;40852;I don't wanna __ that babe;silent_cons;silent_cons;silent_cons_and_foreign;179230;180920;1690;0;0
18436;505;xOYJXMfoBN8;2419;Ed Sheeran;770;Don'T;knows;40854;I told her, she __;silent_cons;silent_cons;silent_cons_and_foreign;184270;186790;2520;0;0
18437;505;xOYJXMfoBN8;2419;Ed Sheeran;770;Don'T;know;40856;I don't wanna __ that babe;silent_cons;silent_cons;silent_cons_and_foreign;189400;191300;1900;0;0
18438;505;xOYJXMfoBN8;2419;Ed Sheeran;770;Don'T;know;40861;I don't wanna __ that babe;silent_cons;silent_cons;silent_cons_and_foreign;199460;201600;2140;0;0
18439;505;xOYJXMfoBN8;2419;Ed Sheeran;770;Don'T;knows;40863;I told her, she __;silent_cons;silent_cons;silent_cons_and_foreign;204510;207060;2550;0;0
18440;505;xOYJXMfoBN8;2419;Ed Sheeran;770;Don'T;know;40865;I don't wanna __ that babe;silent_cons;silent_cons;silent_cons_and_foreign;209660;205000;-4660;0;0
18490;516;EpbjEttizy8;2433;David Guetta;783;Lovers On The Sun;know;41711;We'll never __, we'll never know;silent_cons;silent_cons;silent_cons_and_foreign;95330;97990;2660;0;0
18491;516;EpbjEttizy8;2433;David Guetta;783;Lovers On The Sun;know;41711;We'll never know, we'll never __;silent_cons;silent_cons;silent_cons_and_foreign;95330;97990;2660;0;0
18492;519;IxxstCcJlsc;2425;Zedd;788;Clarity;know;41894;Hold still right before we crash because we both __ how this ends;silent_cons;silent_cons;silent_cons_and_foreign;24120;31180;7060;0;0
18493;519;IxxstCcJlsc;2425;Zedd;788;Clarity;know;41898;Chasing relentlessly, still fight and I don't __ why;silent_cons;silent_cons;silent_cons_and_foreign;46650;54090;7440;0;0
18494;519;IxxstCcJlsc;2425;Zedd;788;Clarity;know;41907;Don't speak as I try to leave because we both __ what we'll choose;silent_cons;silent_cons;silent_cons_and_foreign;136250;143960;7710;0;0
18495;519;IxxstCcJlsc;2425;Zedd;788;Clarity;know;41911;Chasing relentlessly, still fight and I don't __ why;silent_cons;silent_cons;silent_cons_and_foreign;159280;166530;7250;0;0
18516;528;nlcIKh6sBtc;2444;Lorde;797;Royals;knows;42570;And everyone who __ us knows that we're fine with this;silent_cons;silent_cons;silent_cons_and_foreign;94790;103070;8280;0;0
18517;528;nlcIKh6sBtc;2444;Lorde;797;Royals;knows;42570;And everyone who knows us __ that we're fine with this;silent_cons;silent_cons;silent_cons_and_foreign;94790;103070;8280;0;0
18518;529;RBumgq5yVrA;2446;Passenger;798;Let Her Go;know;42603;Only __ you love her when you let her go;silent_cons;silent_cons;silent_cons_and_foreign;32340;38400;6060;0;0
18519;529;RBumgq5yVrA;2446;Passenger;798;Let Her Go;know;42604;Only __ you've been high when you're feeling low;silent_cons;silent_cons;silent_cons_and_foreign;38400;42200;3800;0;0
18520;529;RBumgq5yVrA;2446;Passenger;798;Let Her Go;know;42606;Only __ you love her when you let her go;silent_cons;silent_cons;silent_cons_and_foreign;45300;50830;5530;0;0
18521;529;RBumgq5yVrA;2446;Passenger;798;Let Her Go;know;42618;Only __ you love her when you let her go;silent_cons;silent_cons;silent_cons_and_foreign;95990;101960;5970;0;0
18522;529;RBumgq5yVrA;2446;Passenger;798;Let Her Go;know;42619;Only __ you've been high when you're feeling low;silent_cons;silent_cons;silent_cons_and_foreign;101960;105720;3760;0;0
18523;529;RBumgq5yVrA;2446;Passenger;798;Let Her Go;know;42621;Only __ you love her when you let her go;silent_cons;silent_cons;silent_cons_and_foreign;108970;115740;6770;0;0
18524;529;RBumgq5yVrA;2446;Passenger;798;Let Her Go;know;42632;Only __ you love her when you let her go;silent_cons;silent_cons;silent_cons_and_foreign;147120;153130;6010;0;0
18525;529;RBumgq5yVrA;2446;Passenger;798;Let Her Go;know;42633;Only __ you've been high when you're feeling low;silent_cons;silent_cons;silent_cons_and_foreign;153130;156640;3510;0;0
18526;529;RBumgq5yVrA;2446;Passenger;798;Let Her Go;know;42635;Only __ you love her when you let her go;silent_cons;silent_cons;silent_cons_and_foreign;159890;165900;6010;0;0
18527;529;RBumgq5yVrA;2446;Passenger;798;Let Her Go;know;42644;Only __ you love her when you let her go;silent_cons;silent_cons;silent_cons_and_foreign;198560;204570;6010;0;0
18528;529;RBumgq5yVrA;2446;Passenger;798;Let Her Go;know;42645;Only __ you've been high when you're feeling low;silent_cons;silent_cons;silent_cons_and_foreign;204570;208140;3570;0;0
18529;529;RBumgq5yVrA;2446;Passenger;798;Let Her Go;know;42647;Only __ you love her when you let her go;silent_cons;silent_cons;silent_cons_and_foreign;211390;217000;5610;0;0
18530;529;RBumgq5yVrA;2446;Passenger;798;Let Her Go;know;42651;Only __ you love her when you let her go;silent_cons;silent_cons;silent_cons_and_foreign;224670;230890;6220;0;0
18531;529;RBumgq5yVrA;2446;Passenger;798;Let Her Go;know;42652;Only __ you've been high when you're feeling low;silent_cons;silent_cons;silent_cons_and_foreign;230890;235390;4500;0;0
18532;529;RBumgq5yVrA;2446;Passenger;798;Let Her Go;know;42654;Only __ you love her when you let her go;silent_cons;silent_cons;silent_cons_and_foreign;238900;245250;6350;0;0
18569;537;QJO3ROT-A4E;2442;One Direction;807;What Makes You Beautiful;know;43360;Don't __ what for;silent_cons;silent_cons;silent_cons_and_foreign;12690;14670;1980;0;0
18570;537;QJO3ROT-A4E;2442;One Direction;807;What Makes You Beautiful;know;43371;You don't __;silent_cons;silent_cons;silent_cons_and_foreign;45320;48150;2830;0;0
18571;537;QJO3ROT-A4E;2442;One Direction;807;What Makes You Beautiful;know;43372;You don't __ you're beautiful;silent_cons;silent_cons;silent_cons_and_foreign;48150;49820;1670;0;0
18572;537;QJO3ROT-A4E;2442;One Direction;807;What Makes You Beautiful;know;43376;You don't __;silent_cons;silent_cons;silent_cons_and_foreign;60750;63330;2580;0;0
18573;537;QJO3ROT-A4E;2442;One Direction;807;What Makes You Beautiful;know;43377;You don't __ you're beautiful;silent_cons;silent_cons;silent_cons_and_foreign;63330;67040;3710;0;0
18574;537;QJO3ROT-A4E;2442;One Direction;807;What Makes You Beautiful;know;43382;I don't __ why, you're being shy;silent_cons;silent_cons;silent_cons_and_foreign;79740;83660;3920;0;0
18575;537;QJO3ROT-A4E;2442;One Direction;807;What Makes You Beautiful;know;43391;You don't __;silent_cons;silent_cons;silent_cons_and_foreign;106960;109460;2500;0;0
18576;537;QJO3ROT-A4E;2442;One Direction;807;What Makes You Beautiful;know;43392;You don't __ you're beautiful;silent_cons;silent_cons;silent_cons_and_foreign;109460;111380;1920;0;0
18577;537;QJO3ROT-A4E;2442;One Direction;807;What Makes You Beautiful;know;43396;You don't __;silent_cons;silent_cons;silent_cons_and_foreign;122260;124710;2450;0;0
18578;537;QJO3ROT-A4E;2442;One Direction;807;What Makes You Beautiful;know;43397;You don't __ you're beautiful;silent_cons;silent_cons;silent_cons_and_foreign;124710;128620;3910;0;0
18579;537;QJO3ROT-A4E;2442;One Direction;807;What Makes You Beautiful;know;43405;You don't __;silent_cons;silent_cons;silent_cons_and_foreign;156760;159490;2730;0;0
18580;537;QJO3ROT-A4E;2442;One Direction;807;What Makes You Beautiful;know;43406;You don't __ you're beautiful;silent_cons;silent_cons;silent_cons_and_foreign;159490;161060;1570;0;0
18581;537;QJO3ROT-A4E;2442;One Direction;807;What Makes You Beautiful;know;43411;You don't __;silent_cons;silent_cons;silent_cons_and_foreign;172240;174870;2630;0;0
18582;537;QJO3ROT-A4E;2442;One Direction;807;What Makes You Beautiful;know;43412;You don't __ you're beautiful;silent_cons;silent_cons;silent_cons_and_foreign;174870;176720;1850;0;0
18583;537;QJO3ROT-A4E;2442;One Direction;807;What Makes You Beautiful;know;43416;You don't __;silent_cons;silent_cons;silent_cons_and_foreign;187550;189920;2370;0;0
18584;537;QJO3ROT-A4E;2442;One Direction;807;What Makes You Beautiful;know;43417;You don't __ you're beautiful;silent_cons;silent_cons;silent_cons_and_foreign;189920;193820;3900;0;0
18585;537;QJO3ROT-A4E;2442;One Direction;807;What Makes You Beautiful;know;43418;You don't __ you're beautiful;silent_cons;silent_cons;silent_cons_and_foreign;193820;197500;3680;0;0
18586;538;_kqQDCxRCzM;2442;One Direction;808;You And I;know;43425;I __ how it goes;silent_cons;silent_cons;silent_cons_and_foreign;33770;36740;2970;0;0
18587;538;_kqQDCxRCzM;2442;One Direction;808;You And I;know;43426;I __ how it goes from wrong and right;silent_cons;silent_cons;silent_cons_and_foreign;36740;44540;7800;0;0
18588;540;Y1xs_xPb46M;2442;One Direction;810;One Thing;know;43564;I don't, I don't, don't __ what it is;silent_cons;silent_cons;silent_cons_and_foreign;56170;60000;3830;0;0
18589;540;Y1xs_xPb46M;2442;One Direction;810;One Thing;know;43574;Cause I'm dying just to __ your name;silent_cons;silent_cons;silent_cons_and_foreign;89800;93350;3550;0;0
18590;540;Y1xs_xPb46M;2442;One Direction;810;One Thing;know;43580;I don't, I don't, don't __ what it is;silent_cons;silent_cons;silent_cons_and_foreign;109110;112770;3660;0;0
18591;540;Y1xs_xPb46M;2442;One Direction;810;One Thing;know;43585;I don't, I don't, don't __ what it is;silent_cons;silent_cons;silent_cons_and_foreign;124280;128050;3770;0;0
18592;540;Y1xs_xPb46M;2442;One Direction;810;One Thing;know;43596;I don't, I don't, don't __ what it is;silent_cons;silent_cons;silent_cons_and_foreign;165990;169490;3500;0;0
18593;540;Y1xs_xPb46M;2442;One Direction;810;One Thing;know;43601;I don't, I don't, don't __ what it is;silent_cons;silent_cons;silent_cons_and_foreign;180940;184600;3660;0;0
18598;544;-2U0Ivkn2Ds;2455;Christina Aguilera;814;Say Something;know;43752;I __ nothing at all;silent_cons;silent_cons;silent_cons_and_foreign;69720;76270;6550;0;0
18599;545;T_igmjEB560;2456;Florida Georgia Line;815;Stay;know;43786;(Girl you gotta __ I love you);silent_cons;silent_cons;silent_cons_and_foreign;88510;91010;2500;0;0
18600;545;T_igmjEB560;2456;Florida Georgia Line;815;Stay;know;43789;(I guess I __ what it feels like it to be alone);silent_cons;silent_cons;silent_cons_and_foreign;95270;98530;3260;0;0
18601;545;T_igmjEB560;2456;Florida Georgia Line;815;Stay;know;43791;(I __ you know that I need you just to carry on);silent_cons;silent_cons;silent_cons_and_foreign;101780;104790;3010;0;0
18602;545;T_igmjEB560;2456;Florida Georgia Line;815;Stay;know;43791;(I know you __ that I need you just to carry on);silent_cons;silent_cons;silent_cons_and_foreign;101780;104790;3010;0;0
18603;545;T_igmjEB560;2456;Florida Georgia Line;815;Stay;know;43805;Please __ this is not your fault;silent_cons;silent_cons;silent_cons_and_foreign;165490;168750;3260;0;0
18604;545;T_igmjEB560;2456;Florida Georgia Line;815;Stay;know;43816;(Girl you gotta __ I love you);silent_cons;silent_cons;silent_cons_and_foreign;203500;205890;2390;0;0
18605;548;40nFOYGVJtY;2459;Clean Bandit;818;Extraordinary;know;43945;I don't __ how much more I can take;silent_cons;silent_cons;silent_cons_and_foreign;37090;40770;3680;0;0
18606;548;40nFOYGVJtY;2459;Clean Bandit;818;Extraordinary;know;43967;Because I'm the only one, who __ the things you've done;silent_cons;silent_cons;silent_cons_and_foreign;120350;124360;4010;0;0
18607;550;CsFb661EXsI;2461;James Blunt;820;Heart To Heart;know;44141;There are times when I don't __ where I stand, sometimes;silent_cons;silent_cons;silent_cons_and_foreign;12070;16890;4820;0;0
18608;550;CsFb661EXsI;2461;James Blunt;820;Heart To Heart;know;44146;It's ok, because I __;silent_cons;silent_cons;silent_cons_and_foreign;35890;38960;3070;0;0
18609;550;CsFb661EXsI;2461;James Blunt;820;Heart To Heart;know;44153;You should __;silent_cons;silent_cons;silent_cons_and_foreign;64840;67440;2600;0;0
18610;550;CsFb661EXsI;2461;James Blunt;820;Heart To Heart;know;44161;It's ok, because I __;silent_cons;silent_cons;silent_cons_and_foreign;108180;110960;2780;0;0
18611;550;CsFb661EXsI;2461;James Blunt;820;Heart To Heart;know;44168;You should __;silent_cons;silent_cons;silent_cons_and_foreign;136570;139670;3100;0;0
18612;550;CsFb661EXsI;2461;James Blunt;820;Heart To Heart;know;44180;You should __;silent_cons;silent_cons;silent_cons_and_foreign;184690;187750;3060;0;0
18613;551;yVdnvQsKyUs;2462;Hunter Hayes;821;Everybody'S Got Somebody But Me;know;44190;I don't __ how I landed on this movie set;silent_cons;silent_cons;silent_cons_and_foreign;34510;37980;3470;0;0
18614;551;yVdnvQsKyUs;2462;Hunter Hayes;821;Everybody'S Got Somebody But Me;know;44197;I __ we're through;silent_cons;silent_cons;silent_cons_and_foreign;54730;58320;3590;0;0
18615;551;yVdnvQsKyUs;2462;Hunter Hayes;821;Everybody'S Got Somebody But Me;know;44202;I'm a good slow dancer but you'd never __;silent_cons;silent_cons;silent_cons_and_foreign;67960;70870;2910;0;0
18616;551;yVdnvQsKyUs;2462;Hunter Hayes;821;Everybody'S Got Somebody But Me;know;44211;I __ we're through;silent_cons;silent_cons;silent_cons_and_foreign;94290;97800;3510;0;0
18617;551;yVdnvQsKyUs;2462;Hunter Hayes;821;Everybody'S Got Somebody But Me;know;44216;Seems like even cupid don't __ what to do;silent_cons;silent_cons;silent_cons_and_foreign;107880;111130;3250;0;0
18618;551;yVdnvQsKyUs;2462;Hunter Hayes;821;Everybody'S Got Somebody But Me;know;44219;I don't __ if I'll ever find another you;silent_cons;silent_cons;silent_cons_and_foreign;115260;121650;6390;0;0
18619;555;MKfzMOC19Fc;2466;5 Seconds Of Summer;825;Don'T Stop;know;44380;I gotta let you __;silent_cons;silent_cons;silent_cons_and_foreign;53330;55130;1800;0;0
18620;555;MKfzMOC19Fc;2466;5 Seconds Of Summer;825;Don'T Stop;know;44388;And you __ it, know it, know it;silent_cons;silent_cons;silent_cons_and_foreign;70910;73760;2850;0;0
18621;555;MKfzMOC19Fc;2466;5 Seconds Of Summer;825;Don'T Stop;know;44388;And you know it, __ it, know it;silent_cons;silent_cons;silent_cons_and_foreign;70910;73760;2850;0;0
18622;555;MKfzMOC19Fc;2466;5 Seconds Of Summer;825;Don'T Stop;know;44388;And you know it, know it, __ it;silent_cons;silent_cons;silent_cons_and_foreign;70910;73760;2850;0;0
18623;555;MKfzMOC19Fc;2466;5 Seconds Of Summer;825;Don'T Stop;know;44389;Don't stop because you __ that I like it;silent_cons;silent_cons;silent_cons_and_foreign;73760;79080;5320;0;0
18624;555;MKfzMOC19Fc;2466;5 Seconds Of Summer;825;Don'T Stop;know;44392;And you __ it, know it, know it;silent_cons;silent_cons;silent_cons_and_foreign;82950;86370;3420;0;0
18625;555;MKfzMOC19Fc;2466;5 Seconds Of Summer;825;Don'T Stop;know;44392;And you know it, __ it, know it;silent_cons;silent_cons;silent_cons_and_foreign;82950;86370;3420;0;0
18626;555;MKfzMOC19Fc;2466;5 Seconds Of Summer;825;Don'T Stop;know;44392;And you know it, know it, __ it;silent_cons;silent_cons;silent_cons_and_foreign;82950;86370;3420;0;0
18627;555;MKfzMOC19Fc;2466;5 Seconds Of Summer;825;Don'T Stop;know;44406;And you __ it, know it, know it;silent_cons;silent_cons;silent_cons_and_foreign;121690;125550;3860;0;0
18628;555;MKfzMOC19Fc;2466;5 Seconds Of Summer;825;Don'T Stop;know;44406;And you know it, __ it, know it;silent_cons;silent_cons;silent_cons_and_foreign;121690;125550;3860;0;0
18629;555;MKfzMOC19Fc;2466;5 Seconds Of Summer;825;Don'T Stop;know;44406;And you know it, know it, __ it;silent_cons;silent_cons;silent_cons_and_foreign;121690;125550;3860;0;0
18630;555;MKfzMOC19Fc;2466;5 Seconds Of Summer;825;Don'T Stop;know;44407;Don't stop because you __ that I like it;silent_cons;silent_cons;silent_cons_and_foreign;125550;131070;5520;0;0
18631;555;MKfzMOC19Fc;2466;5 Seconds Of Summer;825;Don'T Stop;know;44410;And you __ it, know it, know it;silent_cons;silent_cons;silent_cons_and_foreign;134730;138700;3970;0;0
18632;555;MKfzMOC19Fc;2466;5 Seconds Of Summer;825;Don'T Stop;know;44410;And you know it, __ it, know it;silent_cons;silent_cons;silent_cons_and_foreign;134730;138700;3970;0;0
18633;555;MKfzMOC19Fc;2466;5 Seconds Of Summer;825;Don'T Stop;know;44410;And you know it, know it, __ it;silent_cons;silent_cons;silent_cons_and_foreign;134730;138700;3970;0;0
18634;555;MKfzMOC19Fc;2466;5 Seconds Of Summer;825;Don'T Stop;know;44418;And you __ it, know it, know it;silent_cons;silent_cons;silent_cons_and_foreign;160370;163970;3600;0;0
18635;555;MKfzMOC19Fc;2466;5 Seconds Of Summer;825;Don'T Stop;know;44418;And you know it, __ it, know it;silent_cons;silent_cons;silent_cons_and_foreign;160370;163970;3600;0;0
18636;555;MKfzMOC19Fc;2466;5 Seconds Of Summer;825;Don'T Stop;know;44418;And you know it, know it, __ it;silent_cons;silent_cons;silent_cons_and_foreign;160370;163970;3600;0;0
18637;555;MKfzMOC19Fc;2466;5 Seconds Of Summer;825;Don'T Stop;know;44419;Don't stop because you __ that I like it;silent_cons;silent_cons;silent_cons_and_foreign;163970;169620;5650;0;0
18638;555;MKfzMOC19Fc;2466;5 Seconds Of Summer;825;Don'T Stop;know;44422;And you __ it, know it, know it, know it;silent_cons;silent_cons;silent_cons_and_foreign;173390;176890;3500;0;0
18639;555;MKfzMOC19Fc;2466;5 Seconds Of Summer;825;Don'T Stop;know;44422;And you know it, __ it, know it, know it;silent_cons;silent_cons;silent_cons_and_foreign;173390;176890;3500;0;0
18640;555;MKfzMOC19Fc;2466;5 Seconds Of Summer;825;Don'T Stop;know;44422;And you know it, know it, __ it, know it;silent_cons;silent_cons;silent_cons_and_foreign;173390;176890;3500;0;0
18641;555;MKfzMOC19Fc;2466;5 Seconds Of Summer;825;Don'T Stop;know;44422;And you know it, know it, know it, __ it;silent_cons;silent_cons;silent_cons_and_foreign;173390;176890;3500;0;0
18642;555;MKfzMOC19Fc;2466;5 Seconds Of Summer;825;Don'T Stop;know;44428;And you __ it, know it, know it;silent_cons;silent_cons;silent_cons_and_foreign;185910;189680;3770;0;0
18643;555;MKfzMOC19Fc;2466;5 Seconds Of Summer;825;Don'T Stop;know;44428;And you know it, __ it, know it;silent_cons;silent_cons;silent_cons_and_foreign;185910;189680;3770;0;0
18644;555;MKfzMOC19Fc;2466;5 Seconds Of Summer;825;Don'T Stop;know;44428;And you know it, know it, __ it;silent_cons;silent_cons;silent_cons_and_foreign;185910;189680;3770;0;0
18645;555;MKfzMOC19Fc;2466;5 Seconds Of Summer;825;Don'T Stop;know;44429;Don't stop, because you __ that I like it (you know that I like it);silent_cons;silent_cons;silent_cons_and_foreign;189680;195180;5500;0;0
18646;555;MKfzMOC19Fc;2466;5 Seconds Of Summer;825;Don'T Stop;know;44429;Don't stop, because you know that I like it (you __ that I like it);silent_cons;silent_cons;silent_cons_and_foreign;189680;195180;5500;0;0
18647;555;MKfzMOC19Fc;2466;5 Seconds Of Summer;825;Don'T Stop;know;44432;And you __ it, know it, know it;silent_cons;silent_cons;silent_cons_and_foreign;198930;219000;20070;0;0
18648;555;MKfzMOC19Fc;2466;5 Seconds Of Summer;825;Don'T Stop;know;44432;And you know it, __ it, know it;silent_cons;silent_cons;silent_cons_and_foreign;198930;219000;20070;0;0
18649;555;MKfzMOC19Fc;2466;5 Seconds Of Summer;825;Don'T Stop;know;44432;And you know it, know it, __ it;silent_cons;silent_cons;silent_cons_and_foreign;198930;219000;20070;0;0
18658;557;0go2nfVXFgA;2467;The Vamps;827;Somebody To You;know;44523;I need to __ your lips;silent_cons;silent_cons;silent_cons_and_foreign;87930;90350;2420;0;0
18659;558;sCDdQwVRwxM;2467;The Vamps;828;Wild Heart;know;44566;I don't __ her name;silent_cons;silent_cons;silent_cons_and_foreign;35030;38350;3320;0;0
18660;558;sCDdQwVRwxM;2467;The Vamps;828;Wild Heart;know;44599;And I __ it's late, I know it's cold;silent_cons;silent_cons;silent_cons_and_foreign;130780;135100;4320;0;0
18661;558;sCDdQwVRwxM;2467;The Vamps;828;Wild Heart;know;44599;And I know it's late, I __ it's cold;silent_cons;silent_cons;silent_cons_and_foreign;130780;135100;4320;0;0
18680;562;T4cdfRohhcg;2442;One Direction;830;Kiss You;know;44706;Baby, baby, don't you __ you got what I need;silent_cons;silent_cons;silent_cons_and_foreign;66440;69200;2760;0;0
18681;563;xGPeNN9S0Fg;2442;One Direction;831;Little Things;know;44745;I __ you've never loved the crinkles by your eyes when you smile;silent_cons;silent_cons;silent_cons_and_foreign;34600;39510;4910;0;0
18682;563;xGPeNN9S0Fg;2442;One Direction;831;Little Things;know;44756;I __ you've never loved the sound of your voice on tape;silent_cons;silent_cons;silent_cons_and_foreign;95400;100280;4880;0;0
18683;563;xGPeNN9S0Fg;2442;One Direction;831;Little Things;know;44757;You never want to __ how much you weight;silent_cons;silent_cons;silent_cons_and_foreign;100280;104360;4080;0;0
18684;563;xGPeNN9S0Fg;2442;One Direction;831;Little Things;know;44765;If I let you __, I'm here for you;silent_cons;silent_cons;silent_cons_and_foreign;152360;161470;9110;0;0
18693;567;LjhCEhWiKXk;2421;Bruno Mars;851;Just The Way You Are;know;45810;I __, I know when I compliment her she won't believe me;silent_cons;silent_cons;silent_cons_and_foreign;49620;54850;5230;0;0
18694;567;LjhCEhWiKXk;2421;Bruno Mars;851;Just The Way You Are;know;45810;I know, I __ when I compliment her she won't believe me;silent_cons;silent_cons;silent_cons_and_foreign;49620;54850;5230;0;0
18695;567;LjhCEhWiKXk;2421;Bruno Mars;851;Just The Way You Are;know;45826;You __, you know, you know I'd never ask you to change;silent_cons;silent_cons;silent_cons_and_foreign;120090;124850;4760;0;0
18696;567;LjhCEhWiKXk;2421;Bruno Mars;851;Just The Way You Are;know;45826;You know, you __, you know I'd never ask you to change;silent_cons;silent_cons;silent_cons_and_foreign;120090;124850;4760;0;0
18697;567;LjhCEhWiKXk;2421;Bruno Mars;851;Just The Way You Are;know;45826;You know, you know, you __ I'd never ask you to change;silent_cons;silent_cons;silent_cons_and_foreign;120090;124850;4760;0;0
18698;567;LjhCEhWiKXk;2421;Bruno Mars;851;Just The Way You Are;know;45828;So don't even bother asking if you look okay, you __ I'll say;silent_cons;silent_cons;silent_cons_and_foreign;129400;136730;7330;0;0
18699;568;SR6iYWJxHqs;2421;Bruno Mars;852;Grenade;known;45852;Should have __ you was trouble from the first kiss;silent_cons;silent_cons;silent_cons_and_foreign;12510;16620;4110;0;0
18700;568;SR6iYWJxHqs;2421;Bruno Mars;852;Grenade;know;45862;You __ I'd do anything for you;silent_cons;silent_cons;silent_cons_and_foreign;50210;55540;5330;0;0
18701;568;SR6iYWJxHqs;2421;Bruno Mars;852;Grenade;know;45881;You __ I'd do anything for you;silent_cons;silent_cons;silent_cons_and_foreign;124020;128550;4530;0;0
18702;568;SR6iYWJxHqs;2421;Bruno Mars;852;Grenade;know;45893;You __ I'd do anything for you;silent_cons;silent_cons;silent_cons_and_foreign;180360;184820;4460;0;0
18703;569;D1Xr-JFLxik;2448;Taylor Swift;870;White Horse;known;46966;I should've __, I should've known;silent_cons;silent_cons;silent_cons_and_foreign;47200;50200;3000;0;0
18704;569;D1Xr-JFLxik;2448;Taylor Swift;870;White Horse;known;46966;I should've known, I should've __;silent_cons;silent_cons;silent_cons_and_foreign;47200;50200;3000;0;0
18705;569;D1Xr-JFLxik;2448;Taylor Swift;870;White Horse;know;46978;My mistake I didn't __ to be in love;silent_cons;silent_cons;silent_cons_and_foreign;99080;103090;4010;0;0
18706;569;D1Xr-JFLxik;2448;Taylor Swift;870;White Horse;know;46983;Now I __;silent_cons;silent_cons;silent_cons_and_foreign;115130;117690;2560;0;0
18707;569;D1Xr-JFLxik;2448;Taylor Swift;870;White Horse;knees;46991;And there you are on your __;silent_cons;silent_cons;silent_cons_and_foreign;155880;160950;5070;0;0
18708;569;D1Xr-JFLxik;2448;Taylor Swift;870;White Horse;know;93060;'There's something you should __ about him';silent_cons;silent_cons;silent_cons_and_foreign;85810;209450;123640;0;0
18709;570;Jb2stN7kH28;2448;Taylor Swift;871;Our Song;know;47015;Cause it's late and your mama don't __;silent_cons;silent_cons;silent_cons_and_foreign;44350;46350;2000;0;0
18710;570;Jb2stN7kH28;2448;Taylor Swift;871;Our Song;know;47029;Because it's late and your mama don't __;silent_cons;silent_cons;silent_cons_and_foreign;98190;100190;2000;0;0
18711;570;Jb2stN7kH28;2448;Taylor Swift;871;Our Song;know;47040;Because it's late, and his mama don't __;silent_cons;silent_cons;silent_cons_and_foreign;150620;152820;2200;0;0
18712;571;VuNIsY6JdUw;2448;Taylor Swift;872;You Belong With Me;know;47092;And she'll never __ your story like I do;silent_cons;silent_cons;silent_cons_and_foreign;30210;37050;6840;0;0
18713;571;VuNIsY6JdUw;2448;Taylor Swift;872;You Belong With Me;know;47111;I __ you better then that;silent_cons;silent_cons;silent_cons_and_foreign;94170;96400;2230;0;0
18714;571;VuNIsY6JdUw;2448;Taylor Swift;872;You Belong With Me;know;47122;All this time how could you not __;silent_cons;silent_cons;silent_cons_and_foreign;133150;136490;3340;0;0
18715;571;VuNIsY6JdUw;2448;Taylor Swift;872;You Belong With Me;know;47127;When you __ you're about to cry;silent_cons;silent_cons;silent_cons_and_foreign;164270;166170;1900;0;0
18716;571;VuNIsY6JdUw;2448;Taylor Swift;872;You Belong With Me;know;47128;And I __ your favourite songs;silent_cons;silent_cons;silent_cons_and_foreign;166170;167930;1760;0;0
18717;571;VuNIsY6JdUw;2448;Taylor Swift;872;You Belong With Me;know;47130;I think I __ where you belong;silent_cons;silent_cons;silent_cons_and_foreign;169830;171640;1810;0;0
18718;571;VuNIsY6JdUw;2448;Taylor Swift;872;You Belong With Me;know;47131;I think I __ it's with me;silent_cons;silent_cons;silent_cons_and_foreign;171640;175520;3880;0;0
18719;571;VuNIsY6JdUw;2448;Taylor Swift;872;You Belong With Me;know;47137;How could you not __;silent_cons;silent_cons;silent_cons_and_foreign;195540;197510;1970;0;0
18737;572;8xg3vE8Ie_E;2448;Taylor Swift;874;Love Story;know;47217;Little did I __;silent_cons;silent_cons;silent_cons_and_foreign;43580;48320;4740;0;0
18738;572;8xg3vE8Ie_E;2448;Taylor Swift;874;Love Story;knew;47228;We keep quiet because we're dead if they __;silent_cons;silent_cons;silent_cons_and_foreign;89120;92160;3040;0;0
18739;572;8xg3vE8Ie_E;2448;Taylor Swift;874;Love Story;know;47249;Is this in my head? I don't __ what to think;silent_cons;silent_cons;silent_cons_and_foreign;189920;193320;3400;0;0
18740;572;8xg3vE8Ie_E;2448;Taylor Swift;874;Love Story;knelt;47250;He __ to the ground and pulled out a ring and said;silent_cons;silent_cons;silent_cons_and_foreign;193320;197880;4560;0;0
18741;572;8xg3vE8Ie_E;2448;Taylor Swift;874;Love Story;know;47252;I love you and that's all I really __;silent_cons;silent_cons;silent_cons_and_foreign;201830;205900;4070;0;0
18742;575;5NPBIwQyPWE;2439;Avril Lavigne;875;Complicated;know;47288;You __, you're not fooling anyone;silent_cons;silent_cons;silent_cons_and_foreign;115520;119580;4060;0;0
18743;573;0G3_kG5FFfQ;2439;Avril Lavigne;876;When You'Re Gone;know;47341;The face I came to __ is missing too;silent_cons;silent_cons;silent_cons_and_foreign;66650;70530;3880;0;0
18744;573;0G3_kG5FFfQ;2439;Avril Lavigne;876;When You'Re Gone;know;47359;The face I came to __ is missing too;silent_cons;silent_cons;silent_cons_and_foreign;147590;151560;3970;0;0
18745;573;0G3_kG5FFfQ;2439;Avril Lavigne;876;When You'Re Gone;know;47367;I __ we were;silent_cons;silent_cons;silent_cons_and_foreign;174300;179660;5360;0;0
18746;573;0G3_kG5FFfQ;2439;Avril Lavigne;876;When You'Re Gone;know;47369;And all I ever wanted was for you to __;silent_cons;silent_cons;silent_cons_and_foreign;179660;183410;3750;0;0
18747;573;0G3_kG5FFfQ;2439;Avril Lavigne;876;When You'Re Gone;know;47376;The face I came to __ is missing too;silent_cons;silent_cons;silent_cons_and_foreign;201210;205810;4600;0;0
18750;577;oofSnsGkops;2461;James Blunt;881;You'Re Beautiful;know;47615;And I don't __ what to do;silent_cons;silent_cons;silent_cons_and_foreign;66440;72520;6080;0;0
18751;577;oofSnsGkops;2461;James Blunt;881;You'Re Beautiful;know;47627;And I don't __ what to do;silent_cons;silent_cons;silent_cons_and_foreign;129090;135410;6320;0;0
18758;582;74aOxH4R5Ow;2424;Demi Lovato;912;Warrior;know;49382;In more ways than you __;silent_cons;silent_cons;silent_cons_and_foreign;110620;114970;4350;0;0
18760;585;Zi_XLOBDo_Y;2486;Michael Jackson;933;Billie Jean;know;50633;(You __ what you did, breaking my heart babe);silent_cons;silent_cons;silent_cons_and_foreign;258579;264750;6171;0;0
18761;586;PivWY9wn5ps;2486;Michael Jackson;934;Man In The Mirror;know;50656;They follow each other on the wind you __;silent_cons;silent_cons;silent_cons_and_foreign;56600;60810;4210;0;0
18762;586;PivWY9wn5ps;2486;Michael Jackson;934;Man In The Mirror;know;50658;That's why I want you to __;silent_cons;silent_cons;silent_cons_and_foreign;64370;67100;2730;0;0
18763;586;PivWY9wn5ps;2486;Michael Jackson;934;Man In The Mirror;know;50708;Just lift yourself, you __;silent_cons;silent_cons;silent_cons_and_foreign;242790;246310;3520;0;0
18764;586;PivWY9wn5ps;2486;Michael Jackson;934;Man In The Mirror;know;50731;You __ it! You know it! You know it! You know it!;silent_cons;silent_cons;silent_cons_and_foreign;286660;292630;5970;0;0
18765;586;PivWY9wn5ps;2486;Michael Jackson;934;Man In The Mirror;know;50731;You know it! You __ it! You know it! You know it!;silent_cons;silent_cons;silent_cons_and_foreign;286660;292630;5970;0;0
18766;586;PivWY9wn5ps;2486;Michael Jackson;934;Man In The Mirror;know;50731;You know it! You know it! You __ it! You know it!;silent_cons;silent_cons;silent_cons_and_foreign;286660;292630;5970;0;0
18767;586;PivWY9wn5ps;2486;Michael Jackson;934;Man In The Mirror;know;50731;You know it! You know it! You know it! You __ it!;silent_cons;silent_cons;silent_cons_and_foreign;286660;292630;5970;0;0
18770;591;hEhutIEUq8k;2489;Mika;948;We Are Golden;know;51598;Do you still think that you __?;silent_cons;silent_cons;silent_cons_and_foreign;109980;112500;2520;0;0
18771;643;r5yaoMjaAmE;2502;Christina Perri;980;Human;knives;53556;Your words in my head, __ in my heart;silent_cons;silent_cons;silent_cons_and_foreign;96660;99900;3240;0;0
18772;643;r5yaoMjaAmE;2502;Christina Perri;980;Human;knives;53571;Your words in my head, __ in my heart;silent_cons;silent_cons;silent_cons_and_foreign;163490;166820;3330;0;0
18773;643;r5yaoMjaAmE;2502;Christina Perri;980;Human;knives;53583;Your words in my head, __ in my heart;silent_cons;silent_cons;silent_cons_and_foreign;233570;236860;3290;0;0
18774;593;znlFu_lemsU;2503;Mary J. Blige;984;Family Affair;know;53743;Cause you __ we gots to get it crunk;silent_cons;silent_cons;silent_cons_and_foreign;44250;46830;2580;0;0
18775;594;WVe80iZtlYU;2506;Backstreet Boys;988;Incomplete;knew;53993;I tried to go on like I never __ you;silent_cons;silent_cons;silent_cons_and_foreign;49810;57240;7430;0;0
18776;594;WVe80iZtlYU;2506;Backstreet Boys;988;Incomplete;knew;54001;I tried to go on like I never __ you;silent_cons;silent_cons;silent_cons_and_foreign;125510;132370;6860;0;0
18777;594;WVe80iZtlYU;2506;Backstreet Boys;988;Incomplete;knew;54009;I tried to go on like I never __ you;silent_cons;silent_cons;silent_cons_and_foreign;183090;189620;6530;0;0
18779;596;GIQn8pab8Vc;2507;R. Kelly;991;I Believe I Can Fly;know;54089;But now I __ the meaning of true love;silent_cons;silent_cons;silent_cons_and_foreign;56100;64099;7999;0;0
18780;596;GIQn8pab8Vc;2507;R. Kelly;991;I Believe I Can Fly;know;54106;But first I __ it starts inside of me;silent_cons;silent_cons;silent_cons_and_foreign;152100;159500;7400;0;0
18784;601;mqFLXayD6e8;2512;Shania Twain;1004;That Don'T Impress Me Much;known;54941;I've __ a few guys who thought they were pretty smart;silent_cons;silent_cons;silent_cons_and_foreign;17000;20890;3890;0;0
18785;601;mqFLXayD6e8;2512;Shania Twain;1004;That Don'T Impress Me Much;knew;54954;I never __ a guy who carried a mirror in his pocket;silent_cons;silent_cons;silent_cons_and_foreign;70470;74910;4440;0;0
18787;605;6tpl9LtkRRw;2516;Ne-Yo;1016;One In A Million;know;55772;But I just don't __ (don't know girl);silent_cons;silent_cons;silent_cons_and_foreign;65860;69020;3160;0;0
18788;605;6tpl9LtkRRw;2516;Ne-Yo;1016;One In A Million;know;55772;But I just don't know (don't __ girl);silent_cons;silent_cons;silent_cons_and_foreign;65860;69020;3160;0;0
18789;605;6tpl9LtkRRw;2516;Ne-Yo;1016;One In A Million;know;55791;Baby 'cause my dough don't __ how to end;silent_cons;silent_cons;silent_cons_and_foreign;113570;116220;2650;0;0
18790;605;6tpl9LtkRRw;2516;Ne-Yo;1016;One In A Million;know;55795;But I just don't __ (don't know girl);silent_cons;silent_cons;silent_cons_and_foreign;123450;126590;3140;0;0
18791;605;6tpl9LtkRRw;2516;Ne-Yo;1016;One In A Million;know;55795;But I just don't know (don't __ girl);silent_cons;silent_cons;silent_cons_and_foreign;123450;126590;3140;0;0
18806;620;nfWlot6h_JM;2973;Christina Aguilera;1901;Shake It Off;know;99916;And that's what they don't __, that's what they don't know;silent_cons;silent_cons;silent_cons_and_foreign;82680;88510;5830;0;0
18807;620;nfWlot6h_JM;2973;Christina Aguilera;1901;Shake It Off;know;99916;And that's what they don't know, that's what they don't __;silent_cons;silent_cons;silent_cons_and_foreign;82680;88510;5830;0;0
18808;619;w1oM3kQpXRo;2973;Christina Aguilera;1916;Everything Has Changed;knew;100759;All I __ this morning when I woke;silent_cons;silent_cons;silent_cons_and_foreign;6830;12670;5840;0;0
18809;619;w1oM3kQpXRo;2973;Christina Aguilera;1916;Everything Has Changed;know;100760;Is I __ something now;silent_cons;silent_cons;silent_cons_and_foreign;12670;18810;6140;0;0
18810;619;w1oM3kQpXRo;2973;Christina Aguilera;1916;Everything Has Changed;know;100763;I just wanna __ you better, know you better;silent_cons;silent_cons;silent_cons_and_foreign;29890;36030;6140;0;0
18811;619;w1oM3kQpXRo;2973;Christina Aguilera;1916;Everything Has Changed;know;100763;I just wanna know you better, __ you better;silent_cons;silent_cons;silent_cons_and_foreign;29890;36030;6140;0;0
18812;619;w1oM3kQpXRo;2973;Christina Aguilera;1916;Everything Has Changed;know;100764;I just wanna __ you better, know you better;silent_cons;silent_cons;silent_cons_and_foreign;36030;42250;6220;0;0
18813;619;w1oM3kQpXRo;2973;Christina Aguilera;1916;Everything Has Changed;know;100764;I just wanna know you better, __ you better;silent_cons;silent_cons;silent_cons_and_foreign;36030;42250;6220;0;0
18814;619;w1oM3kQpXRo;2973;Christina Aguilera;1916;Everything Has Changed;know;100765;I just wanna __ you better, know you better;silent_cons;silent_cons;silent_cons_and_foreign;42250;48410;6160;0;0
18815;619;w1oM3kQpXRo;2973;Christina Aguilera;1916;Everything Has Changed;know;100765;I just wanna know you better, __ you better;silent_cons;silent_cons;silent_cons_and_foreign;42250;48410;6160;0;0
18816;619;w1oM3kQpXRo;2973;Christina Aguilera;1916;Everything Has Changed;know;100766;I just want to __ you, know you, know you;silent_cons;silent_cons;silent_cons_and_foreign;48410;53430;5020;0;0
18817;619;w1oM3kQpXRo;2973;Christina Aguilera;1916;Everything Has Changed;know;100766;I just want to know you, __ you, know you;silent_cons;silent_cons;silent_cons_and_foreign;48410;53430;5020;0;0
18818;619;w1oM3kQpXRo;2973;Christina Aguilera;1916;Everything Has Changed;know;100766;I just want to know you, know you, __ you;silent_cons;silent_cons;silent_cons_and_foreign;48410;53430;5020;0;0
18819;619;w1oM3kQpXRo;2973;Christina Aguilera;1916;Everything Has Changed;know;100768;Cause all I __ is we said hello;silent_cons;silent_cons;silent_cons_and_foreign;53430;56310;2880;0;0
18820;619;w1oM3kQpXRo;2973;Christina Aguilera;1916;Everything Has Changed;know;100770;All I __ is a simple name, everything has changed;silent_cons;silent_cons;silent_cons_and_foreign;59370;65680;6310;0;0
18821;619;w1oM3kQpXRo;2973;Christina Aguilera;1916;Everything Has Changed;know;100771;All I __ is you held the door;silent_cons;silent_cons;silent_cons_and_foreign;65680;68260;2580;0;0
18822;619;w1oM3kQpXRo;2973;Christina Aguilera;1916;Everything Has Changed;know;100773;All I __ since yesterday is everything has changed;silent_cons;silent_cons;silent_cons_and_foreign;71330;83360;12030;0;0
18823;619;w1oM3kQpXRo;2973;Christina Aguilera;1916;Everything Has Changed;know;100778;I just wanna __ you better, know you better;silent_cons;silent_cons;silent_cons_and_foreign;108010;114110;6100;0;0
18824;619;w1oM3kQpXRo;2973;Christina Aguilera;1916;Everything Has Changed;know;100778;I just wanna know you better, __ you better;silent_cons;silent_cons;silent_cons_and_foreign;108010;114110;6100;0;0
18825;619;w1oM3kQpXRo;2973;Christina Aguilera;1916;Everything Has Changed;know;100779;I just wanna __ you better, know you better;silent_cons;silent_cons;silent_cons_and_foreign;114110;120150;6040;0;0
18826;619;w1oM3kQpXRo;2973;Christina Aguilera;1916;Everything Has Changed;know;100779;I just wanna know you better, __ you better;silent_cons;silent_cons;silent_cons_and_foreign;114110;120150;6040;0;0
18827;619;w1oM3kQpXRo;2973;Christina Aguilera;1916;Everything Has Changed;know;100780;I just wanna __ you better, know you better;silent_cons;silent_cons;silent_cons_and_foreign;120150;126160;6010;0;0
18828;619;w1oM3kQpXRo;2973;Christina Aguilera;1916;Everything Has Changed;know;100780;I just wanna know you better, __ you better;silent_cons;silent_cons;silent_cons_and_foreign;120150;126160;6010;0;0
18829;619;w1oM3kQpXRo;2973;Christina Aguilera;1916;Everything Has Changed;know;100781;I just wanna __ you, know you, know you;silent_cons;silent_cons;silent_cons_and_foreign;126160;131540;5380;0;0
18830;619;w1oM3kQpXRo;2973;Christina Aguilera;1916;Everything Has Changed;know;100781;I just wanna know you, __ you, know you;silent_cons;silent_cons;silent_cons_and_foreign;126160;131540;5380;0;0
18831;619;w1oM3kQpXRo;2973;Christina Aguilera;1916;Everything Has Changed;know;100781;I just wanna know you, know you, __ you;silent_cons;silent_cons;silent_cons_and_foreign;126160;131540;5380;0;0
18832;619;w1oM3kQpXRo;2973;Christina Aguilera;1916;Everything Has Changed;know;100782;Cause all I __ is we said hello;silent_cons;silent_cons;silent_cons_and_foreign;131540;134310;2770;0;0
18833;619;w1oM3kQpXRo;2973;Christina Aguilera;1916;Everything Has Changed;know;100784;All I __ is a simple name, everything has changed;silent_cons;silent_cons;silent_cons_and_foreign;137530;143630;6100;0;0
18834;619;w1oM3kQpXRo;2973;Christina Aguilera;1916;Everything Has Changed;know;100785;All I __ is you held the door;silent_cons;silent_cons;silent_cons_and_foreign;143630;146330;2700;0;0
18835;619;w1oM3kQpXRo;2973;Christina Aguilera;1916;Everything Has Changed;know;100787;All I __ since yesterday is everything has changed;silent_cons;silent_cons;silent_cons_and_foreign;149330;156690;7360;0;0
18836;619;w1oM3kQpXRo;2973;Christina Aguilera;1916;Everything Has Changed;know;100791;And let me __ that it's not all in my mind;silent_cons;silent_cons;silent_cons_and_foreign;171780;179490;7710;0;0
18837;619;w1oM3kQpXRo;2973;Christina Aguilera;1916;Everything Has Changed;know;100792;I just wanna __ you better, know you better;silent_cons;silent_cons;silent_cons_and_foreign;179490;186080;6590;0;0
18838;619;w1oM3kQpXRo;2973;Christina Aguilera;1916;Everything Has Changed;know;100792;I just wanna know you better, __ you better;silent_cons;silent_cons;silent_cons_and_foreign;179490;186080;6590;0;0
18839;619;w1oM3kQpXRo;2973;Christina Aguilera;1916;Everything Has Changed;know;100793;I just wanna __ you, know you, know you;silent_cons;silent_cons;silent_cons_and_foreign;186080;191400;5320;0;0
18840;619;w1oM3kQpXRo;2973;Christina Aguilera;1916;Everything Has Changed;know;100793;I just wanna know you, __ you, know you;silent_cons;silent_cons;silent_cons_and_foreign;186080;191400;5320;0;0
18841;619;w1oM3kQpXRo;2973;Christina Aguilera;1916;Everything Has Changed;know;100793;I just wanna know you, know you, __ you;silent_cons;silent_cons;silent_cons_and_foreign;186080;191400;5320;0;0
18842;619;w1oM3kQpXRo;2973;Christina Aguilera;1916;Everything Has Changed;know;100794;All I __ is we said hello;silent_cons;silent_cons;silent_cons_and_foreign;191400;194430;3030;0;0
18843;619;w1oM3kQpXRo;2973;Christina Aguilera;1916;Everything Has Changed;know;100796;All I __ is a simple name, everything has changed;silent_cons;silent_cons;silent_cons_and_foreign;198010;203550;5540;0;0
18844;619;w1oM3kQpXRo;2973;Christina Aguilera;1916;Everything Has Changed;know;100797;All I __ is he held the door;silent_cons;silent_cons;silent_cons_and_foreign;203550;206320;2770;0;0
18845;619;w1oM3kQpXRo;2973;Christina Aguilera;1916;Everything Has Changed;know;100799;All I __ since yesterday is everything has changed;silent_cons;silent_cons;silent_cons_and_foreign;209290;215960;6670;0;0
18846;619;w1oM3kQpXRo;2973;Christina Aguilera;1916;Everything Has Changed;know;100800;All I __ is we said hello;silent_cons;silent_cons;silent_cons_and_foreign;215960;218700;2740;0;0
18847;619;w1oM3kQpXRo;2973;Christina Aguilera;1916;Everything Has Changed;know;100802;All I __ is pouring rain;silent_cons;silent_cons;silent_cons_and_foreign;221540;224710;3170;0;0
18848;619;w1oM3kQpXRo;2973;Christina Aguilera;1916;Everything Has Changed;know;100804;All I __ is a new found grace;silent_cons;silent_cons;silent_cons_and_foreign;227630;230450;2820;0;0
18849;619;w1oM3kQpXRo;2973;Christina Aguilera;1916;Everything Has Changed;know;100805;All my days, I'll __ your face;silent_cons;silent_cons;silent_cons_and_foreign;230450;233400;2950;0;0
18850;619;w1oM3kQpXRo;2973;Christina Aguilera;1916;Everything Has Changed;Know;107519;__ something now I didn't before;silent_cons;silent_cons;silent_cons_and_foreign;15040;23920;8880;0;0
18851;619;w1oM3kQpXRo;2973;Christina Aguilera;1916;Everything Has Changed;Know;107521;__w you better now;silent_cons;silent_cons;silent_cons_and_foreign;33930;39970;6040;0;0
18852;619;w1oM3kQpXRo;2973;Christina Aguilera;1916;Everything Has Changed;Know;107522;__ you better now;silent_cons;silent_cons;silent_cons_and_foreign;39970;45990;6020;0;0
18853;619;w1oM3kQpXRo;2973;Christina Aguilera;1916;Everything Has Changed;Know;107523;__ you better now;silent_cons;silent_cons;silent_cons_and_foreign;45990;93990;48000;0;0
18854;619;w1oM3kQpXRo;2973;Christina Aguilera;1916;Everything Has Changed;Know;107526;__ you better now;silent_cons;silent_cons;silent_cons_and_foreign;111820;117870;6050;0;0
18855;619;w1oM3kQpXRo;2973;Christina Aguilera;1916;Everything Has Changed;Know;107527;__ you better now;silent_cons;silent_cons;silent_cons_and_foreign;117870;123900;6030;0;0
18856;619;w1oM3kQpXRo;2973;Christina Aguilera;1916;Everything Has Changed;Know;107528;__ you better now;silent_cons;silent_cons;silent_cons_and_foreign;123900;183820;59920;0;0
18857;617;AgFeZr5ptV8;2973;Christina Aguilera;1917;22;know;100816;I don't __ about you but I'm feeling 22;silent_cons;silent_cons;silent_cons_and_foreign;41410;45860;4450;0;0
18858;617;AgFeZr5ptV8;2973;Christina Aguilera;1917;22;know;100818;You don't __ about me, but I'll bet you want to;silent_cons;silent_cons;silent_cons_and_foreign;50430;55220;4790;0;0
18859;617;AgFeZr5ptV8;2973;Christina Aguilera;1917;22;know;100828;I don't __ about you but I'm feeling 22;silent_cons;silent_cons;silent_cons_and_foreign;106020;110880;4860;0;0
18860;617;AgFeZr5ptV8;2973;Christina Aguilera;1917;22;know;100830;You don't __ about me, but I bet you want to;silent_cons;silent_cons;silent_cons_and_foreign;115280;120160;4880;0;0
18861;617;AgFeZr5ptV8;2973;Christina Aguilera;1917;22;know;100832;I don't __ about you, 22, 22;silent_cons;silent_cons;silent_cons_and_foreign;132370;142540;10170;0;0
18862;617;AgFeZr5ptV8;2973;Christina Aguilera;1917;22;know;100839;I don't __ about you but I'm feeling 22;silent_cons;silent_cons;silent_cons_and_foreign;170450;175320;4870;0;0
18863;617;AgFeZr5ptV8;2973;Christina Aguilera;1917;22;know;100841;You don't __ about me but I bet you want to;silent_cons;silent_cons;silent_cons_and_foreign;179910;184280;4370;0;0
18864;641;DCCJCILiX3o;2973;Christina Aguilera;1938;Amnesia;know;102012;It hurts to __ you're happy;silent_cons;silent_cons;silent_cons_and_foreign;115560;120150;4590;0;0
18865;616;AbPED9bisSc;2442;One Direction;1942;Live While We'Re Young;know;102199;Just pretending that we're cool and we __ it too;silent_cons;silent_cons;silent_cons_and_foreign;25910;29970;4060;0;0
18866;616;AbPED9bisSc;2442;One Direction;1942;Live While We'Re Young;know;102203;I __ we only met but let's pretend it's love;silent_cons;silent_cons;silent_cons_and_foreign;41120;44870;3750;0;0
18867;616;AbPED9bisSc;2442;One Direction;1942;Live While We'Re Young;know;102217;I __ we only met but let's pretend it's love;silent_cons;silent_cons;silent_cons_and_foreign;98070;102070;4000;0;0
18868;616;AbPED9bisSc;2442;One Direction;1942;Live While We'Re Young;know;102229;I __ we only met but let's pretend it's love;silent_cons;silent_cons;silent_cons_and_foreign;153300;157070;3770;0;0
18869;616;AbPED9bisSc;2442;One Direction;1942;Live While We'Re Young;know;102233;I __ we only met but let's pretend it's love;silent_cons;silent_cons;silent_cons_and_foreign;168790;172570;3780;0;0
18873;633;uVjRe8QXFHY;2973;Christina Aguilera;1976;The Best Of Both Worlds;know;103994;And you __ that it's the best of both worlds;silent_cons;silent_cons;silent_cons_and_foreign;61690;70880;9190;0;0
18874;633;uVjRe8QXFHY;2973;Christina Aguilera;1976;The Best Of Both Worlds;knows;103998;But school's cool 'cause nobody __;silent_cons;silent_cons;silent_cons_and_foreign;82790;87740;4950;0;0
18875;633;uVjRe8QXFHY;2973;Christina Aguilera;1976;The Best Of Both Worlds;know;104006;And you __ that it's the best of both;silent_cons;silent_cons;silent_cons_and_foreign;108000;114030;6030;0;0
18876;633;uVjRe8QXFHY;2973;Christina Aguilera;1976;The Best Of Both Worlds;know;104021;And you __ that it's the best;silent_cons;silent_cons;silent_cons_and_foreign;163300;164830;1530;0;0
18883;1;W-TE_Ys4iwM;2442;One Direction;2044;Story Of My Life;know;106758;I __ that in the morning now;silent_cons;silent_cons;silent_cons_and_foreign;114220;116610;2390;0;0
18884;607;Gqm873UWUdw;2442;One Direction;2045;Moments;know;106837;You __ I'll be your life, your voice, your reason to be;silent_cons;silent_cons;silent_cons_and_foreign;68300;76980;8680;0;0
18885;607;Gqm873UWUdw;2442;One Direction;2045;Moments;know;106860;You __ I'll be your life, your voice, your reason to be;silent_cons;silent_cons;silent_cons_and_foreign;157700;166130;8430;0;0
18886;607;Gqm873UWUdw;2442;One Direction;2045;Moments;know;106877;You __ I'll be your life, your voice, your reason to be;silent_cons;silent_cons;silent_cons_and_foreign;204940;212570;7630;0;0
18887;607;Gqm873UWUdw;2442;One Direction;2045;Moments;know;106883;You __ I'll be your life, your voice, your reason to be;silent_cons;silent_cons;silent_cons_and_foreign;230890;238290;7400;0;0
18888;608;e-ORhEE9VVg;2448;Taylor Swift;2046;Blank Space;know;106900;And I __ you heard about me;silent_cons;silent_cons;silent_cons_and_foreign;35740;38060;2320;0;0
18889;608;e-ORhEE9VVg;2448;Taylor Swift;2046;Blank Space;know;106912;'Cause you __ I love the players;silent_cons;silent_cons;silent_cons_and_foreign;62580;65280;2700;0;0
18890;608;e-ORhEE9VVg;2448;Taylor Swift;2046;Blank Space;know;106946;'Cause you __ I love the players;silent_cons;silent_cons;silent_cons_and_foreign;147490;150090;2600;0;0
18891;608;e-ORhEE9VVg;2448;Taylor Swift;2046;Blank Space;know;106969;'Cause you __ I love the players;silent_cons;silent_cons;silent_cons_and_foreign;207660;210200;2540;0;0
18903;613;UpsKGvPjAgw;2442;One Direction;2052;Steal My Girl;know;107265;I __, I know, I know for sure;silent_cons;silent_cons;silent_cons_and_foreign;136460;143630;7170;0;0
18903;613;UpsKGvPjAgw;2442;One Direction;2052;Steal My Girl;know;107265;I __, I know, I know for sure;silent_cons;silent_cons;silent_cons_and_foreign;136460;143630;7170;0;0
18904;613;UpsKGvPjAgw;2442;One Direction;2052;Steal My Girl;know;107265;I know, I __, I know for sure;silent_cons;silent_cons;silent_cons_and_foreign;136460;143630;7170;0;0
18904;613;UpsKGvPjAgw;2442;One Direction;2052;Steal My Girl;know;107265;I know, I __, I know for sure;silent_cons;silent_cons;silent_cons_and_foreign;136460;143630;7170;0;0
18905;613;UpsKGvPjAgw;2442;One Direction;2052;Steal My Girl;know;107265;I know, I know, I __ for sure;silent_cons;silent_cons;silent_cons_and_foreign;136460;143630;7170;0;0
18905;613;UpsKGvPjAgw;2442;One Direction;2052;Steal My Girl;know;107265;I know, I know, I __ for sure;silent_cons;silent_cons;silent_cons_and_foreign;136460;143630;7170;0;0
18906;613;UpsKGvPjAgw;2442;One Direction;2052;Steal My Girl;know;107294;But I __, I know, I know for sure;silent_cons;silent_cons;silent_cons_and_foreign;204840;211940;7100;0;0
18906;613;UpsKGvPjAgw;2442;One Direction;2052;Steal My Girl;know;107294;But I __, I know, I know for sure;silent_cons;silent_cons;silent_cons_and_foreign;204840;211940;7100;0;0
18907;613;UpsKGvPjAgw;2442;One Direction;2052;Steal My Girl;know;107294;But I know, I __, I know for sure;silent_cons;silent_cons;silent_cons_and_foreign;204840;211940;7100;0;0
18907;613;UpsKGvPjAgw;2442;One Direction;2052;Steal My Girl;know;107294;But I know, I __, I know for sure;silent_cons;silent_cons;silent_cons_and_foreign;204840;211940;7100;0;0
18908;613;UpsKGvPjAgw;2442;One Direction;2052;Steal My Girl;know;107294;But I know, I know, I __ for sure;silent_cons;silent_cons;silent_cons_and_foreign;204840;211940;7100;0;0
18908;613;UpsKGvPjAgw;2442;One Direction;2052;Steal My Girl;know;107294;But I know, I know, I __ for sure;silent_cons;silent_cons;silent_cons_and_foreign;204840;211940;7100;0;0
18909;613;UpsKGvPjAgw;2442;One Direction;2052;Steal My Girl;knows;107311;She __, she knows;silent_cons;silent_cons;silent_cons_and_foreign;248620;251610;2990;0;0
18909;613;UpsKGvPjAgw;2442;One Direction;2052;Steal My Girl;knows;107311;She __, she knows;silent_cons;silent_cons;silent_cons_and_foreign;248620;251610;2990;0;0
18910;613;UpsKGvPjAgw;2442;One Direction;2052;Steal My Girl;knows;107311;She knows, she __;silent_cons;silent_cons;silent_cons_and_foreign;248620;251610;2990;0;0
18910;613;UpsKGvPjAgw;2442;One Direction;2052;Steal My Girl;knows;107311;She knows, she __;silent_cons;silent_cons;silent_cons_and_foreign;248620;251610;2990;0;0
18911;613;UpsKGvPjAgw;2442;One Direction;2052;Steal My Girl;knows;107313;She __, she knows;silent_cons;silent_cons;silent_cons_and_foreign;254500;257700;3200;0;0
18911;613;UpsKGvPjAgw;2442;One Direction;2052;Steal My Girl;knows;107313;She __, she knows;silent_cons;silent_cons;silent_cons_and_foreign;254500;257700;3200;0;0
18912;613;UpsKGvPjAgw;2442;One Direction;2052;Steal My Girl;knows;107313;She knows, she __;silent_cons;silent_cons;silent_cons_and_foreign;254500;257700;3200;0;0
18912;613;UpsKGvPjAgw;2442;One Direction;2052;Steal My Girl;knows;107313;She knows, she __;silent_cons;silent_cons;silent_cons_and_foreign;254500;257700;3200;0;0
18913;614;g3o2TfrULck;2442;One Direction;2054;I Would;know;107399;Baby you should __ that I would (I would);silent_cons;silent_cons;silent_cons_and_foreign;49490;54110;4620;0;0
18914;614;g3o2TfrULck;2442;One Direction;2054;I Would;know;107403;Baby you should __ that I would;silent_cons;silent_cons;silent_cons_and_foreign;64690;68730;4040;0;0
18915;614;g3o2TfrULck;2442;One Direction;2054;I Would;know;107415;Baby you should __ that I would (I would);silent_cons;silent_cons;silent_cons_and_foreign;110290;114560;4270;0;0
18916;614;g3o2TfrULck;2442;One Direction;2054;I Would;know;107419;Baby you should __ that I would (I would, I would);silent_cons;silent_cons;silent_cons_and_foreign;125360;133710;8350;0;0
18917;614;g3o2TfrULck;2442;One Direction;2054;I Would;know;107429;Baby you should __ that I would;silent_cons;silent_cons;silent_cons_and_foreign;159580;165860;6280;0;0
18918;615;nvfejaHz-o0;2442;One Direction;2055;Gotta Be You;know;107345;And if you walk away I __ I'll fade;silent_cons;silent_cons;silent_cons_and_foreign;43740;49310;5570;0;0
18919;615;nvfejaHz-o0;2442;One Direction;2055;Gotta Be You;know;107362;But if you walk away,I __ I'll fade;silent_cons;silent_cons;silent_cons_and_foreign;116750;122650;5900;0;0
18920;618;Zlot0i3Zykw;2448;Taylor Swift;2056;Red;known;107470;Losing him was blue like I'd never __;silent_cons;silent_cons;silent_cons_and_foreign;45740;49460;3720;0;0
18921;618;Zlot0i3Zykw;2448;Taylor Swift;2056;Red;know;107472;Forgetting him was like trying to __ somebody you've never met;silent_cons;silent_cons;silent_cons_and_foreign;53230;60650;7420;0;0
18922;618;Zlot0i3Zykw;2448;Taylor Swift;2056;Red;known;107481;Losing him was blue like I'd never __;silent_cons;silent_cons;silent_cons_and_foreign;107320;111050;3730;0;0
18923;618;Zlot0i3Zykw;2448;Taylor Swift;2056;Red;know;107483;Forgetting him was like trying to __ somebody you've never met;silent_cons;silent_cons;silent_cons_and_foreign;114850;121880;7030;0;0
18924;618;Zlot0i3Zykw;2448;Taylor Swift;2056;Red;known;107495;Losing him was blue like I'd never __;silent_cons;silent_cons;silent_cons_and_foreign;168580;172450;3870;0;0
18925;618;Zlot0i3Zykw;2448;Taylor Swift;2056;Red;know;107497;Forgetting him was like trying to __ somebody you've never met;silent_cons;silent_cons;silent_cons_and_foreign;176380;183370;6990;0;0
18926;618;Zlot0i3Zykw;2448;Taylor Swift;2056;Red;knowing;107508;As easy as __ all the words to your old favourite song;silent_cons;silent_cons;silent_cons_and_foreign;84960;92830;7870;0;0
18928;622;TtCXUFImZYE;2957;Frozen;2058;Love Is An Open Door;knew;107576;One day she just shut me out and I never __ why;silent_cons;silent_cons;silent_cons_and_foreign;17990;23560;5570;0;0
18929;622;TtCXUFImZYE;2957;Frozen;2058;Love Is An Open Door;known;107587;And it's nothing like I've ever __ before;silent_cons;silent_cons;silent_cons_and_foreign;55890;60140;4250;0;0
18933;627;8EYVepDBAC0;2963;Hercules;2062;Go The Distance;know;107930;I __ every mile;silent_cons;silent_cons;silent_cons_and_foreign;37660;40200;2540;0;0
18934;627;8EYVepDBAC0;2963;Hercules;2062;Go The Distance;know;107938;I __ every mile;silent_cons;silent_cons;silent_cons_and_foreign;86390;89060;2670;0;0
18935;628;BlRvE9dKWQc;2958;High School Musical;2063;We'Re All In This Together;know;107969;Once we __;silent_cons;silent_cons;silent_cons_and_foreign;70590;72310;1720;0;0
18936;628;BlRvE9dKWQc;2958;High School Musical;2063;We'Re All In This Together;know;107990;Once we __;silent_cons;silent_cons;silent_cons_and_foreign;133000;134440;1440;0;0
18937;628;BlRvE9dKWQc;2958;High School Musical;2063;We'Re All In This Together;Know;108002;__ inside;silent_cons;silent_cons;silent_cons_and_foreign;152130;153350;1220;0;0
18938;628;BlRvE9dKWQc;2958;High School Musical;2063;We'Re All In This Together;know;108019;Once we __;silent_cons;silent_cons;silent_cons_and_foreign;199030;200740;1710;0;0
18939;628;BlRvE9dKWQc;2958;High School Musical;2063;We'Re All In This Together;Know;108031;__ inside;silent_cons;silent_cons;silent_cons_and_foreign;218280;219520;1240;0;0
18940;629;Axv3bGOawx0;3079;High School Musical 2;2064;All For One;know;108099;Girls, show them we __ how to groove;silent_cons;silent_cons;silent_cons_and_foreign;168520;171890;3370;0;0
18941;630;RU8aKj8t7gM;3080;Phil Collins;2065;On My Way;know;108157;'Actually, if you really want to __ how me and my mom got separated';silent_cons;silent_cons;silent_cons_and_foreign;0;3720;3720;0;0
18942;630;RU8aKj8t7gM;3080;Phil Collins;2065;On My Way;know;108204;'Gee, I didn't __ you had a little brother, he's cute';silent_cons;silent_cons;silent_cons_and_foreign;148700;151340;2640;0;0
18943;630;RU8aKj8t7gM;3080;Phil Collins;2065;On My Way;know;108208;'Just hang out.  That's right. It'd be fun, you __?';silent_cons;silent_cons;silent_cons_and_foreign;158600;160850;2250;0;0
18944;631;25QyCxVkXwQ;2624;Elton John;2066;Can You Feel The Love Tonight;know;108143;Why won't he be the king I __ he is;silent_cons;silent_cons;silent_cons_and_foreign;76930;80380;3450;0;0
18945;632;BV77nWMQgJI;3081;Aladdin;2067;A Whole New World;knew;108844;A dazzling place I never __;silent_cons;silent_cons;silent_cons_and_foreign;63750;96240;32490;0;0
18946;634;vLkp_Dx6VdI;3082;Mary Poppins;2068;A Spoonful Of Sugar;knows;108300;He __ a song will move the job along;silent_cons;silent_cons;silent_cons_and_foreign;58940;74350;15410;0;0
18949;638;78-bUVSiJMA;3084;Phineas And Ferb;2072;Today Is Gonna Be A Great Day;know;108492;We may miss dinner, but I __ mom will understand;silent_cons;silent_cons;silent_cons_and_foreign;122470;126830;4360;0;0
18950;644;lp-EO5I60KA;2419;Ed Sheeran;2074;Thinking Out Loud;know;108592;I __ you will still love me the same;silent_cons;silent_cons;silent_cons_and_foreign;129850;133660;3810;0;0
18951;646;7PCkvCPvDXk;2928;Meghan Trainor;2076;All About That Bass;know;108679;Because you __ ;silent_cons;silent_cons;silent_cons_and_foreign;1060;1930;870;0;0
18952;646;7PCkvCPvDXk;2928;Meghan Trainor;2076;All About That Bass;know;108689;We __ that shit ain't real;silent_cons;silent_cons;silent_cons_and_foreign;34480;36210;1730;0;0
18953;646;7PCkvCPvDXk;2928;Meghan Trainor;2076;All About That Bass;know;108696;You __ I won't be no stick-figure, silicone Barbie doll;silent_cons;silent_cons;silent_cons_and_foreign;58880;65930;7050;0;0
18954;646;7PCkvCPvDXk;2928;Meghan Trainor;2076;All About That Bass;know;108699;Because you __;silent_cons;silent_cons;silent_cons_and_foreign;72450;73530;1080;0;0
18955;646;7PCkvCPvDXk;2928;Meghan Trainor;2076;All About That Bass;know;108706;No, I'm just playing I __ you think you're fat;silent_cons;silent_cons;silent_cons_and_foreign;93370;97140;3770;0;0
18956;646;7PCkvCPvDXk;2928;Meghan Trainor;2076;All About That Bass;know;108711;You __ I won't be no stick-figure, silicone Barbie doll;silent_cons;silent_cons;silent_cons_and_foreign;115920;123240;7320;0;0
18957;646;7PCkvCPvDXk;2928;Meghan Trainor;2076;All About That Bass;know;108714;Because you __ ;silent_cons;silent_cons;silent_cons_and_foreign;129820;130900;1080;0;0
18958;646;7PCkvCPvDXk;2928;Meghan Trainor;2076;All About That Bass;know;108719;Because you __;silent_cons;silent_cons;silent_cons_and_foreign;144160;145000;840;0;0
18959;646;7PCkvCPvDXk;2928;Meghan Trainor;2076;All About That Bass;know;108724;Because you __ ;silent_cons;silent_cons;silent_cons_and_foreign;158300;159360;1060;0;0
18960;647;IcrbM1l_BoI;2445;Avicii;2077;Wake Me Up;know;108732;But I __ where to start;silent_cons;silent_cons;silent_cons_and_foreign;19770;23120;3350;0;0
18961;647;IcrbM1l_BoI;2445;Avicii;2077;Wake Me Up;know;108740;And I didn't __ I was lost;silent_cons;silent_cons;silent_cons_and_foreign;48840;53430;4590;0;0
18962;647;IcrbM1l_BoI;2445;Avicii;2077;Wake Me Up;know;108744;And I didn't __ I was lost;silent_cons;silent_cons;silent_cons_and_foreign;64760;71620;6860;0;0
18963;647;IcrbM1l_BoI;2445;Avicii;2077;Wake Me Up;know;108746;'Yeah, I __';silent_cons;silent_cons;silent_cons_and_foreign;74850;77020;2170;0;0
18964;647;IcrbM1l_BoI;2445;Avicii;2077;Wake Me Up;know;108759;And I didn't __ I was lost;silent_cons;silent_cons;silent_cons_and_foreign;161220;165360;4140;0;0
18965;647;IcrbM1l_BoI;2445;Avicii;2077;Wake Me Up;know;108763;And I didn't __ I was lost;silent_cons;silent_cons;silent_cons_and_foreign;176650;181700;5050;0;0
18966;647;IcrbM1l_BoI;2445;Avicii;2077;Wake Me Up;know;108764;Didn't __ I was lost;silent_cons;silent_cons;silent_cons_and_foreign;181700;185870;4170;0;0
18967;647;IcrbM1l_BoI;2445;Avicii;2077;Wake Me Up;know;108765;I didn't __ I was lost;silent_cons;silent_cons;silent_cons_and_foreign;185870;189810;3940;0;0
18968;647;IcrbM1l_BoI;2445;Avicii;2077;Wake Me Up;know;108766;I didn't __ I was lost;silent_cons;silent_cons;silent_cons_and_foreign;189810;193550;3740;0;0
18969;647;IcrbM1l_BoI;2445;Avicii;2077;Wake Me Up;know;108767;I didn't __ (didn't know, didn't know);silent_cons;silent_cons;silent_cons_and_foreign;193550;200350;6800;0;0
18970;647;IcrbM1l_BoI;2445;Avicii;2077;Wake Me Up;know;108767;I didn't know (didn't __, didn't know);silent_cons;silent_cons;silent_cons_and_foreign;193550;200350;6800;0;0
18971;647;IcrbM1l_BoI;2445;Avicii;2077;Wake Me Up;know;108767;I didn't know (didn't know, didn't __);silent_cons;silent_cons;silent_cons_and_foreign;193550;200350;6800;0;0
18972;648;UXTlczyWJ-Y;3086;Echosmith;2078;Cool Kids;know;108835;But they don't __ where they're going;silent_cons;silent_cons;silent_cons_and_foreign;94560;102070;7510;0;0
18973;648;UXTlczyWJ-Y;3086;Echosmith;2078;Cool Kids;knowing;108836;Living life without __;silent_cons;silent_cons;silent_cons_and_foreign;102070;118570;16500;0;0
18974;649;kxVUee4WsoA;2924;Birdy;2079;Not About Angels;know;108801;We __ full well there's just time;silent_cons;silent_cons;silent_cons_and_foreign;25360;34110;8750;0;0
18990;494;iS1g8G_njx8;2409;Ariana Grande;759;Problem;dumb;40193;So don't be __;silent_cons;silent_cons;silent_cons_and_foreign;137160;138100;940;0;0
18994;568;SR6iYWJxHqs;2421;Bruno Mars;852;Grenade;numb;45869;Beat me 'til I'm __,;silent_cons;silent_cons;silent_cons_and_foreign;80310;81960;1650;0;0
18997;601;mqFLXayD6e8;2512;Shania Twain;1004;That Don'T Impress Me Much;comb;54955;And a __ up his sleeve just in case;silent_cons;silent_cons;silent_cons_and_foreign;74910;78480;3570;0;0
18998;607;Gqm873UWUdw;2442;One Direction;2045;Moments;numb;106852;Voice's __;silent_cons;silent_cons;silent_cons_and_foreign;122140;125450;3310;0;0
18999;607;Gqm873UWUdw;2442;One Direction;2045;Moments;numb;106870;There's a __ in my toes;silent_cons;silent_cons;silent_cons_and_foreign;191770;193380;1610;0;0
19000;634;vLkp_Dx6VdI;3082;Mary Poppins;2068;A Spoonful Of Sugar;comb;108307;From the flowers to the __;silent_cons;silent_cons;silent_cons_and_foreign;155750;158100;2350;0;0
19025;614;g3o2TfrULck;2442;One Direction;2054;I Would;sign;107406;With a __ on my back saying: 'kick me!';silent_cons;silent_cons;silent_cons_and_foreign;76240;80260;4020;0;0
19026;638;78-bUVSiJMA;3084;Phineas And Ferb;2072;Today Is Gonna Be A Great Day;design;108491;Let's put our heads together and __ a master plan;silent_cons;silent_cons;silent_cons_and_foreign;115640;122470;6830;0;0
19073;591;hEhutIEUq8k;2489;Mika;948;We Are Golden;damn;51570;Who gives a __ about the family you come from?;silent_cons;silent_cons;silent_cons_and_foreign;26590;30560;3970;0;0
19074;591;hEhutIEUq8k;2489;Mika;948;We Are Golden;damn;51588;Who gives a __ about the family you come from?;silent_cons;silent_cons;silent_cons_and_foreign;81260;85280;4020;0;0
19075;591;hEhutIEUq8k;2489;Mika;948;We Are Golden;damn;51609;Who gives a __ about the family you come from?;silent_cons;silent_cons;silent_cons_and_foreign;143650;147670;4020;0;0
19076;591;hEhutIEUq8k;2489;Mika;948;We Are Golden;damn;51624;Who gives a __ about the family you come from?;silent_cons;silent_cons;silent_cons_and_foreign;190570;194330;3760;0;0
19087;605;6tpl9LtkRRw;2516;Ne-Yo;1016;One In A Million;damn;55787;You don't give a __ about the loot;silent_cons;silent_cons;silent_cons_and_foreign;105450;107800;2350;0;0
19088;618;Zlot0i3Zykw;2448;Taylor Swift;2056;Red;autumn;107468;Like the colours in __, so bright just before they lose it all;silent_cons;silent_cons;silent_cons_and_foreign;38620;45740;7120;0;0
19135;546;iX-QaNzd-0Y;2457;Milky Chance;816;Stolen Dance;absence;43849;Caused by __ of you;silent_cons;silent_cons;silent_cons_and_foreign;130220;133940;3720;0;0
19136;563;xGPeNN9S0Fg;2442;One Direction;831;Little Things;sense;44743;And it all makes __ to me;silent_cons;silent_cons;silent_cons_and_foreign;29790;34600;4810;0;0
19137;563;xGPeNN9S0Fg;2442;One Direction;831;Little Things;sense;44755;Though it makes no __ to me;silent_cons;silent_cons;silent_cons_and_foreign;90990;95400;4410;0;0
19143;641;DCCJCILiX3o;2973;Christina Aguilera;1938;Amnesia;sent;102009;The pictures that you __ me;silent_cons;silent_cons;silent_cons_and_foreign;101660;106170;4510;0;0
19196;171;G6ZiXEXg1KY;355;Kings Of Leon;176;Wait For Me;listen;9783;Gonna open my heart, right at the scar and __ up;silent_cons;silent_cons;silent_cons_and_foreign;23900;32509;8609;0;0
19197;171;G6ZiXEXg1KY;355;Kings Of Leon;176;Wait For Me;listen;9784;Gonna do what I'm told, go where I'm told and __ up;silent_cons;silent_cons;silent_cons_and_foreign;32509;40680;8171;0;0
19198;171;G6ZiXEXg1KY;355;Kings Of Leon;176;Wait For Me;listen;9785;Take a shot in the rain, one for the pain and __ up;silent_cons;silent_cons;silent_cons_and_foreign;40680;47860;7180;0;0
19230;494;iS1g8G_njx8;2409;Ariana Grande;759;Problem;listening;40190;I'm __ to you knowin';silent_cons;silent_cons;silent_cons_and_foreign;133600;134540;940;0;0
19235;570;Jb2stN7kH28;2448;Taylor Swift;871;Our Song;listened;47034;I've heard every album, __ to the radio;silent_cons;silent_cons;silent_cons_and_foreign;128000;133120;5120;0;0
19236;571;VuNIsY6JdUw;2448;Taylor Swift;872;You Belong With Me;listening;47091;I'm __ to the kind of music she doesn't like;silent_cons;silent_cons;silent_cons_and_foreign;26240;30210;3970;0;0
19760;495;bg1sT4ILG0w;2410;Nico And Vinz;760;Am I Wrong;wrong;40218;Am I __;silent_cons;silent_cons;silent_cons_and_foreign;29800;32040;2240;0;0
19761;495;bg1sT4ILG0w;2410;Nico And Vinz;760;Am I Wrong;wrong;40220;Am I __;silent_cons;silent_cons;silent_cons_and_foreign;37780;39890;2110;0;0
19762;495;bg1sT4ILG0w;2410;Nico And Vinz;760;Am I Wrong;wrong;40227;So am I __;silent_cons;silent_cons;silent_cons_and_foreign;61480;64360;2880;0;0
19763;495;bg1sT4ILG0w;2410;Nico And Vinz;760;Am I Wrong;wrong;40229;Now am I __?;silent_cons;silent_cons;silent_cons_and_foreign;69510;72020;2510;0;0
19764;495;bg1sT4ILG0w;2410;Nico And Vinz;760;Am I Wrong;wrong;40247;Am I __? (am I wrong?);silent_cons;silent_cons;silent_cons_and_foreign;125980;127980;2000;0;0
19765;495;bg1sT4ILG0w;2410;Nico And Vinz;760;Am I Wrong;wrong;40247;Am I wrong? (am I __?);silent_cons;silent_cons;silent_cons_and_foreign;125980;127980;2000;0;0
19766;495;bg1sT4ILG0w;2410;Nico And Vinz;760;Am I Wrong;wrong;40250;Now am I __? (am I wrong?);silent_cons;silent_cons;silent_cons_and_foreign;133690;136150;2460;0;0
19767;495;bg1sT4ILG0w;2410;Nico And Vinz;760;Am I Wrong;wrong;40250;Now am I wrong? (am I __?);silent_cons;silent_cons;silent_cons_and_foreign;133690;136150;2460;0;0
19768;495;bg1sT4ILG0w;2410;Nico And Vinz;760;Am I Wrong;wrong;40258;If you tell me I'm __, wrong;silent_cons;silent_cons;silent_cons_and_foreign;158610;162510;3900;0;0
19769;495;bg1sT4ILG0w;2410;Nico And Vinz;760;Am I Wrong;wrong;40258;If you tell me I'm wrong, __;silent_cons;silent_cons;silent_cons_and_foreign;158610;162510;3900;0;0
19770;495;bg1sT4ILG0w;2410;Nico And Vinz;760;Am I Wrong;wrong;40260;If you tell me I'm __, wrong;silent_cons;silent_cons;silent_cons_and_foreign;166550;170610;4060;0;0
19771;495;bg1sT4ILG0w;2410;Nico And Vinz;760;Am I Wrong;wrong;40260;If you tell me I'm wrong, __;silent_cons;silent_cons;silent_cons_and_foreign;166550;170610;4060;0;0
19772;495;bg1sT4ILG0w;2410;Nico And Vinz;760;Am I Wrong;wrong;40262;If you tell me I'm __, wrong;silent_cons;silent_cons;silent_cons_and_foreign;174580;178490;3910;0;0
19773;495;bg1sT4ILG0w;2410;Nico And Vinz;760;Am I Wrong;wrong;40262;If you tell me I'm wrong, __;silent_cons;silent_cons;silent_cons_and_foreign;174580;178490;3910;0;0
19774;495;bg1sT4ILG0w;2410;Nico And Vinz;760;Am I Wrong;wrong;40264;If you tell me I'm __, wrong;silent_cons;silent_cons;silent_cons_and_foreign;182490;186240;3750;0;0
19775;495;bg1sT4ILG0w;2410;Nico And Vinz;760;Am I Wrong;wrong;40264;If you tell me I'm wrong, __;silent_cons;silent_cons;silent_cons_and_foreign;182490;186240;3750;0;0
19776;495;bg1sT4ILG0w;2410;Nico And Vinz;760;Am I Wrong;wrong;40267;Am I __?;silent_cons;silent_cons;silent_cons_and_foreign;227620;230020;2400;0;0
19777;495;bg1sT4ILG0w;2410;Nico And Vinz;760;Am I Wrong;wrong;40269;Now am I __?;silent_cons;silent_cons;silent_cons_and_foreign;235530;238280;2750;0;0
19778;495;bg1sT4ILG0w;2410;Nico And Vinz;760;Am I Wrong;wrong;40276;So am I __? (am I wrong?);silent_cons;silent_cons;silent_cons_and_foreign;259640;262390;2750;0;0
19779;495;bg1sT4ILG0w;2410;Nico And Vinz;760;Am I Wrong;wrong;40276;So am I wrong? (am I __?);silent_cons;silent_cons;silent_cons_and_foreign;259640;262390;2750;0;0
19780;495;bg1sT4ILG0w;2410;Nico And Vinz;760;Am I Wrong;wrong;40279;Now am I __? (am I wrong?);silent_cons;silent_cons;silent_cons_and_foreign;267730;270230;2500;0;0
19781;495;bg1sT4ILG0w;2410;Nico And Vinz;760;Am I Wrong;wrong;40279;Now am I wrong? (am I __?);silent_cons;silent_cons;silent_cons_and_foreign;267730;270230;2500;0;0
19783;505;xOYJXMfoBN8;2419;Ed Sheeran;770;Don'T;written;40817;Wish I'd have __ it down, the way that things played out;silent_cons;silent_cons;silent_cons_and_foreign;102560;105020;2460;0;0
19795;537;QJO3ROT-A4E;2442;One Direction;807;What Makes You Beautiful;wrong;43380;So come on, you got it __;silent_cons;silent_cons;silent_cons_and_foreign;72160;75960;3800;0;0
19796;538;_kqQDCxRCzM;2442;One Direction;808;You And I;wrong;43426;I know how it goes from __ and right;silent_cons;silent_cons;silent_cons_and_foreign;36740;44540;7800;0;0
19797;545;T_igmjEB560;2456;Florida Georgia Line;815;Stay;wrote;43782;And if I __ you a love song and sang it to you every day,;silent_cons;silent_cons;silent_cons_and_foreign;70670;75480;4810;0;0
19798;545;T_igmjEB560;2456;Florida Georgia Line;815;Stay;wrote;43799;And if I __ you a love song and sang it to you every day,;silent_cons;silent_cons;silent_cons_and_foreign;131650;136410;4760;0;0
19799;545;T_igmjEB560;2456;Florida Georgia Line;815;Stay;wrote;43812;And if I __ you a love song and sang it to you every day,;silent_cons;silent_cons;silent_cons_and_foreign;185330;190330;5000;0;0
19800;548;40nFOYGVJtY;2459;Clean Bandit;818;Extraordinary;wrongs;43949;We're running out of time, two __ can make it right;silent_cons;silent_cons;silent_cons_and_foreign;52560;56200;3640;0;0
19801;548;40nFOYGVJtY;2459;Clean Bandit;818;Extraordinary;wrongs;43969;We're running out of time, two __ can make it right;silent_cons;silent_cons;silent_cons_and_foreign;128130;131850;3720;0;0
19806;570;Jb2stN7kH28;2448;Taylor Swift;871;Our Song;wrong;47021;Had gone all __ and been trampled on;silent_cons;silent_cons;silent_cons_and_foreign;72610;75370;2760;0;0
19807;570;Jb2stN7kH28;2448;Taylor Swift;871;Our Song;wrong;93066;He says: 'Baby, is something __?';silent_cons;silent_cons;silent_cons_and_foreign;25640;28330;2690;0;0
19810;594;WVe80iZtlYU;2506;Backstreet Boys;988;Incomplete;written;53999;Baby, my baby, it's __ on your face;silent_cons;silent_cons;silent_cons_and_foreign;107250;114660;7410;0;0
19811;601;mqFLXayD6e8;2512;Shania Twain;1004;That Don'T Impress Me Much;wrong;54951;Don't get me __, I think you're alright;silent_cons;silent_cons;silent_cons_and_foreign;51350;55300;3950;0;0
19812;601;mqFLXayD6e8;2512;Shania Twain;1004;That Don'T Impress Me Much;wrong;54963;Don't get me __, I think you're alright;silent_cons;silent_cons;silent_cons_and_foreign;105550;109010;3460;0;0
19813;601;mqFLXayD6e8;2512;Shania Twain;1004;That Don'T Impress Me Much;wrong;54975;Don't get me __, I think you're alright;silent_cons;silent_cons;silent_cons_and_foreign;166860;170930;4070;0;0
19814;601;mqFLXayD6e8;2512;Shania Twain;1004;That Don'T Impress Me Much;wrong;54979;Don't get me __, I think you're alright;silent_cons;silent_cons;silent_cons_and_foreign;182210;185900;3690;0;0
19815;641;DCCJCILiX3o;2973;Christina Aguilera;1938;Amnesia;wrote;108823;Do you read the ones I __ you?;silent_cons;silent_cons;silent_cons_and_foreign;44860;103440;58580;0;0
19816;1;W-TE_Ys4iwM;2442;One Direction;2044;Story Of My Life;Written;106733;__ in these walls are the stories that I can't explain;silent_cons;silent_cons;silent_cons_and_foreign;19980;26700;6720;0;0
19817;1;W-TE_Ys4iwM;2442;One Direction;2044;Story Of My Life;written;106739;These words will be __ on my stone;silent_cons;silent_cons;silent_cons_and_foreign;45300;50960;5660;0;0
19818;1;W-TE_Ys4iwM;2442;One Direction;2044;Story Of My Life;Written;106753;__ on these walls are the colours that I can't change;silent_cons;silent_cons;silent_cons_and_foreign;99140;107000;7860;0;0
19819;608;e-ORhEE9VVg;2448;Taylor Swift;2046;Blank Space;write;106922;And I'll __ your name;silent_cons;silent_cons;silent_cons_and_foreign;86180;93360;7180;0;0
19820;608;e-ORhEE9VVg;2448;Taylor Swift;2046;Blank Space;write;106956;And I'll __ your name;silent_cons;silent_cons;silent_cons_and_foreign;171580;173370;1790;0;0
19821;608;e-ORhEE9VVg;2448;Taylor Swift;2046;Blank Space;write;106979;And I'll __ your name;silent_cons;silent_cons;silent_cons_and_foreign;230870;210000;-20870;0;0
19822;637;pgYEJHJXFB4;3083;Celine Dion;2071;Beauty And The Beast;wrong;108450;Learning you were __;silent_cons;silent_cons;silent_cons_and_foreign;160100;166130;6030;0;0
19823;649;kxVUee4WsoA;2924;Birdy;2079;Not About Angels;wrong;108802;So is it __ to dance this line?;silent_cons;silent_cons;silent_cons_and_foreign;34110;43150;9040;0;0
19827;165;RB-RcX5DS5A;353;Coldplay;170;The Scientist;science;9543;Heads on a __ apart;silent_cons;silent_cons;silent_cons_and_foreign;47080;53600;6520;0;0
19828;165;RB-RcX5DS5A;353;Coldplay;170;The Scientist;science;9553;Questions of __, science and progress;silent_cons;silent_cons;silent_cons_and_foreign;112460;119220;6760;0;0
19829;165;RB-RcX5DS5A;353;Coldplay;170;The Scientist;science;9553;Questions of science, __ and progress;silent_cons;silent_cons;silent_cons_and_foreign;112460;119220;6760;0;0
19846;585;Zi_XLOBDo_Y;2486;Michael Jackson;933;Billie Jean;scene;50588;She was more like a beauty queen from a movie __;silent_cons;silent_cons;silent_cons_and_foreign;28480;32790;4310;0;0
19847;585;Zi_XLOBDo_Y;2486;Michael Jackson;933;Billie Jean;scene;50593;She told me her name was Billie Jean, as she caused a __;silent_cons;silent_cons;silent_cons_and_foreign;52980;57210;4230;0;0
19848;601;mqFLXayD6e8;2512;Shania Twain;1004;That Don'T Impress Me Much;scientist;54948;Okay, so you're a rocket __;silent_cons;silent_cons;silent_cons_and_foreign;40860;43680;2820;0;0
19850;617;AgFeZr5ptV8;2973;Christina Aguilera;1917;22;scene;100823;We ditch the whole __ and end up dreaming instead of sleeping;silent_cons;silent_cons;silent_cons_and_foreign;80320;89020;8700;0;0
19851;617;AgFeZr5ptV8;2973;Christina Aguilera;1917;22;scene;100834;We ditch the whole __;silent_cons;silent_cons;silent_cons_and_foreign;145190;147540;2350;0;0
19852;617;AgFeZr5ptV8;2973;Christina Aguilera;1917;22;scene;100845;We ditch the whole __;silent_cons;silent_cons;silent_cons_and_foreign;210030;212070;2040;0;0
19853;1;W-TE_Ys4iwM;2442;One Direction;2044;Story Of My Life;ascending;106759;I see __ light upon a hill;silent_cons;silent_cons;silent_cons_and_foreign;116610;121750;5140;0;0
