20282,96,fWNaR-rxAic,48,Carly Rae Jepsen,97,Call Me Maybe,chase,5599,And all the other boys try to __ me,sound_s,sound_s,sounds_s_ch_jh_zh_w_f,52020,55980,3960,0,0
20283,96,fWNaR-rxAic,48,Carly Rae Jepsen,97,Call Me Maybe,chase,5622,And all the other boys try to __ me,sound_s,sound_s,sounds_s_ch_jh_zh_w_f,111890,116750,4860,0,0
20284,96,fWNaR-rxAic,48,Carly Rae Jepsen,97,Call Me Maybe,chase,5639,And all the other boys try to __ me,sound_s,sound_s,sounds_s_ch_jh_zh_w_f,159890,164530,4640,0,0
20361,165,RB-RcX5DS5A,353,Coldplay,170,The Scientist,chasing,9558,"Running in circles, __ our tails",sound_s,sound_s,sounds_s_ch_jh_zh_w_f,138260,145520,7260,0,0
20672,399,8UVNT4wvIGY,1798,Gotye,414,Somebody That I Used To Know,myself,19810,Told __ that you were right for me,sound_s,sound_s,sounds_s_ch_jh_zh_w_f,33090,36920,3830,0,0
20673,399,8UVNT4wvIGY,1798,Gotye,414,Somebody That I Used To Know,sense,19816,So when we found that we could not make __,sound_s,sound_s,sounds_s_ch_jh_zh_w_f,76880,81530,4650,0,0
20718,465,Y66j_BUCBMY,2402,American Authors,750,Best Day Of My Life,outside,39629,I hear it calling __ my window,sound_s,sound_s,sounds_s_ch_jh_zh_w_f,126050,131030,4980,0,0
20724,495,bg1sT4ILG0w,2410,Nico And Vinz,760,Am I Wrong,else,40222,I ain't trying to do what everybody __ doing,sound_s,sound_s,sounds_s_ch_jh_zh_w_f,45830,50010,4180,0,0
20725,505,xOYJXMfoBN8,2419,Ed Sheeran,770,Don'T,course,40840,Until you disappeared with him to have sex of __,sound_s,sound_s,sounds_s_ch_jh_zh_w_f,149950,152920,2970,0,0
20726,505,xOYJXMfoBN8,2419,Ed Sheeran,770,Don'T,promise,40843,And I wasn't looking for a __ or commitment,sound_s,sound_s,sounds_s_ch_jh_zh_w_f,158410,160600,2190,0,0
20736,515,gfA-tPKPoNs,2432,Owl City,782,Beautiful Times,lighthouse,41637,And restoring life to the __,sound_s,sound_s,sounds_s_ch_jh_zh_w_f,10360,13510,3150,0,0
20742,519,IxxstCcJlsc,2425,Zedd,788,Clarity,Chasing,41898,"__ relentlessly, still fight and I don't know why",sound_s,sound_s,sounds_s_ch_jh_zh_w_f,46650,54090,7440,0,0
20743,519,IxxstCcJlsc,2425,Zedd,788,Clarity,sense,41906,It cuts deep through our ground and makes us forget all common __,sound_s,sound_s,sounds_s_ch_jh_zh_w_f,128880,136250,7370,0,0
20744,519,IxxstCcJlsc,2425,Zedd,788,Clarity,Chasing,41911,"__ relentlessly, still fight and I don't know why",sound_s,sound_s,sounds_s_ch_jh_zh_w_f,159280,166530,7250,0,0
20756,528,nlcIKh6sBtc,2444,Lorde,797,Royals,Goose,42553,"But every song's like gold teeth, Grey __, tripping in the bathroom",sound_s,sound_s,sounds_s_ch_jh_zh_w_f,32380,36350,3970,0,0
20757,528,nlcIKh6sBtc,2444,Lorde,797,Royals,fantasy,42566,Let me live that __,sound_s,sound_s,sounds_s_ch_jh_zh_w_f,76700,83520,6820,0,0
20758,528,nlcIKh6sBtc,2444,Lorde,797,Royals,Goose,42573,"But every song's like gold teeth, Grey __, tripping in the bathroom",sound_s,sound_s,sounds_s_ch_jh_zh_w_f,105830,109640,3810,0,0
20759,528,nlcIKh6sBtc,2444,Lorde,797,Royals,fantasy,42586,Let me live that __,sound_s,sound_s,sounds_s_ch_jh_zh_w_f,150090,153200,3110,0,0
20760,528,nlcIKh6sBtc,2444,Lorde,797,Royals,fantasy,42600,Let me live that __,sound_s,sound_s,sounds_s_ch_jh_zh_w_f,195420,201000,5580,0,0
20766,537,QJO3ROT-A4E,2442,One Direction,807,What Makes You Beautiful,insecure,43359,You're __,sound_s,sound_s,sounds_s_ch_jh_zh_w_f,10720,12690,1970,0,0
20767,537,QJO3ROT-A4E,2442,One Direction,807,What Makes You Beautiful,else,43365,Everyone __ in the room can see it,sound_s,sound_s,sounds_s_ch_jh_zh_w_f,27080,30830,3750,0,0
20768,537,QJO3ROT-A4E,2442,One Direction,807,What Makes You Beautiful,else,43366,Everyone __ but you,sound_s,sound_s,sounds_s_ch_jh_zh_w_f,30830,33990,3160,0,0
20769,537,QJO3ROT-A4E,2442,One Direction,807,What Makes You Beautiful,else,43368,Baby you light up my world like nobody __,sound_s,sound_s,sounds_s_ch_jh_zh_w_f,33990,37820,3830,0,0
20770,537,QJO3ROT-A4E,2442,One Direction,807,What Makes You Beautiful,else,43385,Everyone __ in the room can see it,sound_s,sound_s,sounds_s_ch_jh_zh_w_f,88260,92150,3890,0,0
20771,537,QJO3ROT-A4E,2442,One Direction,807,What Makes You Beautiful,else,43386,Everyone __ but you,sound_s,sound_s,sounds_s_ch_jh_zh_w_f,92150,95490,3340,0,0
20772,537,QJO3ROT-A4E,2442,One Direction,807,What Makes You Beautiful,else,43388,Baby you light up my world like nobody __,sound_s,sound_s,sounds_s_ch_jh_zh_w_f,95490,99250,3760,0,0
20773,537,QJO3ROT-A4E,2442,One Direction,807,What Makes You Beautiful,else,43402,Baby you light up my world like nobody __,sound_s,sound_s,sounds_s_ch_jh_zh_w_f,144810,149250,4440,0,0
20774,537,QJO3ROT-A4E,2442,One Direction,807,What Makes You Beautiful,else,43408,Baby you light up my world like nobody __,sound_s,sound_s,sounds_s_ch_jh_zh_w_f,161060,164550,3490,0,0
20775,541,VHrLPs3_1Fs,2454,George Ezra,811,Budapest,house,43604,My __ in Budapest,sound_s,sound_s,sounds_s_ch_jh_zh_w_f,11610,12980,1370,0,0
20776,541,VHrLPs3_1Fs,2454,George Ezra,811,Budapest,house,43665,My __ in Budapest,sound_s,sound_s,sounds_s_ch_jh_zh_w_f,184080,185450,1370,0,0
20777,546,iX-QaNzd-0Y,2457,Milky Chance,816,Stolen Dance,paradise,43835,"Stoned in __, shouldn't talk about it",sound_s,sound_s,sounds_s_ch_jh_zh_w_f,74860,79680,4820,0,0
20778,546,iX-QaNzd-0Y,2457,Milky Chance,816,Stolen Dance,paradise,43842,"Stoned in __, shouldn't talk about it",sound_s,sound_s,sounds_s_ch_jh_zh_w_f,91940,96790,4850,0,0
20779,546,iX-QaNzd-0Y,2457,Milky Chance,816,Stolen Dance,absence,43849,Caused by __ of you,sound_s,sound_s,sounds_s_ch_jh_zh_w_f,130220,133940,3720,0,0
20780,546,iX-QaNzd-0Y,2457,Milky Chance,816,Stolen Dance,Suspense,43850,__ is controlling my mind,sound_s,sound_s,sounds_s_ch_jh_zh_w_f,133940,138280,4340,0,0
20781,546,iX-QaNzd-0Y,2457,Milky Chance,816,Stolen Dance,paradise,43861,"Stoned in __, shouldn't talk about it",sound_s,sound_s,sounds_s_ch_jh_zh_w_f,167280,171950,4670,0,0
20782,546,iX-QaNzd-0Y,2457,Milky Chance,816,Stolen Dance,paradise,43868,"Stoned in __, shouldn't talk about it",sound_s,sound_s,sounds_s_ch_jh_zh_w_f,184290,189110,4820,0,0
20783,546,iX-QaNzd-0Y,2457,Milky Chance,816,Stolen Dance,paradise,43876,"Stoned in __, shouldn't talk about it",sound_s,sound_s,sounds_s_ch_jh_zh_w_f,222280,226630,4350,0,0
20784,546,iX-QaNzd-0Y,2457,Milky Chance,816,Stolen Dance,paradise,43883,"Stoned in __, shouldn't talk about it",sound_s,sound_s,sounds_s_ch_jh_zh_w_f,239420,243940,4520,0,0
20785,548,40nFOYGVJtY,2459,Clean Bandit,818,Extraordinary,yourself,43981,You're not holding __ in your arms tonight,sound_s,sound_s,sounds_s_ch_jh_zh_w_f,169210,173010,3800,0,0
20786,548,40nFOYGVJtY,2459,Clean Bandit,818,Extraordinary,yourself,44003,You're not holding __ in your arms tonight,sound_s,sound_s,sounds_s_ch_jh_zh_w_f,237210,240860,3650,0,0
20792,563,xGPeNN9S0Fg,2442,One Direction,831,Little Things,sense,44743,And it all makes __ to me,sound_s,sound_s,sounds_s_ch_jh_zh_w_f,29790,34600,4810,0,0
20793,563,xGPeNN9S0Fg,2442,One Direction,831,Little Things,sense,44755,Though it makes no __ to me,sound_s,sound_s,sounds_s_ch_jh_zh_w_f,90990,95400,4410,0,0
20794,563,xGPeNN9S0Fg,2442,One Direction,831,Little Things,yourself,44763,You never love __ half first much as I love you,sound_s,sound_s,sounds_s_ch_jh_zh_w_f,136090,143940,7850,0,0
20795,563,xGPeNN9S0Fg,2442,One Direction,831,Little Things,yourself,44764,You'll never treat __ right darling but I want you too,sound_s,sound_s,sounds_s_ch_jh_zh_w_f,143940,152360,8420,0,0
20796,563,xGPeNN9S0Fg,2442,One Direction,831,Little Things,yourself,44766,Maybe you'll love __ like I love you,sound_s,sound_s,sounds_s_ch_jh_zh_w_f,161470,170440,8970,0,0
20806,569,D1Xr-JFLxik,2448,Taylor Swift,870,White Horse,horse,46974,"And your white __, to come around",sound_s,sound_s,sounds_s_ch_jh_zh_w_f,74380,88380,14000,0,0
20807,569,D1Xr-JFLxik,2448,Taylor Swift,870,White Horse,horse,46990,"And your white __, to come around",sound_s,sound_s,sounds_s_ch_jh_zh_w_f,141720,155880,14160,0,0
20808,569,D1Xr-JFLxik,2448,Taylor Swift,870,White Horse,horse,46998,And its too late for you and your white __,sound_s,sound_s,sounds_s_ch_jh_zh_w_f,196230,201140,4910,0,0
20809,569,D1Xr-JFLxik,2448,Taylor Swift,870,White Horse,horse,46999,"Now its too late for you and your white __, to catch me now",sound_s,sound_s,sounds_s_ch_jh_zh_w_f,201140,220770,19630,0,0
20810,571,VuNIsY6JdUw,2448,Taylor Swift,872,You Belong With Me,myself,47106,"Laughing on a park bench, thinking to __",sound_s,sound_s,sounds_s_ch_jh_zh_w_f,78170,82240,4070,0,0
20811,571,VuNIsY6JdUw,2448,Taylor Swift,872,You Belong With Me,house,47125,I remember you driving to my __ in the middle of the night,sound_s,sound_s,sounds_s_ch_jh_zh_w_f,157030,162510,5480,0,0
20813,572,8xg3vE8Ie_E,2448,Taylor Swift,874,Love Story,staircase,47220,And I was crying on the __,sound_s,sound_s,sounds_s_ch_jh_zh_w_f,55950,58800,2850,0,0
20814,575,5NPBIwQyPWE,2439,Avril Lavigne,875,Complicated,else,47271,Somebody __ around everyone else,sound_s,sound_s,sounds_s_ch_jh_zh_w_f,56770,59700,2930,0,0
20815,575,5NPBIwQyPWE,2439,Avril Lavigne,875,Complicated,else,47271,Somebody else around everyone __,sound_s,sound_s,sounds_s_ch_jh_zh_w_f,56770,59700,2930,0,0
20816,575,5NPBIwQyPWE,2439,Avril Lavigne,875,Complicated,else,47278,"Acting like you're somebody __, gets me frustrated",sound_s,sound_s,sounds_s_ch_jh_zh_w_f,75390,79890,4500,0,0
20817,575,5NPBIwQyPWE,2439,Avril Lavigne,875,Complicated,promised,47281,"Honesty, you __ me I'm never gonna find you fake it",sound_s,sound_s,sounds_s_ch_jh_zh_w_f,87510,91920,4410,0,0
20818,575,5NPBIwQyPWE,2439,Avril Lavigne,875,Complicated,else,47284,Dressed up like you're something __,sound_s,sound_s,sounds_s_ch_jh_zh_w_f,100150,103230,3080,0,0
20819,575,5NPBIwQyPWE,2439,Avril Lavigne,875,Complicated,else,47290,Somebody __ around everyone else,sound_s,sound_s,sounds_s_ch_jh_zh_w_f,121370,124260,2890,0,0
20820,575,5NPBIwQyPWE,2439,Avril Lavigne,875,Complicated,else,47290,Somebody else around everyone __,sound_s,sound_s,sounds_s_ch_jh_zh_w_f,121370,124260,2890,0,0
20821,575,5NPBIwQyPWE,2439,Avril Lavigne,875,Complicated,else,47297,"Acting like you're somebody __, gets me frustrated",sound_s,sound_s,sounds_s_ch_jh_zh_w_f,139720,144150,4430,0,0
20822,575,5NPBIwQyPWE,2439,Avril Lavigne,875,Complicated,promised,47300,"Honesty, you __ me, I'm never gonna find you fake it",sound_s,sound_s,sounds_s_ch_jh_zh_w_f,152210,156370,4160,0,0
20823,575,5NPBIwQyPWE,2439,Avril Lavigne,875,Complicated,else,47309,Somebody __ around everyone else,sound_s,sound_s,sounds_s_ch_jh_zh_w_f,182960,185740,2780,0,0
20824,575,5NPBIwQyPWE,2439,Avril Lavigne,875,Complicated,else,47309,Somebody else around everyone __,sound_s,sound_s,sounds_s_ch_jh_zh_w_f,182960,185740,2780,0,0
20825,575,5NPBIwQyPWE,2439,Avril Lavigne,875,Complicated,else,47316,"Acting like you're somebody __, gets me frustrated",sound_s,sound_s,sounds_s_ch_jh_zh_w_f,201540,205430,3890,0,0
20826,575,5NPBIwQyPWE,2439,Avril Lavigne,875,Complicated,promised,47319,"Honesty, you __ me, I'm never gonna find you fake it",sound_s,sound_s,sounds_s_ch_jh_zh_w_f,213920,218130,4210,0,0
20827,575,5NPBIwQyPWE,2439,Avril Lavigne,875,Complicated,else,47323,"Acting like you're somebody __, gets me frustrated",sound_s,sound_s,sounds_s_ch_jh_zh_w_f,226130,230340,4210,0,0
20828,575,5NPBIwQyPWE,2439,Avril Lavigne,875,Complicated,promised,47326,"Honesty, you __ me I'm never gonna find you fake it",sound_s,sound_s,sounds_s_ch_jh_zh_w_f,238510,242760,4250,0,0
20839,582,74aOxH4R5Ow,2424,Demi Lovato,912,Warrior,inside,49362,I need to take back the light __ you stole,sound_s,sound_s,sounds_s_ch_jh_zh_w_f,32100,37540,5440,0,0
20842,586,PivWY9wn5ps,2486,Michael Jackson,934,Man In The Mirror,yourself,50663,"Take a look at __, and then make a change",sound_s,sound_s,sounds_s_ch_jh_zh_w_f,82990,95490,12500,0,0
20843,586,PivWY9wn5ps,2486,Michael Jackson,934,Man In The Mirror,yourself,50677,"Take a look at __, and then make a change",sound_s,sound_s,sounds_s_ch_jh_zh_w_f,149940,153200,3260,0,0
20844,586,PivWY9wn5ps,2486,Michael Jackson,934,Man In The Mirror,yourself,50682,Take a look at __ and then make that change!,sound_s,sound_s,sounds_s_ch_jh_zh_w_f,169080,172490,3410,0,0
20845,586,PivWY9wn5ps,2486,Michael Jackson,934,Man In The Mirror,yourself,50690,Take a look at __ and then make the change,sound_s,sound_s,sounds_s_ch_jh_zh_w_f,188210,190880,2670,0,0
20846,586,PivWY9wn5ps,2486,Michael Jackson,934,Man In The Mirror,yourself,50702,Take a look at __ and then make the change,sound_s,sound_s,sounds_s_ch_jh_zh_w_f,212530,233570,21040,0,0
20847,586,PivWY9wn5ps,2486,Michael Jackson,934,Man In The Mirror,yourself,50708,"Just lift __, you know",sound_s,sound_s,sounds_s_ch_jh_zh_w_f,242790,246310,3520,0,0
20848,586,PivWY9wn5ps,2486,Michael Jackson,934,Man In The Mirror,Yourself,50710,You've got to stop it. __!,sound_s,sound_s,sounds_s_ch_jh_zh_w_f,246310,250460,4150,0,0
20849,586,PivWY9wn5ps,2486,Michael Jackson,934,Man In The Mirror,yourself,50716,"You got to, you got to not let __, brother ",sound_s,sound_s,sounds_s_ch_jh_zh_w_f,257290,264270,6980,0,0
20850,586,PivWY9wn5ps,2486,Michael Jackson,934,Man In The Mirror,yourself,50729,"Stand up and lift __, now!",sound_s,sound_s,sounds_s_ch_jh_zh_w_f,281730,284240,2510,0,0
20856,591,hEhutIEUq8k,2489,Mika,948,We Are Golden,purpose,51569,Running around like a clown on __,sound_s,sound_s,sounds_s_ch_jh_zh_w_f,22580,26590,4010,0,0
20857,591,hEhutIEUq8k,2489,Mika,948,We Are Golden,purpose,51587,Running around like a clown on __,sound_s,sound_s,sounds_s_ch_jh_zh_w_f,77500,81260,3760,0,0
20858,591,hEhutIEUq8k,2489,Mika,948,We Are Golden,purpose,51608,Running around like a clown on __,sound_s,sound_s,sounds_s_ch_jh_zh_w_f,139940,143650,3710,0,0
20859,591,hEhutIEUq8k,2489,Mika,948,We Are Golden,myself,51614,I'm gonna hurt __,sound_s,sound_s,sounds_s_ch_jh_zh_w_f,157610,159880,2270,0,0
20860,591,hEhutIEUq8k,2489,Mika,948,We Are Golden,purpose,51623,Running around like a clown on __,sound_s,sound_s,sounds_s_ch_jh_zh_w_f,186780,190570,3790,0,0
20861,592,0CGVgAYJyjk,2489,Mika,949,Grace Kelly,yourself,51669,Why don't you like __?,sound_s,sound_s,sounds_s_ch_jh_zh_w_f,70220,72100,1880,0,0
20862,592,0CGVgAYJyjk,2489,Mika,949,Grace Kelly,yourself,51688,Say what you want to satisfy __,sound_s,sound_s,sounds_s_ch_jh_zh_w_f,108770,116300,7530,0,0
20863,592,0CGVgAYJyjk,2489,Mika,949,Grace Kelly,else,51689,But you only want what everybody __ says you should want,sound_s,sound_s,sounds_s_ch_jh_zh_w_f,116300,131050,14750,0,0
20864,592,0CGVgAYJyjk,2489,Mika,949,Grace Kelly,promise,106714,I __ you that won't happen again,sound_s,sound_s,sounds_s_ch_jh_zh_w_f,5990,171350,165360,0,0
20865,593,znlFu_lemsU,2503,Mary J. Blige,984,Family Affair,loose,53747,Let __ and set your body free,sound_s,sound_s,sounds_s_ch_jh_zh_w_f,54530,57000,2470,0,0
20866,593,znlFu_lemsU,2503,Mary J. Blige,984,Family Affair,inside,53749,So when you step __ jump on the floor,sound_s,sound_s,sounds_s_ch_jh_zh_w_f,59120,62280,3160,0,0
20867,593,znlFu_lemsU,2503,Mary J. Blige,984,Family Affair,loose,53759,Before you get __ and start loose your mind,sound_s,sound_s,sounds_s_ch_jh_zh_w_f,85250,88020,2770,0,0
20868,593,znlFu_lemsU,2503,Mary J. Blige,984,Family Affair,loose,53759,Before you get loose and start __ your mind,sound_s,sound_s,sounds_s_ch_jh_zh_w_f,85250,88020,2770,0,0
20869,593,znlFu_lemsU,2503,Mary J. Blige,984,Family Affair,outside,53780,Leave all that BS __,sound_s,sound_s,sounds_s_ch_jh_zh_w_f,144120,146590,2470,0,0
20870,596,GIQn8pab8Vc,2507,R. Kelly,991,I Believe I Can Fly,inside,54106,But first I know it starts __ of me,sound_s,sound_s,sounds_s_ch_jh_zh_w_f,152100,159500,7400,0,0
20874,601,mqFLXayD6e8,2512,Shania Twain,1004,That Don'T Impress Me Much,else,54947,You think you're something __,sound_s,sound_s,sounds_s_ch_jh_zh_w_f,36510,40860,4350,0,0
20875,601,mqFLXayD6e8,2512,Shania Twain,1004,That Don'T Impress Me Much,case,54955,And a comb up his sleeve just in __,sound_s,sound_s,sounds_s_ch_jh_zh_w_f,74910,78480,3570,0,0
20876,601,mqFLXayD6e8,2512,Shania Twain,1004,That Don'T Impress Me Much,else,54959,You think you're something __,sound_s,sound_s,sounds_s_ch_jh_zh_w_f,90290,94910,4620,0,0
20877,601,mqFLXayD6e8,2512,Shania Twain,1004,That Don'T Impress Me Much,else,54971,You think you're something __,sound_s,sound_s,sounds_s_ch_jh_zh_w_f,151420,156060,4640,0,0
20878,603,eH3giaIzONA,2515,Whitney Houston,1014,I Wanna Dance With Somebody Who Loves Me,chase,55644,How to __ my blues away,sound_s,sound_s,sounds_s_ch_jh_zh_w_f,68430,73300,4870,0,0
20879,605,6tpl9LtkRRw,2516,Ne-Yo,1016,One In A Million,yourself,55789,But you can do it for __,sound_s,sound_s,sounds_s_ch_jh_zh_w_f,109670,111490,1820,0,0
20888,641,DCCJCILiX3o,2973,Christina Aguilera,1938,Amnesia,beside,102025,If today I woke up with you right __ me,sound_s,sound_s,sounds_s_ch_jh_zh_w_f,173920,178790,4870,0,0
20889,641,DCCJCILiX3o,2973,Christina Aguilera,1938,Amnesia,beside,108822,Even though he's right __ you?,sound_s,sound_s,sounds_s_ch_jh_zh_w_f,40150,44860,4710,0,0
20890,640,lC4-o8rmFOw,2973,Christina Aguilera,1943,Firework,inside,102287,"And it's always been __ of  you, you, you",sound_s,sound_s,sounds_s_ch_jh_zh_w_f,105980,109690,3710,0,0
20898,1,W-TE_Ys4iwM,2442,One Direction,2044,Story Of My Life,inside,106750,"I spend her love until she's broke, __",sound_s,sound_s,sounds_s_ch_jh_zh_w_f,86450,92490,6040,0,0
20899,1,W-TE_Ys4iwM,2442,One Direction,2044,Story Of My Life,inside,106771,"I spend her love until she's broke, __",sound_s,sound_s,sounds_s_ch_jh_zh_w_f,165810,171880,6070,0,0
20900,1,W-TE_Ys4iwM,2442,One Direction,2044,Story Of My Life,chasing,106775,But baby running after you is like __ the clouds,sound_s,sound_s,sounds_s_ch_jh_zh_w_f,185620,193290,7670,0,0
20901,1,W-TE_Ys4iwM,2442,One Direction,2044,Story Of My Life,inside,106784,"I spend her love until she's broke, __",sound_s,sound_s,sounds_s_ch_jh_zh_w_f,213530,220700,7170,0,0
20902,607,Gqm873UWUdw,2442,One Direction,2045,Moments,beside,106824,I wanna lay __ you,sound_s,sound_s,sounds_s_ch_jh_zh_w_f,16219,19660,3441,0,0
20903,607,Gqm873UWUdw,2442,One Direction,2045,Moments,myself,106874,As I feel __ fall,sound_s,sound_s,sounds_s_ch_jh_zh_w_f,198110,199940,1830,0,0
20904,608,e-ORhEE9VVg,2448,Taylor Swift,2046,Blank Space,jealousy,106936,'I get drunk on __',sound_s,sound_s,sounds_s_ch_jh_zh_w_f,125000,127460,2460,0,0
20914,614,g3o2TfrULck,2442,One Direction,2054,I Would,myself,107388,Lately I found __ thinking,sound_s,sound_s,sounds_s_ch_jh_zh_w_f,8170,11850,3680,0,0
20915,615,nvfejaHz-o0,2442,One Direction,2055,Gotta Be You,else,107346,Cause there is nobody __,sound_s,sound_s,sounds_s_ch_jh_zh_w_f,49310,54250,4940,0,0
20916,615,nvfejaHz-o0,2442,One Direction,2055,Gotta Be You,else,107364,Cause there is nobody __,sound_s,sound_s,sounds_s_ch_jh_zh_w_f,122650,127710,5060,0,0
20917,618,Zlot0i3Zykw,2448,Taylor Swift,2056,Red,myself,107489,"Tell __ its time now, gotta let go",sound_s,sound_s,sounds_s_ch_jh_zh_w_f,141690,145420,3730,0,0
20919,626,0bGjlvukgHU,2960,The Lion King,2061,I Just Can'T Wait To Be King,case,107910,"'Well, in that __, you're fired'",sound_s,sound_s,sounds_s_ch_jh_zh_w_f,51070,52600,1530,0,0
20920,628,BlRvE9dKWQc,2958,High School Musical,2063,We'Re All In This Together,house,107984,We're going to rock the __,sound_s,sound_s,sounds_s_ch_jh_zh_w_f,109350,113670,4320,0,0
20921,628,BlRvE9dKWQc,2958,High School Musical,2063,We'Re All In This Together,inside,108002,Know __,sound_s,sound_s,sounds_s_ch_jh_zh_w_f,152130,153350,1220,0,0
20922,628,BlRvE9dKWQc,2958,High School Musical,2063,We'Re All In This Together,house,108011,Wild cats in the __,sound_s,sound_s,sounds_s_ch_jh_zh_w_f,167330,169340,2010,0,0
20923,628,BlRvE9dKWQc,2958,High School Musical,2063,We'Re All In This Together,inside,108031,Know __,sound_s,sound_s,sounds_s_ch_jh_zh_w_f,218280,219520,1240,0,0
20924,630,RU8aKj8t7gM,3080,Phil Collins,2065,On My Way,else,108174,And there's nowhere __ that I'd rather be,sound_s,sound_s,sounds_s_ch_jh_zh_w_f,42700,47990,5290,0,0
20925,631,25QyCxVkXwQ,2624,Elton John,2066,Can You Feel The Love Tonight,inside,108144,The king I see __?,sound_s,sound_s,sounds_s_ch_jh_zh_w_f,80380,84770,4390,0,0
20926,632,BV77nWMQgJI,3081,Aladdin,2067,A Whole New World,chase,108266,I'll __ them anywhere,sound_s,sound_s,sounds_s_ch_jh_zh_w_f,117200,119890,2690,0,0
20927,632,BV77nWMQgJI,3081,Aladdin,2067,A Whole New World,chase,108271,A thrilling __ (A wondrous place),sound_s,sound_s,sounds_s_ch_jh_zh_w_f,136550,140570,4020,0,0
20928,634,vLkp_Dx6VdI,3082,Mary Poppins,2068,A Spoonful Of Sugar,nursery,108321,'I don't want an outing. I want to tidy up the __ again',sound_s,sound_s,sounds_s_ch_jh_zh_w_f,257350,260970,3620,0,0
20931,636,gyzuft-Rv_A,2654,Bryan Adams,2070,Here I Am,else,108385,There is nowhere __ on Earth I'd rather be,sound_s,sound_s,sounds_s_ch_jh_zh_w_f,26420,31310,4890,0,0
20932,636,gyzuft-Rv_A,2654,Bryan Adams,2070,Here I Am,else,108405,There is nowhere __ on Earth I'd rather be,sound_s,sound_s,sounds_s_ch_jh_zh_w_f,169490,174460,4970,0,0
20933,638,78-bUVSiJMA,3084,Phineas And Ferb,2072,Today Is Gonna Be A Great Day,cease,108476,"So make every minute count, jump up, jump in and __ the day",sound_s,sound_s,sounds_s_ch_jh_zh_w_f,48020,53550,5530,0,0
20934,638,78-bUVSiJMA,3084,Phineas And Ferb,2072,Today Is Gonna Be A Great Day,cease,108487,"So make every minute count, jump up, jump in and __ the day",sound_s,sound_s,sounds_s_ch_jh_zh_w_f,96450,101970,5520,0,0
20935,638,78-bUVSiJMA,3084,Phineas And Ferb,2072,Today Is Gonna Be A Great Day,cease,108499,"So make every minute count, jump up, jump in and __ the day",sound_s,sound_s,sounds_s_ch_jh_zh_w_f,153470,159240,5770,0,0
20937,646,7PCkvCPvDXk,2928,Meghan Trainor,2076,All About That Bass,chase,108686,'Cause I got that boom boom that all the boys __,sound_s,sound_s,sounds_s_ch_jh_zh_w_f,23510,26880,3370,0,0
20938,647,IcrbM1l_BoI,2445,Avicii,2077,Wake Me Up,myself,108739,All this time I was finding __,sound_s,sound_s,sounds_s_ch_jh_zh_w_f,45330,48840,3510,0,0
20939,647,IcrbM1l_BoI,2445,Avicii,2077,Wake Me Up,myself,108743,All this time I was finding __,sound_s,sound_s,sounds_s_ch_jh_zh_w_f,61400,64760,3360,0,0
20940,647,IcrbM1l_BoI,2445,Avicii,2077,Wake Me Up,myself,108758,All this time I was finding __,sound_s,sound_s,sounds_s_ch_jh_zh_w_f,158080,161220,3140,0,0
20941,647,IcrbM1l_BoI,2445,Avicii,2077,Wake Me Up,myself,108762,All this time I was finding __,sound_s,sound_s,sounds_s_ch_jh_zh_w_f,173540,176650,3110,0,0
20944,2,-RAA-j3f1VU,2442,One Direction,2,Best Song Ever,danced,66,And we __ all night to the best song ever,sound_s,sound_s,sounds_s_ch_jh_zh_w_f,23130,27760,4630,0,0
20945,2,-RAA-j3f1VU,2442,One Direction,2,Best Song Ever,danced,69,Cause we __ all night to the best song ever,sound_s,sound_s,sounds_s_ch_jh_zh_w_f,35880,39940,4060,0,0
20946,2,-RAA-j3f1VU,2442,One Direction,2,Best Song Ever,danced,83,And we __ all night to the best song ever,sound_s,sound_s,sounds_s_ch_jh_zh_w_f,71490,76240,4750,0,0
20947,2,-RAA-j3f1VU,2442,One Direction,2,Best Song Ever,danced,86,Because we __ all night to the best song ever,sound_s,sound_s,sounds_s_ch_jh_zh_w_f,84370,88370,4000,0,0
20948,2,-RAA-j3f1VU,2442,One Direction,2,Best Song Ever,danced,95,"And I know, you know, I hope you'll remember how we __",sound_s,sound_s,sounds_s_ch_jh_zh_w_f,109400,115360,5960,0,0
20949,2,-RAA-j3f1VU,2442,One Direction,2,Best Song Ever,danced,96,"How we __ (1, 2, 1, 2, 3)",sound_s,sound_s,sounds_s_ch_jh_zh_w_f,115360,120850,5490,0,0
20950,2,-RAA-j3f1VU,2442,One Direction,2,Best Song Ever,danced,98,How we __ all night to the best song ever,sound_s,sound_s,sounds_s_ch_jh_zh_w_f,120850,124760,3910,0,0
20951,2,-RAA-j3f1VU,2442,One Direction,2,Best Song Ever,danced,101,Because we __ all night to the best song ever,sound_s,sound_s,sounds_s_ch_jh_zh_w_f,132830,137380,4550,0,0
20952,2,-RAA-j3f1VU,2442,One Direction,2,Best Song Ever,danced,103,And we __ all night to the best song ever,sound_s,sound_s,sounds_s_ch_jh_zh_w_f,137380,141010,3630,0,0
20953,2,-RAA-j3f1VU,2442,One Direction,2,Best Song Ever,danced,106,Because we __ all night to the best song ever,sound_s,sound_s,sounds_s_ch_jh_zh_w_f,149220,153140,3920,0,0
21066,40,WA4iX5D9Z64,16,Taylor Swift,41,We Are Never Ever Getting Back Together,space,2509,"When you said you needed __, what?",sound_s,sound_s,sounds_s_ch_jh_zh_w_f,16750,20510,3760,0,0
21067,40,WA4iX5D9Z64,16,Taylor Swift,41,We Are Never Ever Getting Back Together,peace,2527,"And you, would hide away and find your __ of mind",sound_s,sound_s,sounds_s_ch_jh_zh_w_f,75510,78290,2780,0,0
21068,42,AqajUg85Ax4,17,Avril Lavigne,43,Let Me Go,once,2631,Love that __ hung on the wall,sound_s,sound_s,sounds_s_ch_jh_zh_w_f,58020,62150,4130,0,0
21069,42,AqajUg85Ax4,17,Avril Lavigne,43,Let Me Go,December,2634,"But I still remember, the pain of __",sound_s,sound_s,sounds_s_ch_jh_zh_w_f,70580,75410,4830,0,0
21070,42,AqajUg85Ax4,17,Avril Lavigne,43,Let Me Go,place,2646,"And that __ is empty, like the hole that was left in me",sound_s,sound_s,sounds_s_ch_jh_zh_w_f,114670,119360,4690,0,0
21081,53,hLQl3WQQoQ0,21,Adele,54,Someone Like You,face,3269,I had hoped you'd see my __,sound_s,sound_s,sounds_s_ch_jh_zh_w_f,63790,65800,2010,0,0
21082,53,hLQl3WQQoQ0,21,Adele,54,Someone Like You,face,3289,I had hoped you'd see my __,sound_s,sound_s,sounds_s_ch_jh_zh_w_f,145840,147720,1880,0,0
21112,72,r_8ydghbGSg,30,Demi Lovato,73,Skyscraper,silence,4139,"Only __, as it's ending",sound_s,sound_s,sounds_s_ch_jh_zh_w_f,30940,35500,4560,0,0
21113,72,r_8ydghbGSg,30,Demi Lovato,73,Skyscraper,chance,4140,Like we never had a __,sound_s,sound_s,sounds_s_ch_jh_zh_w_f,35500,40230,4730,0,0
21298,165,RB-RcX5DS5A,353,Coldplay,170,The Scientist,circles,9542,"Running in __, coming up tails",sound_s,sound_s,sounds_s_ch_jh_zh_w_f,40820,47080,6260,0,0
21299,165,RB-RcX5DS5A,353,Coldplay,170,The Scientist,science,9543,Heads on a __ apart,sound_s,sound_s,sounds_s_ch_jh_zh_w_f,47080,53600,6520,0,0
21300,165,RB-RcX5DS5A,353,Coldplay,170,The Scientist,science,9553,"Questions of __, science and progress",sound_s,sound_s,sounds_s_ch_jh_zh_w_f,112460,119220,6760,0,0
21301,165,RB-RcX5DS5A,353,Coldplay,170,The Scientist,science,9553,"Questions of science, __ and progress",sound_s,sound_s,sounds_s_ch_jh_zh_w_f,112460,119220,6760,0,0
21302,165,RB-RcX5DS5A,353,Coldplay,170,The Scientist,circles,9558,"Running in __, chasing our tails",sound_s,sound_s,sounds_s_ch_jh_zh_w_f,138260,145520,7260,0,0
21305,168,-tJYN-eG1zk,354,Queen,173,We Will Rock You,face,9671,You got mud on your __,sound_s,sound_s,sounds_s_ch_jh_zh_w_f,23270,25290,2020,0,0
21306,168,-tJYN-eG1zk,354,Queen,173,We Will Rock You,disgrace,9672,You big __,sound_s,sound_s,sounds_s_ch_jh_zh_w_f,25290,26650,1360,0,0
21307,168,-tJYN-eG1zk,354,Queen,173,We Will Rock You,place,9673,Kicking your can all over the __,sound_s,sound_s,sounds_s_ch_jh_zh_w_f,26650,29500,2850,0,0
21308,168,-tJYN-eG1zk,354,Queen,173,We Will Rock You,face,9681,You got blood on your __,sound_s,sound_s,sounds_s_ch_jh_zh_w_f,46920,48730,1810,0,0
21309,168,-tJYN-eG1zk,354,Queen,173,We Will Rock You,disgrace,9682,You big __,sound_s,sound_s,sounds_s_ch_jh_zh_w_f,48730,50180,1450,0,0
21310,168,-tJYN-eG1zk,354,Queen,173,We Will Rock You,place,9683,Waving your banner all over the __,sound_s,sound_s,sounds_s_ch_jh_zh_w_f,50180,53240,3060,0,0
21311,168,-tJYN-eG1zk,354,Queen,173,We Will Rock You,peace,9691,You some __ some day,sound_s,sound_s,sounds_s_ch_jh_zh_w_f,68900,70350,1450,0,0
21312,168,-tJYN-eG1zk,354,Queen,173,We Will Rock You,face,9692,You got mud on your __,sound_s,sound_s,sounds_s_ch_jh_zh_w_f,70350,72250,1900,0,0
21313,168,-tJYN-eG1zk,354,Queen,173,We Will Rock You,disgrace,9693,Big __,sound_s,sound_s,sounds_s_ch_jh_zh_w_f,72250,73600,1350,0,0
21314,168,-tJYN-eG1zk,354,Queen,173,We Will Rock You,place,9694,Somebody better put you back into your __,sound_s,sound_s,sounds_s_ch_jh_zh_w_f,73600,76760,3160,0,0
21315,170,gnhXHvRoUd0,355,Kings Of Leon,175,Use Somebody,faces,9756,"Painted __, fill the places I can't reach",sound_s,sound_s,sounds_s_ch_jh_zh_w_f,36780,43290,6510,0,0
21316,170,gnhXHvRoUd0,355,Kings Of Leon,175,Use Somebody,places,9756,"Painted faces, fill the __ I can't reach",sound_s,sound_s,sounds_s_ch_jh_zh_w_f,36780,43290,6510,0,0
21317,170,gnhXHvRoUd0,355,Kings Of Leon,175,Use Somebody,notice,9770,I hope it's gonna make you __,sound_s,sound_s,sounds_s_ch_jh_zh_w_f,128550,135070,6520,0,0
21318,170,gnhXHvRoUd0,355,Kings Of Leon,175,Use Somebody,notice,9771,I hope it's gonna make you __,sound_s,sound_s,sounds_s_ch_jh_zh_w_f,135070,142090,7020,0,0
21967,545,T_igmjEB560,2456,Florida Georgia Line,815,Stay,face,43774,I'd sell my soul just to see your __,sound_s,sound_s,sounds_s_ch_jh_zh_w_f,31030,37250,6220,0,0
21968,545,T_igmjEB560,2456,Florida Georgia Line,815,Stay,grace,43776,"In these times I need a saving __,",sound_s,sound_s,sounds_s_ch_jh_zh_w_f,44760,50770,6010,0,0
21969,546,iX-QaNzd-0Y,2457,Milky Chance,816,Stolen Dance,danced,43832,You've never __ like this before,sound_s,sound_s,sounds_s_ch_jh_zh_w_f,66210,69700,3490,0,0
21970,546,iX-QaNzd-0Y,2457,Milky Chance,816,Stolen Dance,Dancing,43834,__ on do the boogie all night long,sound_s,sound_s,sounds_s_ch_jh_zh_w_f,71070,74860,3790,0,0
21971,546,iX-QaNzd-0Y,2457,Milky Chance,816,Stolen Dance,danced,43839,You've never __ like this before,sound_s,sound_s,sounds_s_ch_jh_zh_w_f,83200,86280,3080,0,0
21972,546,iX-QaNzd-0Y,2457,Milky Chance,816,Stolen Dance,Dancing,43841,__ on do the boogie all night long,sound_s,sound_s,sounds_s_ch_jh_zh_w_f,87790,91940,4150,0,0
21973,546,iX-QaNzd-0Y,2457,Milky Chance,816,Stolen Dance,danced,43858,You've never __ like this before,sound_s,sound_s,sounds_s_ch_jh_zh_w_f,158740,161970,3230,0,0
21974,546,iX-QaNzd-0Y,2457,Milky Chance,816,Stolen Dance,Dancing,43860,__ on do the boogie all night long,sound_s,sound_s,sounds_s_ch_jh_zh_w_f,163590,167280,3690,0,0
21975,546,iX-QaNzd-0Y,2457,Milky Chance,816,Stolen Dance,danced,43865,You've never __ like this before,sound_s,sound_s,sounds_s_ch_jh_zh_w_f,175860,178780,2920,0,0
21976,546,iX-QaNzd-0Y,2457,Milky Chance,816,Stolen Dance,Dancing,43867,__ on do the boogie all night long,sound_s,sound_s,sounds_s_ch_jh_zh_w_f,180530,184290,3760,0,0
21977,546,iX-QaNzd-0Y,2457,Milky Chance,816,Stolen Dance,danced,43873,You've never __ like this before,sound_s,sound_s,sounds_s_ch_jh_zh_w_f,213770,216700,2930,0,0
21978,546,iX-QaNzd-0Y,2457,Milky Chance,816,Stolen Dance,Dancing,43875,__ on do the boogie all night long,sound_s,sound_s,sounds_s_ch_jh_zh_w_f,218580,222280,3700,0,0
21979,546,iX-QaNzd-0Y,2457,Milky Chance,816,Stolen Dance,danced,43880,You've never __ like this before,sound_s,sound_s,sounds_s_ch_jh_zh_w_f,230430,233640,3210,0,0
21980,546,iX-QaNzd-0Y,2457,Milky Chance,816,Stolen Dance,Dancing,43882,__ on do the boogie all night long,sound_s,sound_s,sounds_s_ch_jh_zh_w_f,235470,239420,3950,0,0
21981,548,40nFOYGVJtY,2459,Clean Bandit,818,Extraordinary,Since,43946,"__ you've chosen, to leave me frozen",sound_s,sound_s,sounds_s_ch_jh_zh_w_f,40770,44760,3990,0,0
21982,548,40nFOYGVJtY,2459,Clean Bandit,818,Extraordinary,choices,43952,People making __ they can't fake,sound_s,sound_s,sounds_s_ch_jh_zh_w_f,59840,67430,7590,0,0
21983,548,40nFOYGVJtY,2459,Clean Bandit,818,Extraordinary,Sacrifice,43953,__ it all and maybe say,sound_s,sound_s,sounds_s_ch_jh_zh_w_f,67430,75160,7730,0,0
21984,551,yVdnvQsKyUs,2462,Hunter Hayes,821,Everybody'S Got Somebody But Me,noticed,44192,I never would have __ if we'd never met,sound_s,sound_s,sounds_s_ch_jh_zh_w_f,41120,44290,3170,0,0
21985,551,yVdnvQsKyUs,2462,Hunter Hayes,821,Everybody'S Got Somebody But Me,dancing,44201,People slow __ everywhere I go,sound_s,sound_s,sounds_s_ch_jh_zh_w_f,65150,67960,2810,0,0
21986,551,yVdnvQsKyUs,2462,Hunter Hayes,821,Everybody'S Got Somebody But Me,dancer,44202,I'm a good slow __ but you'd never know,sound_s,sound_s,sounds_s_ch_jh_zh_w_f,67960,70870,2910,0,0
21987,552,DYj40-cZ5vI,2463,American Authors,822,Believer,space,44282,There's no __,sound_s,sound_s,sounds_s_ch_jh_zh_w_f,93270,95170,1900,0,0
21988,552,DYj40-cZ5vI,2463,American Authors,822,Believer,space,44298,There's no __,sound_s,sound_s,sounds_s_ch_jh_zh_w_f,133210,135150,1940,0,0
21989,553,VgXOPeobPcI,2464,Bastille,823,Oblivion,grace,44323,Are you going to age with __?,sound_s,sound_s,sounds_s_ch_jh_zh_w_f,81330,87610,6280,0,0
21990,553,VgXOPeobPcI,2464,Bastille,823,Oblivion,grace,44325,Are you going to age with __,sound_s,sound_s,sounds_s_ch_jh_zh_w_f,93320,99410,6090,0,0
21991,553,VgXOPeobPcI,2464,Bastille,823,Oblivion,face,44326,Only to wake and hide your __?,sound_s,sound_s,sounds_s_ch_jh_zh_w_f,99410,105790,6380,0,0
21992,553,VgXOPeobPcI,2464,Bastille,823,Oblivion,grace,44337,Are you going to age with __?,sound_s,sound_s,sounds_s_ch_jh_zh_w_f,154810,160990,6180,0,0
21993,553,VgXOPeobPcI,2464,Bastille,823,Oblivion,trace,44338,Are you going to leave a path to __?,sound_s,sound_s,sounds_s_ch_jh_zh_w_f,160990,166940,5950,0,0
21995,557,0go2nfVXFgA,2467,The Vamps,827,Somebody To You,face,44520,Looking for a way that I can see your __,sound_s,sound_s,sounds_s_ch_jh_zh_w_f,79280,82200,2920,0,0
21996,558,sCDdQwVRwxM,2467,The Vamps,828,Wild Heart,dance,44571,Tonight we'll __,sound_s,sound_s,sounds_s_ch_jh_zh_w_f,47760,50880,3120,0,0
21997,558,sCDdQwVRwxM,2467,The Vamps,828,Wild Heart,dance,44586,Tonight we'll __,sound_s,sound_s,sounds_s_ch_jh_zh_w_f,98490,100990,2500,0,0
21998,558,sCDdQwVRwxM,2467,The Vamps,828,Wild Heart,dance,44605,Tonight we'll __,sound_s,sound_s,sounds_s_ch_jh_zh_w_f,148410,151240,2830,0,0
21999,558,sCDdQwVRwxM,2467,The Vamps,828,Wild Heart,dance,44614,Tonight we'll __,sound_s,sound_s,sounds_s_ch_jh_zh_w_f,172980,175340,2360,0,0
22009,563,xGPeNN9S0Fg,2442,One Direction,831,Little Things,voice,44756,I know you've never loved the sound of your __ on tape,sound_s,sound_s,sounds_s_ch_jh_zh_w_f,95400,100280,4880,0,0
22017,567,LjhCEhWiKXk,2421,Bruno Mars,851,Just The Way You Are,face,45815,When I see your __,sound_s,sound_s,sounds_s_ch_jh_zh_w_f,66470,71050,4580,0,0
22018,567,LjhCEhWiKXk,2421,Bruno Mars,851,Just The Way You Are,face,45829,When I see your __,sound_s,sound_s,sounds_s_ch_jh_zh_w_f,136730,141420,4690,0,0
22019,567,LjhCEhWiKXk,2421,Bruno Mars,851,Just The Way You Are,face,45841,When I see your __,sound_s,sound_s,sounds_s_ch_jh_zh_w_f,189600,194480,4880,0,0
22020,568,SR6iYWJxHqs,2421,Bruno Mars,852,Grenade,face,45873,You'll smile in my __ then rip the brakes out my car,sound_s,sound_s,sounds_s_ch_jh_zh_w_f,90750,95220,4470,0,0
22021,569,D1Xr-JFLxik,2448,Taylor Swift,870,White Horse,face,46959,That __ of an angel,sound_s,sound_s,sounds_s_ch_jh_zh_w_f,22790,25240,2450,0,0
22022,569,D1Xr-JFLxik,2448,Taylor Swift,870,White Horse,paced,46961,As I __ back and forth all this time,sound_s,sound_s,sounds_s_ch_jh_zh_w_f,30550,35320,4770,0,0
22023,569,D1Xr-JFLxik,2448,Taylor Swift,870,White Horse,princess,46968,"That I'm not a __, this ain't a fairy tale",sound_s,sound_s,sounds_s_ch_jh_zh_w_f,50200,55280,5080,0,0
22024,569,D1Xr-JFLxik,2448,Taylor Swift,870,White Horse,chance,46977,And never really had a __,sound_s,sound_s,sounds_s_ch_jh_zh_w_f,93570,99080,5510,0,0
22025,569,D1Xr-JFLxik,2448,Taylor Swift,870,White Horse,princess,46984,"I'm not a __, this ain't a fairy tale",sound_s,sound_s,sounds_s_ch_jh_zh_w_f,117690,122960,5270,0,0
22026,569,D1Xr-JFLxik,2448,Taylor Swift,870,White Horse,princess,46994,"Cause I'm not your __, this ain't a fairytale",sound_s,sound_s,sounds_s_ch_jh_zh_w_f,174640,179890,5250,0,0
22027,569,D1Xr-JFLxik,2448,Taylor Swift,870,White Horse,chance,93057,'Can you give me another __?',sound_s,sound_s,sounds_s_ch_jh_zh_w_f,15080,80550,65470,0,0
22028,569,D1Xr-JFLxik,2448,Taylor Swift,870,White Horse,chance,93063,'Can you give me another __?',sound_s,sound_s,sounds_s_ch_jh_zh_w_f,212670,217020,4350,0,0
22029,570,Jb2stN7kH28,2448,Taylor Swift,871,Our Song,notice,47024,I almost didn't __ all the roses,sound_s,sound_s,sounds_s_ch_jh_zh_w_f,83230,86490,3260,0,0
22030,571,VuNIsY6JdUw,2448,Taylor Swift,872,You Belong With Me,since,47109,I haven't seen it in a while __ she brought you down,sound_s,sound_s,sounds_s_ch_jh_zh_w_f,89130,92850,3720,0,0
22039,572,8xg3vE8Ie_E,2448,Taylor Swift,874,Love Story,prince,47225,You'll be the __ and I'll be the princess,sound_s,sound_s,sounds_s_ch_jh_zh_w_f,72850,77010,4160,0,0
22040,572,8xg3vE8Ie_E,2448,Taylor Swift,874,Love Story,princess,47225,You'll be the prince and I'll be the __,sound_s,sound_s,sounds_s_ch_jh_zh_w_f,72850,77010,4160,0,0
22041,572,8xg3vE8Ie_E,2448,Taylor Swift,874,Love Story,prince,47235,You'll be the __ and I'll be the princess,sound_s,sound_s,sounds_s_ch_jh_zh_w_f,125390,128940,3550,0,0
22042,572,8xg3vE8Ie_E,2448,Taylor Swift,874,Love Story,princess,47235,You'll be the prince and I'll be the __,sound_s,sound_s,sounds_s_ch_jh_zh_w_f,125390,128940,3550,0,0
22043,573,0G3_kG5FFfQ,2439,Avril Lavigne,876,When You'Re Gone,pieces,47339,The __ of my heart are missing you,sound_s,sound_s,sounds_s_ch_jh_zh_w_f,59400,63930,4530,0,0
22044,573,0G3_kG5FFfQ,2439,Avril Lavigne,876,When You'Re Gone,face,47341,The __ I came to know is missing too,sound_s,sound_s,sounds_s_ch_jh_zh_w_f,66650,70530,3880,0,0
22045,573,0G3_kG5FFfQ,2439,Avril Lavigne,876,When You'Re Gone,pieces,47357,The __ of my heart are missing you,sound_s,sound_s,sounds_s_ch_jh_zh_w_f,140760,144910,4150,0,0
22046,573,0G3_kG5FFfQ,2439,Avril Lavigne,876,When You'Re Gone,face,47359,The __ I came to know is missing too,sound_s,sound_s,sounds_s_ch_jh_zh_w_f,147590,151560,3970,0,0
22047,573,0G3_kG5FFfQ,2439,Avril Lavigne,876,When You'Re Gone,pieces,47374,The __ of my heart are missing you,sound_s,sound_s,sounds_s_ch_jh_zh_w_f,194670,198690,4020,0,0
22048,573,0G3_kG5FFfQ,2439,Avril Lavigne,876,When You'Re Gone,face,47376,The __ I came to know is missing too,sound_s,sound_s,sounds_s_ch_jh_zh_w_f,201210,205810,4600,0,0
22053,577,oofSnsGkops,2461,James Blunt,881,You'Re Beautiful,face,47614,I saw your __ in a crowded place,sound_s,sound_s,sounds_s_ch_jh_zh_w_f,59810,66440,6630,0,0
22054,577,oofSnsGkops,2461,James Blunt,881,You'Re Beautiful,place,47614,I saw your face in a crowded __,sound_s,sound_s,sounds_s_ch_jh_zh_w_f,59810,66440,6630,0,0
22055,577,oofSnsGkops,2461,James Blunt,881,You'Re Beautiful,face,47619,"She could see from my __ that I was,",sound_s,sound_s,sounds_s_ch_jh_zh_w_f,93540,96850,3310,0,0
22056,577,oofSnsGkops,2461,James Blunt,881,You'Re Beautiful,face,47626,I saw your __ in a crowded place,sound_s,sound_s,sounds_s_ch_jh_zh_w_f,122750,129090,6340,0,0
22057,577,oofSnsGkops,2461,James Blunt,881,You'Re Beautiful,place,47626,I saw your face in a crowded __,sound_s,sound_s,sounds_s_ch_jh_zh_w_f,122750,129090,6340,0,0
22058,577,oofSnsGkops,2461,James Blunt,881,You'Re Beautiful,face,47632,There must be an angel with a smile on her __,sound_s,sound_s,sounds_s_ch_jh_zh_w_f,165210,171620,6410,0,0
22059,577,oofSnsGkops,2461,James Blunt,881,You'Re Beautiful,face,47634,But it's time to __ the truth,sound_s,sound_s,sounds_s_ch_jh_zh_w_f,182270,188220,5950,0,0
22067,582,74aOxH4R5Ow,2424,Demi Lovato,912,Warrior,once,49396,"All it took was __, I'll never be the same",sound_s,sound_s,sounds_s_ch_jh_zh_w_f,162810,168780,5970,0,0
22068,585,Zi_XLOBDo_Y,2486,Michael Jackson,933,Billie Jean,scene,50588,She was more like a beauty queen from a movie __,sound_s,sound_s,sounds_s_ch_jh_zh_w_f,28480,32790,4310,0,0
22069,585,Zi_XLOBDo_Y,2486,Michael Jackson,933,Billie Jean,dance,50590,Who will __ on the floor in the round,sound_s,sound_s,sounds_s_ch_jh_zh_w_f,37950,42920,4970,0,0
22070,585,Zi_XLOBDo_Y,2486,Michael Jackson,933,Billie Jean,dance,50591,"She said I am the one, who will __ on the floor in the round",sound_s,sound_s,sounds_s_ch_jh_zh_w_f,42920,52980,10060,0,0
22071,585,Zi_XLOBDo_Y,2486,Michael Jackson,933,Billie Jean,scene,50593,"She told me her name was Billie Jean, as she caused a __",sound_s,sound_s,sounds_s_ch_jh_zh_w_f,52980,57210,4230,0,0
22072,585,Zi_XLOBDo_Y,2486,Michael Jackson,933,Billie Jean,dance,50595,Who will __ on the floor in the round,sound_s,sound_s,sounds_s_ch_jh_zh_w_f,62810,69430,6620,0,0
22073,585,Zi_XLOBDo_Y,2486,Michael Jackson,933,Billie Jean,danced,50608,Cause we __ on the floor in the round,sound_s,sound_s,sounds_s_ch_jh_zh_w_f,120370,124680,4310,0,0
22074,585,Zi_XLOBDo_Y,2486,Michael Jackson,933,Billie Jean,advice,50609,"So take my strong __, just remember to always think twice",sound_s,sound_s,sounds_s_ch_jh_zh_w_f,124680,132190,7510,0,0
22075,585,Zi_XLOBDo_Y,2486,Michael Jackson,933,Billie Jean,twice,50609,"So take my strong advice, just remember to always think __",sound_s,sound_s,sounds_s_ch_jh_zh_w_f,124680,132190,7510,0,0
22076,585,Zi_XLOBDo_Y,2486,Michael Jackson,933,Billie Jean,twice,50610,"(Do think __, do think twice)",sound_s,sound_s,sounds_s_ch_jh_zh_w_f,132190,135640,3450,0,0
22077,585,Zi_XLOBDo_Y,2486,Michael Jackson,933,Billie Jean,twice,50610,"(Do think twice, do think __)",sound_s,sound_s,sounds_s_ch_jh_zh_w_f,132190,135640,3450,0,0
22078,585,Zi_XLOBDo_Y,2486,Michael Jackson,933,Billie Jean,danced,50611,"She told my baby we'd __ till three, then she looked at me",sound_s,sound_s,sounds_s_ch_jh_zh_w_f,135640,139650,4010,0,0
22079,585,Zi_XLOBDo_Y,2486,Michael Jackson,933,Billie Jean,danced,50613,"Cause we __ on the floor in the round, baby",sound_s,sound_s,sounds_s_ch_jh_zh_w_f,144930,151190,6260,0,0
22080,586,PivWY9wn5ps,2486,Michael Jackson,934,Man In The Mirror,once,50642,For __ in my life,sound_s,sound_s,sounds_s_ch_jh_zh_w_f,12390,18220,5830,0,0
22081,586,PivWY9wn5ps,2486,Michael Jackson,934,Man In The Mirror,difference,50644,Gonna make a __,sound_s,sound_s,sounds_s_ch_jh_zh_w_f,20460,21930,1470,0,0
22082,586,PivWY9wn5ps,2486,Michael Jackson,934,Man In The Mirror,place,50662,If you want to make the world a better __,sound_s,sound_s,sounds_s_ch_jh_zh_w_f,80530,82990,2460,0,0
22083,586,PivWY9wn5ps,2486,Michael Jackson,934,Man In The Mirror,place,50671,Cause they got no __ to be,sound_s,sound_s,sounds_s_ch_jh_zh_w_f,128080,131400,3320,0,0
22084,586,PivWY9wn5ps,2486,Michael Jackson,934,Man In The Mirror,place,50676,If you want to make the world a better __,sound_s,sound_s,sounds_s_ch_jh_zh_w_f,147560,149940,2380,0,0
22085,586,PivWY9wn5ps,2486,Michael Jackson,934,Man In The Mirror,place,50681,If you want to make the world a better __,sound_s,sound_s,sounds_s_ch_jh_zh_w_f,166670,169080,2410,0,0
22086,586,PivWY9wn5ps,2486,Michael Jackson,934,Man In The Mirror,place,50689,If you want to make the world a better __,sound_s,sound_s,sounds_s_ch_jh_zh_w_f,185890,188210,2320,0,0
22087,586,PivWY9wn5ps,2486,Michael Jackson,934,Man In The Mirror,place,50701,If you want to make the world a better __,sound_s,sound_s,sounds_s_ch_jh_zh_w_f,209730,212530,2800,0,0
22120,591,hEhutIEUq8k,2489,Mika,948,We Are Golden,circus,51568,Teenage dreams in a teenage __,sound_s,sound_s,sounds_s_ch_jh_zh_w_f,19080,22580,3500,0,0
22121,591,hEhutIEUq8k,2489,Mika,948,We Are Golden,circus,51586,Teenage dreams in a teenage __,sound_s,sound_s,sounds_s_ch_jh_zh_w_f,73490,77500,4010,0,0
22122,591,hEhutIEUq8k,2489,Mika,948,We Are Golden,circus,51607,Teenage dreams in a teenage __,sound_s,sound_s,sounds_s_ch_jh_zh_w_f,135930,139940,4010,0,0
22123,591,hEhutIEUq8k,2489,Mika,948,We Are Golden,circus,51622,Teenage dreams in a teenage __,sound_s,sound_s,sounds_s_ch_jh_zh_w_f,182550,186780,4230,0,0
22124,592,0CGVgAYJyjk,2489,Mika,949,Grace Kelly,Grace,51645,I try to be like __ Kelly,sound_s,sound_s,sounds_s_ch_jh_zh_w_f,24940,28720,3780,0,0
22125,592,0CGVgAYJyjk,2489,Mika,949,Grace Kelly,Grace,51672,I try to be like __ Kelly,sound_s,sound_s,sounds_s_ch_jh_zh_w_f,76090,79850,3760,0,0
22126,592,0CGVgAYJyjk,2489,Mika,949,Grace Kelly,reduced,106713,"The last time we talked, Mr. Smith, you __ me to tears",sound_s,sound_s,sounds_s_ch_jh_zh_w_f,2440,5990,3550,0,0
22127,643,r5yaoMjaAmE,2502,Christina Perri,980,Human,force,53544,I can __ a laugh,sound_s,sound_s,sounds_s_ch_jh_zh_w_f,50940,57820,6880,0,0
22128,643,r5yaoMjaAmE,2502,Christina Perri,980,Human,dance,53545,I can __ and play the part,sound_s,sound_s,sounds_s_ch_jh_zh_w_f,57820,61030,3210,0,0
22129,593,znlFu_lemsU,2503,Mary J. Blige,984,Family Affair,dance,53734,"Up on in this, __ for me",sound_s,sound_s,sounds_s_ch_jh_zh_w_f,23750,26140,2390,0,0
22130,593,znlFu_lemsU,2503,Mary J. Blige,984,Family Affair,dance,53736,So you gots to __ for me,sound_s,sound_s,sounds_s_ch_jh_zh_w_f,29130,31420,2290,0,0
22131,593,znlFu_lemsU,2503,Mary J. Blige,984,Family Affair,dance,53738,In this __ for me,sound_s,sound_s,sounds_s_ch_jh_zh_w_f,34860,36590,1730,0,0
22132,593,znlFu_lemsU,2503,Mary J. Blige,984,Family Affair,dance,53740,So just __ for me,sound_s,sound_s,sounds_s_ch_jh_zh_w_f,40160,41760,1600,0,0
22133,593,znlFu_lemsU,2503,Mary J. Blige,984,Family Affair,dance,53751,"Up on in this, __ for me",sound_s,sound_s,sounds_s_ch_jh_zh_w_f,64959,67510,2551,0,0
22134,593,znlFu_lemsU,2503,Mary J. Blige,984,Family Affair,dance,53753,So you gots to __ for me,sound_s,sound_s,sounds_s_ch_jh_zh_w_f,70390,72650,2260,0,0
22135,593,znlFu_lemsU,2503,Mary J. Blige,984,Family Affair,dance,53755,In this __ for me,sound_s,sound_s,sounds_s_ch_jh_zh_w_f,76190,77910,1720,0,0
22136,593,znlFu_lemsU,2503,Mary J. Blige,984,Family Affair,dance,53757,So just __ for me,sound_s,sound_s,sounds_s_ch_jh_zh_w_f,81380,82820,1440,0,0
22137,593,znlFu_lemsU,2503,Mary J. Blige,984,Family Affair,ice,53760,"Cop you a drink, go head and rock your __",sound_s,sound_s,sounds_s_ch_jh_zh_w_f,88020,90080,2060,0,0
22138,593,znlFu_lemsU,2503,Mary J. Blige,984,Family Affair,celebrating,53761,Because we __ No More Drama in our life,sound_s,sound_s,sounds_s_ch_jh_zh_w_f,90080,93050,2970,0,0
22139,593,znlFu_lemsU,2503,Mary J. Blige,984,Family Affair,dance,53765,So grab somebody and get your ass on the __ floor,sound_s,sound_s,sounds_s_ch_jh_zh_w_f,100440,103710,3270,0,0
22140,593,znlFu_lemsU,2503,Mary J. Blige,984,Family Affair,dance,53767,"Up on in this, __ for me",sound_s,sound_s,sounds_s_ch_jh_zh_w_f,106340,108830,2490,0,0
22141,593,znlFu_lemsU,2503,Mary J. Blige,984,Family Affair,dance,53769,So you gots to __ for me,sound_s,sound_s,sounds_s_ch_jh_zh_w_f,111620,114050,2430,0,0
22142,593,znlFu_lemsU,2503,Mary J. Blige,984,Family Affair,dance,53771,In this __ for me,sound_s,sound_s,sounds_s_ch_jh_zh_w_f,117620,119310,1690,0,0
22143,593,znlFu_lemsU,2503,Mary J. Blige,984,Family Affair,dance,53773,So just __ for me,sound_s,sound_s,sounds_s_ch_jh_zh_w_f,122710,124310,1600,0,0
22144,593,znlFu_lemsU,2503,Mary J. Blige,984,Family Affair,celebrate,53781,We're gonna __ all night,sound_s,sound_s,sounds_s_ch_jh_zh_w_f,146590,149210,2620,0,0
22145,593,znlFu_lemsU,2503,Mary J. Blige,984,Family Affair,dance,53784,Making you __ all night and I,sound_s,sound_s,sounds_s_ch_jh_zh_w_f,154810,157060,2250,0,0
22146,593,znlFu_lemsU,2503,Mary J. Blige,984,Family Affair,dance,53789,"Up on in this, __ for me",sound_s,sound_s,sounds_s_ch_jh_zh_w_f,168720,170920,2200,0,0
22147,593,znlFu_lemsU,2503,Mary J. Blige,984,Family Affair,dance,53791,So you gots to __ for me,sound_s,sound_s,sounds_s_ch_jh_zh_w_f,173720,176080,2360,0,0
22148,593,znlFu_lemsU,2503,Mary J. Blige,984,Family Affair,dance,53793,In this __ for me,sound_s,sound_s,sounds_s_ch_jh_zh_w_f,179590,181260,1670,0,0
22149,593,znlFu_lemsU,2503,Mary J. Blige,984,Family Affair,dance,106717,"Up on in this, __ for me",sound_s,sound_s,sounds_s_ch_jh_zh_w_f,189190,191640,2450,0,0
22150,593,znlFu_lemsU,2503,Mary J. Blige,984,Family Affair,dance,106719,So you gots to __ for me,sound_s,sound_s,sounds_s_ch_jh_zh_w_f,194420,200450,6030,0,0
22151,593,znlFu_lemsU,2503,Mary J. Blige,984,Family Affair,dance,106721,In this __ for me,sound_s,sound_s,sounds_s_ch_jh_zh_w_f,200450,201740,1290,0,0
22152,593,znlFu_lemsU,2503,Mary J. Blige,984,Family Affair,dance,106723,So just __ for me,sound_s,sound_s,sounds_s_ch_jh_zh_w_f,205720,207480,1760,0,0
22153,593,znlFu_lemsU,2503,Mary J. Blige,984,Family Affair,dance,106725,"Up on in this, __ for me",sound_s,sound_s,sounds_s_ch_jh_zh_w_f,209760,212520,2760,0,0
22154,593,znlFu_lemsU,2503,Mary J. Blige,984,Family Affair,dance,106727,So you gots to __ for me,sound_s,sound_s,sounds_s_ch_jh_zh_w_f,215330,196690,-18640,0,0
22155,594,WVe80iZtlYU,2506,Backstreet Boys,988,Incomplete,spaces,53988,Empty __ fill me up with hopes,sound_s,sound_s,sounds_s_ch_jh_zh_w_f,17350,24860,7510,0,0
22156,594,WVe80iZtlYU,2506,Backstreet Boys,988,Incomplete,faces,53989,Distant __ with no place left to go,sound_s,sound_s,sounds_s_ch_jh_zh_w_f,24860,32110,7250,0,0
22157,594,WVe80iZtlYU,2506,Backstreet Boys,988,Incomplete,place,53989,Distant faces with no __ left to go,sound_s,sound_s,sounds_s_ch_jh_zh_w_f,24860,32110,7250,0,0
22158,594,WVe80iZtlYU,2506,Backstreet Boys,988,Incomplete,Voices,53997,__ tell me I should carry on,sound_s,sound_s,sounds_s_ch_jh_zh_w_f,92570,100110,7540,0,0
22159,594,WVe80iZtlYU,2506,Backstreet Boys,988,Incomplete,face,53999,"Baby, my baby, it's written on your __",sound_s,sound_s,sounds_s_ch_jh_zh_w_f,107250,114660,7410,0,0
22160,594,WVe80iZtlYU,2506,Backstreet Boys,988,Incomplete,face,54007,I don't want to make you __ this world alone,sound_s,sound_s,sounds_s_ch_jh_zh_w_f,162380,173380,11000,0,0
22161,595,MEb2CecR11I,2506,Backstreet Boys,989,Larger Than Life,prices,54017,"There are __ to fame, alright",sound_s,sound_s,sounds_s_ch_jh_zh_w_f,85670,92880,7210,0,0
22162,596,GIQn8pab8Vc,2507,R. Kelly,991,I Believe I Can Fly,silence,54104,Sometimes __ can seem so loud,sound_s,sound_s,sounds_s_ch_jh_zh_w_f,135100,143200,8100,0,0
22174,601,mqFLXayD6e8,2512,Shania Twain,1004,That Don'T Impress Me Much,special,54946,You think you're __,sound_s,sound_s,sounds_s_ch_jh_zh_w_f,32860,36510,3650,0,0
22175,601,mqFLXayD6e8,2512,Shania Twain,1004,That Don'T Impress Me Much,scientist,54948,"Okay, so you're a rocket __",sound_s,sound_s,sounds_s_ch_jh_zh_w_f,40860,43680,2820,0,0
22176,601,mqFLXayD6e8,2512,Shania Twain,1004,That Don'T Impress Me Much,place,54957,Because Heaven forbid it should fall outta __,sound_s,sound_s,sounds_s_ch_jh_zh_w_f,82770,86230,3460,0,0
22177,601,mqFLXayD6e8,2512,Shania Twain,1004,That Don'T Impress Me Much,special,54958,You think you're something __,sound_s,sound_s,sounds_s_ch_jh_zh_w_f,86230,90290,4060,0,0
22178,601,mqFLXayD6e8,2512,Shania Twain,1004,That Don'T Impress Me Much,special,54970,You think you're something __,sound_s,sound_s,sounds_s_ch_jh_zh_w_f,148410,151420,3010,0,0
22180,603,eH3giaIzONA,2515,Whitney Houston,1014,I Wanna Dance With Somebody Who Loves Me,dance,55649,I wanna __ with somebody,sound_s,sound_s,sounds_s_ch_jh_zh_w_f,87180,91920,4740,0,0
22181,603,eH3giaIzONA,2515,Whitney Houston,1014,I Wanna Dance With Somebody Who Loves Me,dance,55651,I wanna __ with somebody,sound_s,sound_s,sounds_s_ch_jh_zh_w_f,95660,100190,4530,0,0
22182,603,eH3giaIzONA,2515,Whitney Houston,1014,I Wanna Dance With Somebody Who Loves Me,dance,55653,I wanna __ with somebody,sound_s,sound_s,sounds_s_ch_jh_zh_w_f,103770,108120,4350,0,0
22183,603,eH3giaIzONA,2515,Whitney Houston,1014,I Wanna Dance With Somebody Who Loves Me,dance,55655,I wanna __ with somebody,sound_s,sound_s,sounds_s_ch_jh_zh_w_f,111840,116290,4450,0,0
22184,603,eH3giaIzONA,2515,Whitney Houston,1014,I Wanna Dance With Somebody Who Loves Me,chance,55661,I need a man who'll take a __,sound_s,sound_s,sounds_s_ch_jh_zh_w_f,139890,143010,3120,0,0
22185,603,eH3giaIzONA,2515,Whitney Houston,1014,I Wanna Dance With Somebody Who Loves Me,dance,55665,I wanna __ with somebody,sound_s,sound_s,sounds_s_ch_jh_zh_w_f,154270,158500,4230,0,0
22186,603,eH3giaIzONA,2515,Whitney Houston,1014,I Wanna Dance With Somebody Who Loves Me,dance,55667,I wanna __ with somebody,sound_s,sound_s,sounds_s_ch_jh_zh_w_f,162370,166550,4180,0,0
22187,603,eH3giaIzONA,2515,Whitney Houston,1014,I Wanna Dance With Somebody Who Loves Me,dance,55669,I wanna __ with somebody,sound_s,sound_s,sounds_s_ch_jh_zh_w_f,170440,174670,4230,0,0
22188,603,eH3giaIzONA,2515,Whitney Houston,1014,I Wanna Dance With Somebody Who Loves Me,dance,55671,I wanna __ with somebody,sound_s,sound_s,sounds_s_ch_jh_zh_w_f,178520,182980,4460,0,0
22189,603,eH3giaIzONA,2515,Whitney Houston,1014,I Wanna Dance With Somebody Who Loves Me,chance,55677,I need a man who'll take a __,sound_s,sound_s,sounds_s_ch_jh_zh_w_f,202770,205590,2820,0,0
22190,603,eH3giaIzONA,2515,Whitney Houston,1014,I Wanna Dance With Somebody Who Loves Me,dance,55681,I wanna __ with somebody,sound_s,sound_s,sounds_s_ch_jh_zh_w_f,216890,221160,4270,0,0
22191,603,eH3giaIzONA,2515,Whitney Houston,1014,I Wanna Dance With Somebody Who Loves Me,dance,55683,I wanna __ with somebody,sound_s,sound_s,sounds_s_ch_jh_zh_w_f,225240,229490,4250,0,0
22192,603,eH3giaIzONA,2515,Whitney Houston,1014,I Wanna Dance With Somebody Who Loves Me,dance,55685,I wanna __ with somebody,sound_s,sound_s,sounds_s_ch_jh_zh_w_f,233010,237290,4280,0,0
22193,603,eH3giaIzONA,2515,Whitney Houston,1014,I Wanna Dance With Somebody Who Loves Me,dance,55687,I wanna __ with somebody,sound_s,sound_s,sounds_s_ch_jh_zh_w_f,241180,245610,4430,0,0
22194,603,eH3giaIzONA,2515,Whitney Houston,1014,I Wanna Dance With Somebody Who Loves Me,dance,55689,Don't you wanna __ with me baby,sound_s,sound_s,sounds_s_ch_jh_zh_w_f,265220,268780,3560,0,0
22195,603,eH3giaIzONA,2515,Whitney Houston,1014,I Wanna Dance With Somebody Who Loves Me,dance,55690,Don't you wanna __ with me boy,sound_s,sound_s,sounds_s_ch_jh_zh_w_f,268780,272760,3980,0,0
22196,603,eH3giaIzONA,2515,Whitney Houston,1014,I Wanna Dance With Somebody Who Loves Me,dance,55691,Don't you wanna __ with me baby,sound_s,sound_s,sounds_s_ch_jh_zh_w_f,272760,278010,5250,0,0
22197,603,eH3giaIzONA,2515,Whitney Houston,1014,I Wanna Dance With Somebody Who Loves Me,dance,55693,Don't you wanna __ say you wanna dance,sound_s,sound_s,sounds_s_ch_jh_zh_w_f,281270,283040,1770,0,0
22198,603,eH3giaIzONA,2515,Whitney Houston,1014,I Wanna Dance With Somebody Who Loves Me,dance,55693,Don't you wanna dance say you wanna __,sound_s,sound_s,sounds_s_ch_jh_zh_w_f,281270,283040,1770,0,0
22199,603,eH3giaIzONA,2515,Whitney Houston,1014,I Wanna Dance With Somebody Who Loves Me,dance,55694,Don't you wanna __,sound_s,sound_s,sounds_s_ch_jh_zh_w_f,283040,284950,1910,0,0
22200,603,eH3giaIzONA,2515,Whitney Houston,1014,I Wanna Dance With Somebody Who Loves Me,dance,55695,Don't you wanna __ say you wanna dance,sound_s,sound_s,sounds_s_ch_jh_zh_w_f,284950,286980,2030,0,0
22201,603,eH3giaIzONA,2515,Whitney Houston,1014,I Wanna Dance With Somebody Who Loves Me,dance,55695,Don't you wanna dance say you wanna __,sound_s,sound_s,sounds_s_ch_jh_zh_w_f,284950,286980,2030,0,0
22202,603,eH3giaIzONA,2515,Whitney Houston,1014,I Wanna Dance With Somebody Who Loves Me,dance,55696,Don't you wanna __,sound_s,sound_s,sounds_s_ch_jh_zh_w_f,286980,289070,2090,0,0
22203,603,eH3giaIzONA,2515,Whitney Houston,1014,I Wanna Dance With Somebody Who Loves Me,dance,55697,Don't you wanna __ say you wanna dance,sound_s,sound_s,sounds_s_ch_jh_zh_w_f,289070,293930,4860,0,0
22204,603,eH3giaIzONA,2515,Whitney Houston,1014,I Wanna Dance With Somebody Who Loves Me,dance,55697,Don't you wanna dance say you wanna __,sound_s,sound_s,sounds_s_ch_jh_zh_w_f,289070,293930,4860,0,0
22210,605,6tpl9LtkRRw,2516,Ne-Yo,1016,One In A Million,certain,55773,Baby one thing is for __,sound_s,sound_s,sounds_s_ch_jh_zh_w_f,69020,71220,2200,0,0
22211,605,6tpl9LtkRRw,2516,Ne-Yo,1016,One In A Million,presence,55776,In your __ can't do what you do,sound_s,sound_s,sounds_s_ch_jh_zh_w_f,74980,77760,2780,0,0
22212,605,6tpl9LtkRRw,2516,Ne-Yo,1016,One In A Million,certain,55783,And I'm __ that,sound_s,sound_s,sounds_s_ch_jh_zh_w_f,95370,97710,2340,0,0
22213,605,6tpl9LtkRRw,2516,Ne-Yo,1016,One In A Million,certain,55796,Baby one thing is for __,sound_s,sound_s,sounds_s_ch_jh_zh_w_f,126590,128620,2030,0,0
22214,605,6tpl9LtkRRw,2516,Ne-Yo,1016,One In A Million,presence,55799,In your __ can't do what you do,sound_s,sound_s,sounds_s_ch_jh_zh_w_f,132700,135500,2800,0,0
22215,605,6tpl9LtkRRw,2516,Ne-Yo,1016,One In A Million,certain,55806,And I'm __ that,sound_s,sound_s,sounds_s_ch_jh_zh_w_f,153070,155490,2420,0,0
22216,605,6tpl9LtkRRw,2516,Ne-Yo,1016,One In A Million,certain,55813,And I'm __ that,sound_s,sound_s,sounds_s_ch_jh_zh_w_f,172200,174750,2550,0,0
22217,605,6tpl9LtkRRw,2516,Ne-Yo,1016,One In A Million,certain,55830,And I'm __ that,sound_s,sound_s,sounds_s_ch_jh_zh_w_f,220330,222670,2340,0,0
22218,605,6tpl9LtkRRw,2516,Ne-Yo,1016,One In A Million,certain,55837,And I'm __ that,sound_s,sound_s,sounds_s_ch_jh_zh_w_f,239420,241870,2450,0,0
22232,620,nfWlot6h_JM,2973,Christina Aguilera,1901,Shake It Off,dancing,99915,I'm __ on my own (dancing on my own),sound_s,sound_s,sounds_s_ch_jh_zh_w_f,76540,82680,6140,0,0
22233,620,nfWlot6h_JM,2973,Christina Aguilera,1901,Shake It Off,dancing,99915,I'm dancing on my own (__ on my own),sound_s,sound_s,sounds_s_ch_jh_zh_w_f,76540,82680,6140,0,0
22234,619,w1oM3kQpXRo,2973,Christina Aguilera,1916,Everything Has Changed,since,100761,And all I've seen __ eighteen hours ago,sound_s,sound_s,sounds_s_ch_jh_zh_w_f,18810,26380,7570,0,0
22235,619,w1oM3kQpXRo,2973,Christina Aguilera,1916,Everything Has Changed,since,100773,All I know __ yesterday is everything has changed,sound_s,sound_s,sounds_s_ch_jh_zh_w_f,71330,83360,12030,0,0
22236,619,w1oM3kQpXRo,2973,Christina Aguilera,1916,Everything Has Changed,since,100787,All I know __ yesterday is everything has changed,sound_s,sound_s,sounds_s_ch_jh_zh_w_f,149330,156690,7360,0,0
22237,619,w1oM3kQpXRo,2973,Christina Aguilera,1916,Everything Has Changed,since,100799,All I know __ yesterday is everything has changed,sound_s,sound_s,sounds_s_ch_jh_zh_w_f,209290,215960,6670,0,0
22238,619,w1oM3kQpXRo,2973,Christina Aguilera,1916,Everything Has Changed,grace,100804,All I know is a new found __,sound_s,sound_s,sounds_s_ch_jh_zh_w_f,227630,230450,2820,0,0
22239,619,w1oM3kQpXRo,2973,Christina Aguilera,1916,Everything Has Changed,face,100805,"All my days, I'll know your __",sound_s,sound_s,sounds_s_ch_jh_zh_w_f,230450,233400,2950,0,0
22240,617,AgFeZr5ptV8,2973,Christina Aguilera,1917,22,dancing,100819,"Everything will be alright, if we just keep __ like we're 22, 22",sound_s,sound_s,sounds_s_ch_jh_zh_w_f,55220,68970,13750,0,0
22241,617,AgFeZr5ptV8,2973,Christina Aguilera,1917,22,place,100821,"This __ is too crowded, too many cool kids",sound_s,sound_s,sounds_s_ch_jh_zh_w_f,71360,77980,6620,0,0
22242,617,AgFeZr5ptV8,2973,Christina Aguilera,1917,22,scene,100823,We ditch the whole __ and end up dreaming instead of sleeping,sound_s,sound_s,sounds_s_ch_jh_zh_w_f,80320,89020,8700,0,0
22243,617,AgFeZr5ptV8,2973,Christina Aguilera,1917,22,dancing,100831,"Everything will be alright if we just keep __ like we're 22, 22",sound_s,sound_s,sounds_s_ch_jh_zh_w_f,120160,132370,12210,0,0
22244,617,AgFeZr5ptV8,2973,Christina Aguilera,1917,22,scene,100834,We ditch the whole __,sound_s,sound_s,sounds_s_ch_jh_zh_w_f,145190,147540,2350,0,0
22245,617,AgFeZr5ptV8,2973,Christina Aguilera,1917,22,dancing,100842,"Everything will be alright if we just keep __ like we're 22, 22, 22, 22",sound_s,sound_s,sounds_s_ch_jh_zh_w_f,184280,207360,23080,0,0
22246,617,AgFeZr5ptV8,2973,Christina Aguilera,1917,22,scene,100845,We ditch the whole __,sound_s,sound_s,sounds_s_ch_jh_zh_w_f,210030,212070,2040,0,0
22247,641,DCCJCILiX3o,2973,Christina Aguilera,1938,Amnesia,places,101991,I drove by all the __ ,sound_s,sound_s,sounds_s_ch_jh_zh_w_f,23650,28460,4810,0,0
22248,641,DCCJCILiX3o,2973,Christina Aguilera,1938,Amnesia,face,102001,I remember the make-up running down your __,sound_s,sound_s,sounds_s_ch_jh_zh_w_f,63460,68190,4730,0,0
22249,641,DCCJCILiX3o,2973,Christina Aguilera,1938,Amnesia,face,102018,I remember the make-up running down your __,sound_s,sound_s,sounds_s_ch_jh_zh_w_f,141260,145940,4680,0,0
22250,641,DCCJCILiX3o,2973,Christina Aguilera,1938,Amnesia,face,102031,I remember the make-up running down your __,sound_s,sound_s,sounds_s_ch_jh_zh_w_f,197740,202260,4520,0,0
22251,616,AbPED9bisSc,2442,One Direction,1942,Live While We'Re Young,celebration,102195,"And have a __, a celebration",sound_s,sound_s,sounds_s_ch_jh_zh_w_f,14800,18840,4040,0,0
22252,616,AbPED9bisSc,2442,One Direction,1942,Live While We'Re Young,celebration,102195,"And have a celebration, a __",sound_s,sound_s,sounds_s_ch_jh_zh_w_f,14800,18840,4040,0,0
22258,633,uVjRe8QXFHY,2973,Christina Aguilera,1976,The Best Of Both Worlds,face,104008,You get your __ in all the magazines,sound_s,sound_s,sounds_s_ch_jh_zh_w_f,117510,122110,4600,0,0
22261,1,W-TE_Ys4iwM,2442,One Direction,2044,Story Of My Life,ascending,106759,I see __ light upon a hill,sound_s,sound_s,sounds_s_ch_jh_zh_w_f,116610,121750,5140,0,0
22262,607,Gqm873UWUdw,2442,One Direction,2045,Moments,face,106832,And the tears stream down my __,sound_s,sound_s,sounds_s_ch_jh_zh_w_f,46870,56950,10080,0,0
22263,607,Gqm873UWUdw,2442,One Direction,2045,Moments,voice,106837,"You know I'll be your life, your __, your reason to be",sound_s,sound_s,sounds_s_ch_jh_zh_w_f,68300,76980,8680,0,0
22264,607,Gqm873UWUdw,2442,One Direction,2045,Moments,Voice,106852,__'s numb,sound_s,sound_s,sounds_s_ch_jh_zh_w_f,122140,125450,3310,0,0
22265,607,Gqm873UWUdw,2442,One Direction,2045,Moments,face,106855,And the tears stream down my __,sound_s,sound_s,sounds_s_ch_jh_zh_w_f,135880,146470,10590,0,0
22266,607,Gqm873UWUdw,2442,One Direction,2045,Moments,voice,106860,"You know I'll be your life, your __, your reason to be",sound_s,sound_s,sounds_s_ch_jh_zh_w_f,157700,166130,8430,0,0
22267,607,Gqm873UWUdw,2442,One Direction,2045,Moments,voice,106877,"You know I'll be your life, your __, your reason to be",sound_s,sound_s,sounds_s_ch_jh_zh_w_f,204940,212570,7630,0,0
22268,607,Gqm873UWUdw,2442,One Direction,2045,Moments,voice,106883,"You know I'll be your life, your __, your reason to be",sound_s,sound_s,sounds_s_ch_jh_zh_w_f,230890,238290,7400,0,0
22269,608,e-ORhEE9VVg,2448,Taylor Swift,2046,Blank Space,Nice,106890,"__ to meet you, where you been?",sound_s,sound_s,sounds_s_ch_jh_zh_w_f,8130,10730,2600,0,0
22270,608,e-ORhEE9VVg,2448,Taylor Swift,2046,Blank Space,face,106894,"Oh my God, look at that __",sound_s,sound_s,sounds_s_ch_jh_zh_w_f,17670,20080,2410,0,0
22271,608,e-ORhEE9VVg,2448,Taylor Swift,2046,Blank Space,space,106921,But I've got a blank __ baby,sound_s,sound_s,sounds_s_ch_jh_zh_w_f,82610,86180,3570,0,0
22272,608,e-ORhEE9VVg,2448,Taylor Swift,2046,Blank Space,space,106955,But I've got a blank __ baby,sound_s,sound_s,sounds_s_ch_jh_zh_w_f,167560,171580,4020,0,0
22273,608,e-ORhEE9VVg,2448,Taylor Swift,2046,Blank Space,space,106978,But I've got a blank __ baby,sound_s,sound_s,sounds_s_ch_jh_zh_w_f,227730,230870,3140,0,0
22285,613,UpsKGvPjAgw,2442,One Direction,2052,Steal My Girl,Since,107254,__ we were sixteen,sound_s,sound_s,sounds_s_ch_jh_zh_w_f,113410,115040,1630,0,0
22285,613,UpsKGvPjAgw,2442,One Direction,2052,Steal My Girl,Since,107254,__ we were sixteen,sound_s,sound_s,sounds_s_ch_jh_zh_w_f,113410,115040,1630,0,0
22286,613,UpsKGvPjAgw,2442,One Direction,2052,Steal My Girl,place,107451,'We'll come to the most barren __ on Earth to create',sound_s,sound_s,sounds_s_ch_jh_zh_w_f,54400,60090,5690,0,0
22286,613,UpsKGvPjAgw,2442,One Direction,2052,Steal My Girl,place,107451,'We'll come to the most barren __ on Earth to create',sound_s,sound_s,sounds_s_ch_jh_zh_w_f,54400,60090,5690,0,0
22287,615,nvfejaHz-o0,2442,One Direction,2055,Gotta Be You,innocence,107339,And girl what a mess I made upon your __,sound_s,sound_s,sounds_s_ch_jh_zh_w_f,21190,25330,4140,0,0
22288,615,nvfejaHz-o0,2442,One Direction,2055,Gotta Be You,chance,107341,But here I am asking you for one more __,sound_s,sound_s,sounds_s_ch_jh_zh_w_f,27610,32740,5130,0,0
22289,615,nvfejaHz-o0,2442,One Direction,2055,Gotta Be You,voice,107353,Now girl I hear it in your __ and how it trembles,sound_s,sound_s,sounds_s_ch_jh_zh_w_f,83720,87180,3460,0,0
22290,618,Zlot0i3Zykw,2448,Taylor Swift,2056,Red,Once,107506,__ you're already flying through the free fall,sound_s,sound_s,sounds_s_ch_jh_zh_w_f,33020,77580,44560,0,0
22291,622,TtCXUFImZYE,2957,Frozen,2058,Love Is An Open Door,face,107580,All my life has been a series of doors in my __,sound_s,sound_s,sounds_s_ch_jh_zh_w_f,32170,36920,4750,0,0
22292,622,TtCXUFImZYE,2957,Frozen,2058,Love Is An Open Door,place,107583,I've been searching my whole life to find my own __,sound_s,sound_s,sounds_s_ch_jh_zh_w_f,42270,46310,4040,0,0
22293,622,TtCXUFImZYE,2957,Frozen,2058,Love Is An Open Door,place,107586,I found my __ (I see your face),sound_s,sound_s,sounds_s_ch_jh_zh_w_f,53390,55890,2500,0,0
22294,622,TtCXUFImZYE,2957,Frozen,2058,Love Is An Open Door,face,107586,I found my place (I see your __),sound_s,sound_s,sounds_s_ch_jh_zh_w_f,53390,55890,2500,0,0
22295,624,zAwpV2f4Wok,2555,Jonas Brothers,2059,Play My Music,dance,107621,Wanna __ until my feet can't feel the ground,sound_s,sound_s,sounds_s_ch_jh_zh_w_f,40840,44400,3560,0,0
22296,624,zAwpV2f4Wok,2555,Jonas Brothers,2059,Play My Music,fancy,107638,So forget that __ car,sound_s,sound_s,sounds_s_ch_jh_zh_w_f,105830,108360,2530,0,0
22298,626,0bGjlvukgHU,2960,The Lion King,2061,I Just Can'T Wait To Be King,advice,107809,Kings don't need __,sound_s,sound_s,sounds_s_ch_jh_zh_w_f,126910,128759,1849,0,0
22299,626,0bGjlvukgHU,2960,The Lion King,2061,I Just Can'T Wait To Be King,service,107813,"Out of __, out of Africa",sound_s,sound_s,sounds_s_ch_jh_zh_w_f,136460,139150,2690,0,0
22300,626,0bGjlvukgHU,2960,The Lion King,2061,I Just Can'T Wait To Be King,romance,107898,'Little seeds of __ blossoming in the savannah',sound_s,sound_s,sounds_s_ch_jh_zh_w_f,17130,20200,3070,0,0
22301,626,0bGjlvukgHU,2960,The Lion King,2061,I Just Can'T Wait To Be King,choice,107906,"'Well, sorry to bust the old bubble, but you two turtledoves have no __'",sound_s,sound_s,sounds_s_ch_jh_zh_w_f,39640,44580,4940,0,0
22302,626,0bGjlvukgHU,2960,The Lion King,2061,I Just Can'T Wait To Be King,Nice,107911,"'__ try, but only the king can do that'",sound_s,sound_s,sounds_s_ch_jh_zh_w_f,52600,55200,2600,0,0
22303,627,8EYVepDBAC0,2963,Hercules,2062,Go The Distance,place,107919,Of a far off __,sound_s,sound_s,sounds_s_ch_jh_zh_w_f,7180,9700,2520,0,0
22304,627,8EYVepDBAC0,2963,Hercules,2062,Go The Distance,face,107923,When they see my __,sound_s,sound_s,sounds_s_ch_jh_zh_w_f,17710,20170,2460,0,0
22305,627,8EYVepDBAC0,2963,Hercules,2062,Go The Distance,voice,107924,And a __ keeps saying,sound_s,sound_s,sounds_s_ch_jh_zh_w_f,20170,22950,2780,0,0
22306,627,8EYVepDBAC0,2963,Hercules,2062,Go The Distance,distance,107927,I can go the __,sound_s,sound_s,sounds_s_ch_jh_zh_w_f,29860,32130,2270,0,0
22307,627,8EYVepDBAC0,2963,Hercules,2062,Go The Distance,distance,107935,I can go the __,sound_s,sound_s,sounds_s_ch_jh_zh_w_f,79130,81360,2230,0,0
22308,627,8EYVepDBAC0,2963,Hercules,2062,Go The Distance,distance,107943,I can go the __,sound_s,sound_s,sounds_s_ch_jh_zh_w_f,118900,120910,2010,0,0
22309,627,8EYVepDBAC0,2963,Hercules,2062,Go The Distance,face,107944,I will __ the world,sound_s,sound_s,sounds_s_ch_jh_zh_w_f,120910,123170,2260,0,0
22310,627,8EYVepDBAC0,2963,Hercules,2062,Go The Distance,distance,107947,I can go the __,sound_s,sound_s,sounds_s_ch_jh_zh_w_f,128030,130020,1990,0,0
22311,628,BlRvE9dKWQc,2958,High School Musical,2063,We'Re All In This Together,celebration,107959,Here and now it's time for __,sound_s,sound_s,sounds_s_ch_jh_zh_w_f,35230,39320,4090,0,0
22312,628,BlRvE9dKWQc,2958,High School Musical,2063,We'Re All In This Together,special,107963,Everyone is __ in their own way,sound_s,sound_s,sounds_s_ch_jh_zh_w_f,51800,55690,3890,0,0
22313,628,BlRvE9dKWQc,2958,High School Musical,2063,We'Re All In This Together,Once,107969,__ we know,sound_s,sound_s,sounds_s_ch_jh_zh_w_f,70590,72310,1720,0,0
22314,628,BlRvE9dKWQc,2958,High School Musical,2063,We'Re All In This Together,voice,107983,And speaking out with one __,sound_s,sound_s,sounds_s_ch_jh_zh_w_f,106940,109350,2410,0,0
22315,628,BlRvE9dKWQc,2958,High School Musical,2063,We'Re All In This Together,Once,107990,__ we know,sound_s,sound_s,sounds_s_ch_jh_zh_w_f,133000,134440,1440,0,0
22316,628,BlRvE9dKWQc,2958,High School Musical,2063,We'Re All In This Together,Once,108005,__ we see,sound_s,sound_s,sounds_s_ch_jh_zh_w_f,157970,159470,1500,0,0
22317,628,BlRvE9dKWQc,2958,High School Musical,2063,We'Re All In This Together,chance,108006,There's a __,sound_s,sound_s,sounds_s_ch_jh_zh_w_f,159470,160510,1040,0,0
22318,628,BlRvE9dKWQc,2958,High School Musical,2063,We'Re All In This Together,Once,108019,__ we know,sound_s,sound_s,sounds_s_ch_jh_zh_w_f,199030,200740,1710,0,0
22319,628,BlRvE9dKWQc,2958,High School Musical,2063,We'Re All In This Together,Once,108034,__ we see,sound_s,sound_s,sounds_s_ch_jh_zh_w_f,224070,225560,1490,0,0
22320,628,BlRvE9dKWQc,2958,High School Musical,2063,We'Re All In This Together,chance,108035,There's a __,sound_s,sound_s,sounds_s_ch_jh_zh_w_f,225560,226570,1010,0,0
22321,629,Axv3bGOawx0,3079,High School Musical 2,2064,All For One,celebrate,108052,Let's __ today 'cause there'll never be another ,sound_s,sound_s,sounds_s_ch_jh_zh_w_f,39280,42440,3160,0,0
22322,629,Axv3bGOawx0,3079,High School Musical 2,2064,All For One,celebrate,108072,Let's __ today 'cause there'll never be another,sound_s,sound_s,sounds_s_ch_jh_zh_w_f,91530,94600,3070,0,0
22323,629,Axv3bGOawx0,3079,High School Musical 2,2064,All For One,dance,108117,"Come on, everyone let's __",sound_s,sound_s,sounds_s_ch_jh_zh_w_f,216750,220220,3470,0,0
22324,630,RU8aKj8t7gM,3080,Phil Collins,2065,On My Way,places,108172,New friends and new __ to see,sound_s,sound_s,sounds_s_ch_jh_zh_w_f,33390,40160,6770,0,0
22325,630,RU8aKj8t7gM,3080,Phil Collins,2065,On My Way,face,108179,And I can't keep this smile off my __,sound_s,sound_s,sounds_s_ch_jh_zh_w_f,61560,66060,4500,0,0
22326,630,RU8aKj8t7gM,3080,Phil Collins,2065,On My Way,distance,108182,No matter what the __ between,sound_s,sound_s,sounds_s_ch_jh_zh_w_f,70780,75210,4430,0,0
22327,630,RU8aKj8t7gM,3080,Phil Collins,2065,On My Way,places,108190,New friends and new __ to see,sound_s,sound_s,sounds_s_ch_jh_zh_w_f,89920,94250,4330,0,0
22328,630,RU8aKj8t7gM,3080,Phil Collins,2065,On My Way,face,108197,And the feeling of the wind in your __ can lift your heart,sound_s,sound_s,sounds_s_ch_jh_zh_w_f,113010,120020,7010,0,0
22329,630,RU8aKj8t7gM,3080,Phil Collins,2065,On My Way,nice,108213,'They are quite __',sound_s,sound_s,sounds_s_ch_jh_zh_w_f,170120,173280,3160,0,0
22330,631,25QyCxVkXwQ,2624,Elton John,2066,Can You Feel The Love Tonight,peace,108133,The __ the evening brings,sound_s,sound_s,sounds_s_ch_jh_zh_w_f,38680,44980,6300,0,0
22331,631,25QyCxVkXwQ,2624,Elton John,2066,Can You Feel The Love Tonight,once,108134,"The world, for __, in perfect harmony",sound_s,sound_s,sounds_s_ch_jh_zh_w_f,44980,51260,6280,0,0
22332,631,25QyCxVkXwQ,2624,Elton John,2066,Can You Feel The Love Tonight,decide,108141,But what I can't __,sound_s,sound_s,sounds_s_ch_jh_zh_w_f,73450,67750,-5700,0,0
22333,631,25QyCxVkXwQ,2624,Elton John,2066,Can You Feel The Love Tonight,peace,108146,The __ the evening brings,sound_s,sound_s,sounds_s_ch_jh_zh_w_f,90860,97410,6550,0,0
22334,631,25QyCxVkXwQ,2624,Elton John,2066,Can You Feel The Love Tonight,once,108147,"The world, for __, in perfect harmony",sound_s,sound_s,sounds_s_ch_jh_zh_w_f,97410,103440,6030,0,0
22335,631,25QyCxVkXwQ,2624,Elton John,2066,Can You Feel The Love Tonight,uncertainties,108151,Stealing through the night's __,sound_s,sound_s,sounds_s_ch_jh_zh_w_f,122790,129310,6520,0,0
22336,632,BV77nWMQgJI,3081,Aladdin,2067,A Whole New World,place,108271,A thrilling chase (A wondrous __),sound_s,sound_s,sounds_s_ch_jh_zh_w_f,136550,140570,4020,0,0
22337,632,BV77nWMQgJI,3081,Aladdin,2067,A Whole New World,princess,108274,"Tell me, __",sound_s,sound_s,sounds_s_ch_jh_zh_w_f,22720,24350,1630,0,0
22338,632,BV77nWMQgJI,3081,Aladdin,2067,A Whole New World,decide,108275,Now when did you last let your heart __?,sound_s,sound_s,sounds_s_ch_jh_zh_w_f,24350,38030,13680,0,0
22339,632,BV77nWMQgJI,3081,Aladdin,2067,A Whole New World,place,108844,A dazzling __ I never knew,sound_s,sound_s,sounds_s_ch_jh_zh_w_f,63750,96240,32490,0,0
22340,634,vLkp_Dx6VdI,3082,Mary Poppins,2068,A Spoonful Of Sugar,piece,108288,Becomes a __ of cake,sound_s,sound_s,sounds_s_ch_jh_zh_w_f,12010,14410,2400,0,0
22341,634,vLkp_Dx6VdI,3082,Mary Poppins,2068,A Spoonful Of Sugar,medicine,108290,That a spoonful of sugar helps the __ go down,sound_s,sound_s,sounds_s_ch_jh_zh_w_f,20400,27890,7490,0,0
22342,634,vLkp_Dx6VdI,3082,Mary Poppins,2068,A Spoonful Of Sugar,medicine,108291,The __ go down,sound_s,sound_s,sounds_s_ch_jh_zh_w_f,27890,30400,2510,0,0
22343,634,vLkp_Dx6VdI,3082,Mary Poppins,2068,A Spoonful Of Sugar,Medicine,108292,__ go down ,sound_s,sound_s,sounds_s_ch_jh_zh_w_f,30400,32290,1890,0,0
22344,634,vLkp_Dx6VdI,3082,Mary Poppins,2068,A Spoonful Of Sugar,medicine,108293,Just a spoonful of sugar helps the __ go down,sound_s,sound_s,sounds_s_ch_jh_zh_w_f,32290,37200,4910,0,0
22345,634,vLkp_Dx6VdI,3082,Mary Poppins,2068,A Spoonful Of Sugar,medicine,108301,For a spoonful of sugar helps the __ go down,sound_s,sound_s,sounds_s_ch_jh_zh_w_f,74350,79110,4760,0,0
22346,634,vLkp_Dx6VdI,3082,Mary Poppins,2068,A Spoonful Of Sugar,medicine,108302,The __ go down,sound_s,sound_s,sounds_s_ch_jh_zh_w_f,79110,81630,2520,0,0
22347,634,vLkp_Dx6VdI,3082,Mary Poppins,2068,A Spoonful Of Sugar,Medicine,108303,__ go down,sound_s,sound_s,sounds_s_ch_jh_zh_w_f,81630,83380,1750,0,0
22348,634,vLkp_Dx6VdI,3082,Mary Poppins,2068,A Spoonful Of Sugar,medicine,108304,Just a spoonful of sugar helps the __ go down,sound_s,sound_s,sounds_s_ch_jh_zh_w_f,83380,88320,4940,0,0
22349,634,vLkp_Dx6VdI,3082,Mary Poppins,2068,A Spoonful Of Sugar,hence,108311,And __ (And hence),sound_s,sound_s,sounds_s_ch_jh_zh_w_f,166710,169180,2470,0,0
22350,634,vLkp_Dx6VdI,3082,Mary Poppins,2068,A Spoonful Of Sugar,hence,108311,And hence (And __),sound_s,sound_s,sounds_s_ch_jh_zh_w_f,166710,169180,2470,0,0
22351,634,vLkp_Dx6VdI,3082,Mary Poppins,2068,A Spoonful Of Sugar,sufficient,108319,"'That will be quite __. Hats and coats, please'",sound_s,sound_s,sounds_s_ch_jh_zh_w_f,251600,255600,4000,0,0
22352,634,vLkp_Dx6VdI,3082,Mary Poppins,2068,A Spoonful Of Sugar,medicine,108325,For a spoonful of sugar helps the __ go down ,sound_s,sound_s,sounds_s_ch_jh_zh_w_f,273200,277450,4250,0,0
22353,634,vLkp_Dx6VdI,3082,Mary Poppins,2068,A Spoonful Of Sugar,medicine,108326,The __ go down,sound_s,sound_s,sounds_s_ch_jh_zh_w_f,277450,279470,2020,0,0
22354,634,vLkp_Dx6VdI,3082,Mary Poppins,2068,A Spoonful Of Sugar,Medicine,108327,__ go down ,sound_s,sound_s,sounds_s_ch_jh_zh_w_f,279470,281230,1760,0,0
22355,634,vLkp_Dx6VdI,3082,Mary Poppins,2068,A Spoonful Of Sugar,medicine,108328,Just a spoonful of sugar helps the __ go down,sound_s,sound_s,sounds_s_ch_jh_zh_w_f,281230,285260,4030,0,0
22357,636,gyzuft-Rv_A,2654,Bryan Adams,2070,Here I Am,place,108396,Right here in the __ where we belong,sound_s,sound_s,sounds_s_ch_jh_zh_w_f,96610,100880,4270,0,0
22358,637,pgYEJHJXFB4,3083,Celine Dion,2071,Beauty And The Beast,Certain,108451,__ as the sun,sound_s,sound_s,sounds_s_ch_jh_zh_w_f,166130,169150,3020,0,0
22359,637,pgYEJHJXFB4,3083,Celine Dion,2071,Beauty And The Beast,Certain,108452,__ as the sun,sound_s,sound_s,sounds_s_ch_jh_zh_w_f,169150,172160,3010,0,0
22360,638,78-bUVSiJMA,3084,Phineas And Ferb,2072,Today Is Gonna Be A Great Day,Racing,108507,__ chariots,sound_s,sound_s,sounds_s_ch_jh_zh_w_f,73780,76500,2720,0,0
22363,644,lp-EO5I60KA,2419,Ed Sheeran,2074,Thinking Out Loud,Place,108586,__ your head on my beating heart,sound_s,sound_s,sounds_s_ch_jh_zh_w_f,96340,101080,4740,0,0
22364,644,lp-EO5I60KA,2419,Ed Sheeran,2074,Thinking Out Loud,Place,108602,__ your head on my beating heart,sound_s,sound_s,sounds_s_ch_jh_zh_w_f,199700,204220,4520,0,0
22365,644,lp-EO5I60KA,2419,Ed Sheeran,2074,Thinking Out Loud,place,108608,"Darling, __ your head on my beating heart",sound_s,sound_s,sounds_s_ch_jh_zh_w_f,253150,258529,5379,0,0
22366,645,AOPMlIIg_38,3085,Charli Xcx,2075,Boom Clap,influence,108617,Under your __ ,sound_s,sound_s,sounds_s_ch_jh_zh_w_f,27350,29870,2520,0,0
22367,646,7PCkvCPvDXk,2928,Meghan Trainor,2076,All About That Bass,places,108687,And all the right junk in all the right __,sound_s,sound_s,sounds_s_ch_jh_zh_w_f,26880,30660,3780,0,0
22368,647,IcrbM1l_BoI,2445,Avicii,2077,Wake Me Up,chance,108750,Hope I get the __ to travel the world,sound_s,sound_s,sounds_s_ch_jh_zh_w_f,127970,132020,4050,0,0
22369,648,UXTlczyWJ-Y,3086,Echosmith,2078,Cool Kids,invincible,108774,"They're __, and she's just in the background",sound_s,sound_s,sounds_s_ch_jh_zh_w_f,40560,46570,6010,0,0
22370,649,kxVUee4WsoA,2924,Birdy,2079,Not About Angels,special,108806,"They will come, they will go, make us __",sound_s,sound_s,sounds_s_ch_jh_zh_w_f,68910,81810,12900,0,0
22371,649,kxVUee4WsoA,2924,Birdy,2079,Not About Angels,special,108814,"They will come, they will go, make us __",sound_s,sound_s,sounds_s_ch_jh_zh_w_f,142390,154840,12450,0,0
22372,649,kxVUee4WsoA,2924,Birdy,2079,Not About Angels,special,108818,"They will come, they will go, make us __",sound_s,sound_s,sounds_s_ch_jh_zh_w_f,179890,195190,15300,0,0
