#NAME?,One Direction,Best Song Ever,Georgia,Said her name was __ Rose,48390,52350,3960,0,Feature_Has_Phoneme_Jh_Spelled_G,sounds_jh_zh,sounds_s_ch_jh_zh_w_f,,,,,,
wV1FrqwZyKw,Lady Gaga,Born This Way,religion,In the __ of the insecure,102890,107110,4220,0,Feature_Has_Phoneme_Jh_Spelled_G,sounds_jh_zh,sounds_s_ch_jh_zh_w_f,,,,,,
XjwZAa2EjKA,Katy Perry,Unconditionally,apologies,Don't need __,71480,74880,3400,0,Feature_Has_Phoneme_Jh_Spelled_G,sounds_jh_zh,sounds_s_ch_jh_zh_w_f,,,,,,
LrUvu1mlWco,Miley Cyrus,We Can'T Stop,judge,Remember only God can __ us,101530,104430,2900,1,Feature_Has_Phoneme_Jh_Spelled_G,sounds_jh_zh,sounds_s_ch_jh_zh_w_f,,,,,,
LOZuxwVk7TU,Britney Spears,Toxic,dangerous,It's __,20810,22560,1750,1,Feature_Has_Phoneme_Jh_Spelled_G,sounds_jh_zh,sounds_s_ch_jh_zh_w_f,,,,,,
LOZuxwVk7TU,Britney Spears,Toxic,dangerous,You're __,33940,36000,2060,1,Feature_Has_Phoneme_Jh_Spelled_G,sounds_jh_zh,sounds_s_ch_jh_zh_w_f,,,,,,
5jlI4uzZGjU,Pitbull,Feel This Moment,genius,"Now make dollars, I mean billions, I'm a __, I mean brilliant",143960,147810,3850,0,Feature_Has_Phoneme_Jh_Spelled_G,sounds_jh_zh,sounds_s_ch_jh_zh_w_f,,,,,,
e-fA-gBCkj0,Bruno Mars,Locked Out Of Heaven,change,"You can make a sinner __ his ways, uh!",102940,108880,5940,0,Feature_Has_Phoneme_Jh_Spelled_G,sounds_jh_zh,sounds_s_ch_jh_zh_w_f,,,,,,
ekzHIouo8Q4,Bruno Mars,When I Was Your Man,apologize,To try and __ for my mistakes,162340,166000,3660,0,Feature_Has_Phoneme_Jh_Spelled_G,sounds_jh_zh,sounds_s_ch_jh_zh_w_f,,,,,,
b-3BI9AspYc,Rihanna,What Now,changed,I found the one he __ my life,78140,82460,4320,0,Feature_Has_Phoneme_Jh_Spelled_G,sounds_jh_zh,sounds_s_ch_jh_zh_w_f,,,,,,
b-3BI9AspYc,Rihanna,What Now,changed,But was it me that __,82460,85100,2640,0,Feature_Has_Phoneme_Jh_Spelled_G,sounds_jh_zh,sounds_s_ch_jh_zh_w_f,,,,,,
lWA2pjMjpBs,Rihanna,Diamonds,energy,At first sight I felt the __ of sun rays,41630,48720,7090,0,Feature_Has_Phoneme_Jh_Spelled_G,sounds_jh_zh,sounds_s_ch_jh_zh_w_f,,,,,,
lWA2pjMjpBs,Rihanna,Diamonds,energy,At first sight I felt the __ of sun rays,114700,121660,6960,0,Feature_Has_Phoneme_Jh_Spelled_G,sounds_jh_zh,sounds_s_ch_jh_zh_w_f,,,,,,
TH8m6J3gPH0,Robin Thicke,Give It 2 U,Angel,You're lookin' like you fell from the sky (__),106300,110090,3790,1,Feature_Has_Phoneme_Jh_Spelled_G,sounds_jh_zh,sounds_s_ch_jh_zh_w_f,,,,,,
TH8m6J3gPH0,Robin Thicke,Give It 2 U,Angel,You're lookin' like you fell from the sky (__),166820,170610,3790,1,Feature_Has_Phoneme_Jh_Spelled_G,sounds_jh_zh,sounds_s_ch_jh_zh_w_f,,,,,,
4GuqB1BQVr4,Justin Bieber,Boyfriend,gentleman,"I can be a __, anything you want",46470,51770,5300,0,Feature_Has_Phoneme_Jh_Spelled_G,sounds_jh_zh,sounds_s_ch_jh_zh_w_f,,,,,,
4GuqB1BQVr4,Justin Bieber,Boyfriend,gentleman,"I can be a __, anything you want",96060,101140,5080,0,Feature_Has_Phoneme_Jh_Spelled_G,sounds_jh_zh,sounds_s_ch_jh_zh_w_f,,,,,,
4GuqB1BQVr4,Justin Bieber,Boyfriend,gentleman,"I can be a __, anything you want",136070,140960,4890,0,Feature_Has_Phoneme_Jh_Spelled_G,sounds_jh_zh,sounds_s_ch_jh_zh_w_f,,,,,,
WA4iX5D9Z64,Taylor Swift,We Are Never Ever Getting Back Together,change,"'Baby, I miss you and I swear I'm gonna __, trust me'",22510,26050,3540,0,Feature_Has_Phoneme_Jh_Spelled_G,sounds_jh_zh,sounds_s_ch_jh_zh_w_f,,,,,,
sXd2WxoOP5g,Avril Lavigne,Here'S To Never Growing Up,change,"For no damn reason, I don't think we'll ever __",17270,23370,6100,1,Feature_Has_Phoneme_Jh_Spelled_G,sounds_jh_zh,sounds_s_ch_jh_zh_w_f,,,,,,
sXd2WxoOP5g,Avril Lavigne,Here'S To Never Growing Up,change,"We don't ever stop, and we're never gonna __",29640,35110,5470,1,Feature_Has_Phoneme_Jh_Spelled_G,sounds_jh_zh,sounds_s_ch_jh_zh_w_f,,,,,,
sXd2WxoOP5g,Avril Lavigne,Here'S To Never Growing Up,change,"This is who we are, I don't think we'll ever __ (hell no!)",88050,93240,5190,1,Feature_Has_Phoneme_Jh_Spelled_G,sounds_jh_zh,sounds_s_ch_jh_zh_w_f,,,,,,
sXd2WxoOP5g,Avril Lavigne,Here'S To Never Growing Up,change,"We don't give a ****, and we're never gonna __",99480,104880,5400,1,Feature_Has_Phoneme_Jh_Spelled_G,sounds_jh_zh,sounds_s_ch_jh_zh_w_f,,,,,,
uuNTO31FlY8,Avril Lavigne,Rock N Roll,generation,Must be living in the wrong __,90540,93010,2470,1,Feature_Has_Phoneme_Jh_Spelled_G,sounds_jh_zh,sounds_s_ch_jh_zh_w_f,,,,,,
g1j1qwQQ8-Q,James Blunt,Bonfire Heart,strangers,"This world is getting colder, __ passing by",69180,77460,8280,0,Feature_Has_Phoneme_Jh_Spelled_G,sounds_jh_zh,sounds_s_ch_jh_zh_w_f,,,,,,
bnVUHWCynig,Beyoncй,Halo,angel,I got my __ now,46090,49070,2980,0,Feature_Has_Phoneme_Jh_Spelled_G,sounds_jh_zh,sounds_s_ch_jh_zh_w_f,,,,,,
UxxajLWwzqY,Icona Pop,I Love It,bridge,"I crashed my car into the __, I watched, I let it burn",11130,14610,3480,1,Feature_Has_Phoneme_Jh_Spelled_G,sounds_jh_zh,sounds_s_ch_jh_zh_w_f,,,,,,
UxxajLWwzqY,Icona Pop,I Love It,bridge,I crashed my car into the __,18350,20470,2120,1,Feature_Has_Phoneme_Jh_Spelled_G,sounds_jh_zh,sounds_s_ch_jh_zh_w_f,,,,,,
UxxajLWwzqY,Icona Pop,I Love It,bridge,"I crashed my car into the __, I watched, I let it burn",33800,37420,3620,1,Feature_Has_Phoneme_Jh_Spelled_G,sounds_jh_zh,sounds_s_ch_jh_zh_w_f,,,,,,
UxxajLWwzqY,Icona Pop,I Love It,bridge,I crashed my car into the __,41290,43440,2150,1,Feature_Has_Phoneme_Jh_Spelled_G,sounds_jh_zh,sounds_s_ch_jh_zh_w_f,,,,,,
UxxajLWwzqY,Icona Pop,I Love It,bridge,"I crashed my car into the __, I watched, I let it burn",86950,90710,3760,1,Feature_Has_Phoneme_Jh_Spelled_G,sounds_jh_zh,sounds_s_ch_jh_zh_w_f,,,,,,
UxxajLWwzqY,Icona Pop,I Love It,bridge,I crashed my car into the __,94690,96990,2300,1,Feature_Has_Phoneme_Jh_Spelled_G,sounds_jh_zh,sounds_s_ch_jh_zh_w_f,,,,,,
mHxOltrMfX8,Demi Lovato,Turn The Night Up,change,Mama I can __ your life,52250,55210,2960,0,Feature_Has_Phoneme_Jh_Spelled_G,sounds_jh_zh,sounds_s_ch_jh_zh_w_f,,,,,,
3OnnDqH6Wj8,Flo Rida,Good Feeling,genius,Take a __ to understand me,131230,133290,2060,0,Feature_Has_Phoneme_Jh_Spelled_G,sounds_jh_zh,sounds_s_ch_jh_zh_w_f,,,,,,
z3zdIHDTbg0,Demi Lovato,Made In The Usa,gentleman,You run around open doors like a __,11180,13740,2560,0,Feature_Has_Phoneme_Jh_Spelled_G,sounds_jh_zh,sounds_s_ch_jh_zh_w_f,,,,,,
F3EG4olrFjY,Olly Murs,Dance With Me Tonight,Gentlemen,Ladies and __ we've got a special treat for tonight,7470,13130,5660,0,Feature_Has_Phoneme_Jh_Spelled_G,sounds_jh_zh,sounds_s_ch_jh_zh_w_f,,,,,,
W3vijeR0ZRs,Olly Murs,Hand On Heart,change,And that will never __.,19280,21640,2360,1,Feature_Has_Phoneme_Jh_Spelled_G,sounds_jh_zh,sounds_s_ch_jh_zh_w_f,,,,,,
yXQViqx6GMY,Mariah Carey,All I Want For Christmas Is You,magic,To hear those __ reindeer click,124380,127740,3360,0,Feature_Has_Phoneme_Jh_Spelled_G,sounds_jh_zh,sounds_s_ch_jh_zh_w_f,,,,,,
fUYaosyR4bE,Lily Allen,Not Fair,ages,I spent __ giving head,79560,80930,1370,0,Feature_Has_Phoneme_Jh_Spelled_G,sounds_jh_zh,sounds_s_ch_jh_zh_w_f,,,,,,
sOnqjkJTMaA,Michael Jackson,Thriller,Imagination,__,133960,137720,3760,1,Feature_Has_Phoneme_Jh_Spelled_G,sounds_jh_zh,sounds_s_ch_jh_zh_w_f,,,,,,
sOnqjkJTMaA,Michael Jackson,Thriller,change,They will possess you unless you __ the number on,194760,199500,4740,1,Feature_Has_Phoneme_Jh_Spelled_G,sounds_jh_zh,sounds_s_ch_jh_zh_w_f,,,,,,
DUT5rEU6pqM,Shakira,Hips Don'T Lie,refugees,We got the __ up in here (no fighting),2730,6090,3360,0,Feature_Has_Phoneme_Jh_Spelled_G,sounds_jh_zh,sounds_s_ch_jh_zh_w_f,,,,,,
DUT5rEU6pqM,Shakira,Hips Don'T Lie,refugee,"Yeah, she's so sexy every man's fantasy a __",164350,166790,2440,0,Feature_Has_Phoneme_Jh_Spelled_G,sounds_jh_zh,sounds_s_ch_jh_zh_w_f,,,,,,
DUT5rEU6pqM,Shakira,Hips Don'T Lie,Refugees,__ run the seas 'cause we own our own boats (no fighting),181590,184080,2490,0,Feature_Has_Phoneme_Jh_Spelled_G,sounds_jh_zh,sounds_s_ch_jh_zh_w_f,,,,,,
t4H_Zoh7G5A,Jennifer Lopez,On The Floor,generation,It's a new __,9770,13150,3380,1,Feature_Has_Phoneme_Jh_Spelled_G,sounds_jh_zh,sounds_s_ch_jh_zh_w_f,,,,,,
t4H_Zoh7G5A,Jennifer Lopez,On The Floor,change,Let the rhythm __ your world on the floor,67890,71610,3720,1,Feature_Has_Phoneme_Jh_Spelled_G,sounds_jh_zh,sounds_s_ch_jh_zh_w_f,,,,,,
8EWINVP3B9A,Cher Lloyd,I Wish,exaggerate,There I go __,143240,144450,1210,1,Feature_Has_Phoneme_Jh_Spelled_G,sounds_jh_zh,sounds_s_ch_jh_zh_w_f,,,,,,
NOubzHCUt48,KeSHa,Die Young,magic,That __ that we got nobody can touch (for sure),63100,66620,3520,0,Feature_Has_Phoneme_Jh_Spelled_G,sounds_jh_zh,sounds_s_ch_jh_zh_w_f,,,,,,
NOubzHCUt48,KeSHa,Die Young,magic,"That __ in your pants, it's making me blush (for sure)",138280,142090,3810,0,Feature_Has_Phoneme_Jh_Spelled_G,sounds_jh_zh,sounds_s_ch_jh_zh_w_f,,,,,,
_5Thn61Cczg,Tlc,No Scrubs,passenger,Hanging out the __ side,35770,37830,2060,1,Feature_Has_Phoneme_Jh_Spelled_G,sounds_jh_zh,sounds_s_ch_jh_zh_w_f,,,,,,
_5Thn61Cczg,Tlc,No Scrubs,passenger,Hanging out the __ side,45930,48080,2150,1,Feature_Has_Phoneme_Jh_Spelled_G,sounds_jh_zh,sounds_s_ch_jh_zh_w_f,,,,,,
_5Thn61Cczg,Tlc,No Scrubs,passenger,Hanging out the __ side,77150,79200,2050,1,Feature_Has_Phoneme_Jh_Spelled_G,sounds_jh_zh,sounds_s_ch_jh_zh_w_f,,,,,,
_5Thn61Cczg,Tlc,No Scrubs,passenger,Hanging out the __ side,87320,89510,2190,1,Feature_Has_Phoneme_Jh_Spelled_G,sounds_jh_zh,sounds_s_ch_jh_zh_w_f,,,,,,
_5Thn61Cczg,Tlc,No Scrubs,passenger,Hanging out the __ side,139190,141160,1970,1,Feature_Has_Phoneme_Jh_Spelled_G,sounds_jh_zh,sounds_s_ch_jh_zh_w_f,,,,,,
_5Thn61Cczg,Tlc,No Scrubs,passenger,Hanging out the __ side,149570,151260,1690,1,Feature_Has_Phoneme_Jh_Spelled_G,sounds_jh_zh,sounds_s_ch_jh_zh_w_f,,,,,,
_5Thn61Cczg,Tlc,No Scrubs,digital,You as clear as DVD on __ TV screen,171680,174210,2530,1,Feature_Has_Phoneme_Jh_Spelled_G,sounds_jh_zh,sounds_s_ch_jh_zh_w_f,,,,,,
_5Thn61Cczg,Tlc,No Scrubs,passenger,Hanging out the __ side,201180,203000,1820,1,Feature_Has_Phoneme_Jh_Spelled_G,sounds_jh_zh,sounds_s_ch_jh_zh_w_f,,,,,,
_5Thn61Cczg,Tlc,No Scrubs,passenger,Hanging out the __ side,211420,213500,2080,1,Feature_Has_Phoneme_Jh_Spelled_G,sounds_jh_zh,sounds_s_ch_jh_zh_w_f,,,,,,
WpYeekQkAdc,Black Eyed Peas,Where Is The Love?,generates,And to discriminate only __ hate,44740,47370,2630,0,Feature_Has_Phoneme_Jh_Spelled_G,sounds_jh_zh,sounds_s_ch_jh_zh_w_f,,,,,,
WpYeekQkAdc,Black Eyed Peas,Where Is The Love?,unchanged,"It just ain't the same, always __",92040,94450,2410,0,Feature_Has_Phoneme_Jh_Spelled_G,sounds_jh_zh,sounds_s_ch_jh_zh_w_f,,,,,,
WpYeekQkAdc,Black Eyed Peas,Where Is The Love?,strange,"New days are __, is the world insane?",94450,96320,1870,0,Feature_Has_Phoneme_Jh_Spelled_G,sounds_jh_zh,sounds_s_ch_jh_zh_w_f,,,,,,
WpYeekQkAdc,Black Eyed Peas,Where Is The Love?,images,"Negative __, it's the main criteria",196080,198780,2700,0,Feature_Has_Phoneme_Jh_Spelled_G,sounds_jh_zh,sounds_s_ch_jh_zh_w_f,,,,,,
vKNcuTWzTVw,Marina And The Diamonds,How To Be A Heartbreaker,danger,Boys they like a little __,37300,40860,3560,0,Feature_Has_Phoneme_Jh_Spelled_G,sounds_jh_zh,sounds_s_ch_jh_zh_w_f,,,,,,
vKNcuTWzTVw,Marina And The Diamonds,How To Be A Heartbreaker,stranger,We'll get him falling for a __,40860,43420,2560,0,Feature_Has_Phoneme_Jh_Spelled_G,sounds_jh_zh,sounds_s_ch_jh_zh_w_f,,,,,,
vKNcuTWzTVw,Marina And The Diamonds,How To Be A Heartbreaker,danger,Boys they like the look of __,50770,54260,3490,0,Feature_Has_Phoneme_Jh_Spelled_G,sounds_jh_zh,sounds_s_ch_jh_zh_w_f,,,,,,
vKNcuTWzTVw,Marina And The Diamonds,How To Be A Heartbreaker,stranger,We'll get him falling for a __,54260,56910,2650,0,Feature_Has_Phoneme_Jh_Spelled_G,sounds_jh_zh,sounds_s_ch_jh_zh_w_f,,,,,,
vKNcuTWzTVw,Marina And The Diamonds,How To Be A Heartbreaker,danger,Boys they like a little __,105650,109350,3700,0,Feature_Has_Phoneme_Jh_Spelled_G,sounds_jh_zh,sounds_s_ch_jh_zh_w_f,,,,,,
vKNcuTWzTVw,Marina And The Diamonds,How To Be A Heartbreaker,stranger,We'll get him falling for a __,109350,111920,2570,0,Feature_Has_Phoneme_Jh_Spelled_G,sounds_jh_zh,sounds_s_ch_jh_zh_w_f,,,,,,
vKNcuTWzTVw,Marina And The Diamonds,How To Be A Heartbreaker,danger,Boys they like the look of __,119600,122820,3220,0,Feature_Has_Phoneme_Jh_Spelled_G,sounds_jh_zh,sounds_s_ch_jh_zh_w_f,,,,,,
vKNcuTWzTVw,Marina And The Diamonds,How To Be A Heartbreaker,stranger,We'll get him falling for a __,122820,125840,3020,0,Feature_Has_Phoneme_Jh_Spelled_G,sounds_jh_zh,sounds_s_ch_jh_zh_w_f,,,,,,
vKNcuTWzTVw,Marina And The Diamonds,How To Be A Heartbreaker,danger,Boys they like a little __,183280,186630,3350,0,Feature_Has_Phoneme_Jh_Spelled_G,sounds_jh_zh,sounds_s_ch_jh_zh_w_f,,,,,,
vKNcuTWzTVw,Marina And The Diamonds,How To Be A Heartbreaker,stranger,We'll get him falling for a __,186630,191060,4430,0,Feature_Has_Phoneme_Jh_Spelled_G,sounds_jh_zh,sounds_s_ch_jh_zh_w_f,,,,,,
vKNcuTWzTVw,Marina And The Diamonds,How To Be A Heartbreaker,danger,Boys they like the look of __,196630,200020,3390,0,Feature_Has_Phoneme_Jh_Spelled_G,sounds_jh_zh,sounds_s_ch_jh_zh_w_f,,,,,,
vKNcuTWzTVw,Marina And The Diamonds,How To Be A Heartbreaker,stranger,We'll get him falling for a __,200020,202920,2900,0,Feature_Has_Phoneme_Jh_Spelled_G,sounds_jh_zh,sounds_s_ch_jh_zh_w_f,,,,,,
KJWJfRAGnHc,Karmin,Acapella,magic,"And if the __ ain't right, time to walk",64570,67420,2850,0,Feature_Has_Phoneme_Jh_Spelled_G,sounds_jh_zh,sounds_s_ch_jh_zh_w_f,,,,,,
KJWJfRAGnHc,Karmin,Acapella,gentleman,"""Daddy always said """"let the __ pay""",101320,104140,2820,0,Feature_Has_Phoneme_Jh_Spelled_G,sounds_jh_zh,sounds_s_ch_jh_zh_w_f,,,,,,
KJWJfRAGnHc,Karmin,Acapella,magic,"And if the __ ain't right, time to walk",126690,129510,2820,0,Feature_Has_Phoneme_Jh_Spelled_G,sounds_jh_zh,sounds_s_ch_jh_zh_w_f,,,,,,
NL2VBU604Jw,Gavin Degraw,Best I Ever Had,algebra,I failed __ and I misused some times,10770,14470,3700,0,Feature_Has_Phoneme_Jh_Spelled_G,sounds_jh_zh,sounds_s_ch_jh_zh_w_f,,,,,,
NL2VBU604Jw,Gavin Degraw,Best I Ever Had,gypsy,"You're my neon __, my desert rain",28030,31560,3530,0,Feature_Has_Phoneme_Jh_Spelled_G,sounds_jh_zh,sounds_s_ch_jh_zh_w_f,,,,,,
NL2VBU604Jw,Gavin Degraw,Best I Ever Had,Virginia,"Hey West __, hey North Dakota",128400,131470,3070,0,Feature_Has_Phoneme_Jh_Spelled_G,sounds_jh_zh,sounds_s_ch_jh_zh_w_f,,,,,,
NL2VBU604Jw,Gavin Degraw,Best I Ever Had,Virginia,"Hey West __, hey North Dakota (Oh why, oh why)",192190,195480,3290,0,Feature_Has_Phoneme_Jh_Spelled_G,sounds_jh_zh,sounds_s_ch_jh_zh_w_f,,,,,,
sQgd6MccwZc,Destiny'S Child,Say My Name,change,Why the sudden __,13890,15290,1400,0,Feature_Has_Phoneme_Jh_Spelled_G,sounds_jh_zh,sounds_s_ch_jh_zh_w_f,,,,,,
sQgd6MccwZc,Destiny'S Child,Say My Name,change,Why the sudden __,27830,28860,1030,0,Feature_Has_Phoneme_Jh_Spelled_G,sounds_jh_zh,sounds_s_ch_jh_zh_w_f,,,,,,
sQgd6MccwZc,Destiny'S Child,Say My Name,strange,Shouldn't be the reason why you're acting __,59940,61750,1810,0,Feature_Has_Phoneme_Jh_Spelled_G,sounds_jh_zh,sounds_s_ch_jh_zh_w_f,,,,,,
sQgd6MccwZc,Destiny'S Child,Say My Name,change,Why the sudden __,83410,84750,1340,0,Feature_Has_Phoneme_Jh_Spelled_G,sounds_jh_zh,sounds_s_ch_jh_zh_w_f,,,,,,
sQgd6MccwZc,Destiny'S Child,Say My Name,change,Why the sudden __,97330,98610,1280,0,Feature_Has_Phoneme_Jh_Spelled_G,sounds_jh_zh,sounds_s_ch_jh_zh_w_f,,,,,,
sQgd6MccwZc,Destiny'S Child,Say My Name,change,Don't try to __ it now,104860,106570,1710,0,Feature_Has_Phoneme_Jh_Spelled_G,sounds_jh_zh,sounds_s_ch_jh_zh_w_f,,,,,,
sQgd6MccwZc,Destiny'S Child,Say My Name,strange,Shouldn't be the reason why you're acting __,129540,131310,1770,0,Feature_Has_Phoneme_Jh_Spelled_G,sounds_jh_zh,sounds_s_ch_jh_zh_w_f,,,,,,
sQgd6MccwZc,Destiny'S Child,Say My Name,change,Why the sudden __,152950,154330,1380,0,Feature_Has_Phoneme_Jh_Spelled_G,sounds_jh_zh,sounds_s_ch_jh_zh_w_f,,,,,,
sQgd6MccwZc,Destiny'S Child,Say My Name,change,Why the sudden __,167070,168290,1220,0,Feature_Has_Phoneme_Jh_Spelled_G,sounds_jh_zh,sounds_s_ch_jh_zh_w_f,,,,,,
sQgd6MccwZc,Destiny'S Child,Say My Name,strange,Shouldn't be the reason why you're acting __,199040,200750,1710,0,Feature_Has_Phoneme_Jh_Spelled_G,sounds_jh_zh,sounds_s_ch_jh_zh_w_f,,,,,,
sQgd6MccwZc,Destiny'S Child,Say My Name,change,Why the sudden __,222470,223910,1440,0,Feature_Has_Phoneme_Jh_Spelled_G,sounds_jh_zh,sounds_s_ch_jh_zh_w_f,,,,,,
sQgd6MccwZc,Destiny'S Child,Say My Name,change,Why the sudden __,236530,4000,-232530,0,Feature_Has_Phoneme_Jh_Spelled_G,sounds_jh_zh,sounds_s_ch_jh_zh_w_f,,,,,,
EgT_us6AsDg,Selena Gomez And The Scene,Love You Like A Love Song,magical,"You are __, lyrical, beautiful",93250,97240,3990,0,Feature_Has_Phoneme_Jh_Spelled_G,sounds_jh_zh,sounds_s_ch_jh_zh_w_f,,,,,,
TGwZ7MNtBFU,Gwen Stefani,Cool,changed,We have __ but we're still the same,94170,98390,4220,0,Feature_Has_Phoneme_Jh_Spelled_G,sounds_jh_zh,sounds_s_ch_jh_zh_w_f,,,,,,
ePyRrb2-fzs,Timbaland,Apologize,apologize,"That it's too late to __, it's too late",48270,56450,8180,0,Feature_Has_Phoneme_Jh_Spelled_G,sounds_jh_zh,sounds_s_ch_jh_zh_w_f,,,,,,
ePyRrb2-fzs,Timbaland,Apologize,apologize,"I said it's too late to __, it's too late",56450,72900,16450,0,Feature_Has_Phoneme_Jh_Spelled_G,sounds_jh_zh,sounds_s_ch_jh_zh_w_f,,,,,,
ePyRrb2-fzs,Timbaland,Apologize,angel,Sorry like the __ heaven let me think was you,97590,103210,5620,0,Feature_Has_Phoneme_Jh_Spelled_G,sounds_jh_zh,sounds_s_ch_jh_zh_w_f,,,,,,
ePyRrb2-fzs,Timbaland,Apologize,apologize,"It's too late to __, it's too late",105480,113210,7730,0,Feature_Has_Phoneme_Jh_Spelled_G,sounds_jh_zh,sounds_s_ch_jh_zh_w_f,,,,,,
ePyRrb2-fzs,Timbaland,Apologize,apologize,"I said it's too late to __, it's too late, whoa",113210,140170,26960,0,Feature_Has_Phoneme_Jh_Spelled_G,sounds_jh_zh,sounds_s_ch_jh_zh_w_f,,,,,,
ePyRrb2-fzs,Timbaland,Apologize,apologize,"It's too late to __, it's too late",140170,147860,7690,0,Feature_Has_Phoneme_Jh_Spelled_G,sounds_jh_zh,sounds_s_ch_jh_zh_w_f,,,,,,
ePyRrb2-fzs,Timbaland,Apologize,apologize,"I said it's too late to __, it's too late",147860,155870,8010,0,Feature_Has_Phoneme_Jh_Spelled_G,sounds_jh_zh,sounds_s_ch_jh_zh_w_f,,,,,,
ePyRrb2-fzs,Timbaland,Apologize,apologize,"I said it's too late to __, yeah",155870,164080,8210,0,Feature_Has_Phoneme_Jh_Spelled_G,sounds_jh_zh,sounds_s_ch_jh_zh_w_f,,,,,,
ePyRrb2-fzs,Timbaland,Apologize,apologize,"I said it's too late to __, yeah",164080,172920,8840,0,Feature_Has_Phoneme_Jh_Spelled_G,sounds_jh_zh,sounds_s_ch_jh_zh_w_f,,,,,,
ZyhrYis509A,Aqua,Barbie Girl,Imagination,"__, life is your creation.",20240,24130,3890,1,Feature_Has_Phoneme_Jh_Spelled_G,sounds_jh_zh,sounds_s_ch_jh_zh_w_f,,,,,,
ZyhrYis509A,Aqua,Barbie Girl,Imagination,"__, life is your creation.",36670,40070,3400,1,Feature_Has_Phoneme_Jh_Spelled_G,sounds_jh_zh,sounds_s_ch_jh_zh_w_f,,,,,,
ZyhrYis509A,Aqua,Barbie Girl,Imagination,"__, life is your creation.",75500,79150,3650,1,Feature_Has_Phoneme_Jh_Spelled_G,sounds_jh_zh,sounds_s_ch_jh_zh_w_f,,,,,,
ZyhrYis509A,Aqua,Barbie Girl,Imagination,"__, life is your creation.",151430,154770,3340,1,Feature_Has_Phoneme_Jh_Spelled_G,sounds_jh_zh,sounds_s_ch_jh_zh_w_f,,,,,,
ZyhrYis509A,Aqua,Barbie Girl,Imagination,"__, life is your creation.",166090,169620,3530,1,Feature_Has_Phoneme_Jh_Spelled_G,sounds_jh_zh,sounds_s_ch_jh_zh_w_f,,,,,,
2uYs0gJD-LE,M.I.A,Bad Girls,changing,"Cover me, cause I'm __ lanes",78490,80450,1960,0,Feature_Has_Phoneme_Jh_Spelled_G,sounds_jh_zh,sounds_s_ch_jh_zh_w_f,,,,,,
VV1XWJN3nJo,Natalie Imbruglia,Torn,changed,Illusion never __,62170,64770,2600,0,Feature_Has_Phoneme_Jh_Spelled_G,sounds_jh_zh,sounds_s_ch_jh_zh_w_f,,,,,,
VV1XWJN3nJo,Natalie Imbruglia,Torn,changed,Illusion never __,116790,119280,2490,0,Feature_Has_Phoneme_Jh_Spelled_G,sounds_jh_zh,sounds_s_ch_jh_zh_w_f,,,,,,
DmeUuoxyt_E,Nickelback,Rockstar,change,And __ my name,59210,60970,1760,1,Feature_Has_Phoneme_Jh_Spelled_G,sounds_jh_zh,sounds_s_ch_jh_zh_w_f,,,,,,
DmeUuoxyt_E,Nickelback,Rockstar,change,And __ my name,132340,134760,2420,1,Feature_Has_Phoneme_Jh_Spelled_G,sounds_jh_zh,sounds_s_ch_jh_zh_w_f,,,,,,
BB0DU4DoPP4,Nickelback,Photograph,change,I know the one thing that would never __,207930,213460,5530,1,Feature_Has_Phoneme_Jh_Spelled_G,sounds_jh_zh,sounds_s_ch_jh_zh_w_f,,,,,,
hTWKbfoikeg,Nirvana,Smells Like Teen Spirit,dangerous,"With the lights out, it's less __",57620,61620,4000,0,Feature_Has_Phoneme_Jh_Spelled_G,sounds_jh_zh,sounds_s_ch_jh_zh_w_f,,,,,,
hTWKbfoikeg,Nirvana,Smells Like Teen Spirit,contagious,I feel stupid and __,66120,70130,4010,0,Feature_Has_Phoneme_Jh_Spelled_G,sounds_jh_zh,sounds_s_ch_jh_zh_w_f,,,,,,
hTWKbfoikeg,Nirvana,Smells Like Teen Spirit,dangerous,"With the lights out, it's less __",131750,135750,4000,0,Feature_Has_Phoneme_Jh_Spelled_G,sounds_jh_zh,sounds_s_ch_jh_zh_w_f,,,,,,
hTWKbfoikeg,Nirvana,Smells Like Teen Spirit,contagious,I feel stupid and __,140010,144010,4000,0,Feature_Has_Phoneme_Jh_Spelled_G,sounds_jh_zh,sounds_s_ch_jh_zh_w_f,,,,,,
hTWKbfoikeg,Nirvana,Smells Like Teen Spirit,dangerous,"With the lights out, it's less __",221380,225380,4000,0,Feature_Has_Phoneme_Jh_Spelled_G,sounds_jh_zh,sounds_s_ch_jh_zh_w_f,,,,,,
hTWKbfoikeg,Nirvana,Smells Like Teen Spirit,contagious,I feel stupid and __,229380,233400,4020,0,Feature_Has_Phoneme_Jh_Spelled_G,sounds_jh_zh,sounds_s_ch_jh_zh_w_f,,,,,,
NavVfpp-1L4,Pink Floyd,Wish You Were Here,change,Cold comfort for __?,142280,146190,3910,1,Feature_Has_Phoneme_Jh_Spelled_G,sounds_jh_zh,sounds_s_ch_jh_zh_w_f,,,,,,
NavVfpp-1L4,Pink Floyd,Wish You Were Here,exchange,And did you __,146190,149630,3440,1,Feature_Has_Phoneme_Jh_Spelled_G,sounds_jh_zh,sounds_s_ch_jh_zh_w_f,,,,,,
NavVfpp-1L4,Pink Floyd,Wish You Were Here,cage,For a lead role in a __?,153710,196030,42320,1,Feature_Has_Phoneme_Jh_Spelled_G,sounds_jh_zh,sounds_s_ch_jh_zh_w_f,,,,,,
ixYYhZ5MRfI,Placebo,Loud Like Love,imagine,Can you __ a love that is so proud?,52290,59570,7280,0,Feature_Has_Phoneme_Jh_Spelled_G,sounds_jh_zh,sounds_s_ch_jh_zh_w_f,,,,,,
ixYYhZ5MRfI,Placebo,Loud Like Love,imagine,Can you __ a love that is so proud?,152430,160180,7750,0,Feature_Has_Phoneme_Jh_Spelled_G,sounds_jh_zh,sounds_s_ch_jh_zh_w_f,,,,,,
4KEEXyRL0qE,Placebo,Running Up That Hill,angel,"C'mon, __, c'mon, c'mon, darling,",190890,196810,5920,0,Feature_Has_Phoneme_Jh_Spelled_G,sounds_jh_zh,sounds_s_ch_jh_zh_w_f,,,,,,
4KEEXyRL0qE,Placebo,Running Up That Hill,exchange,"""Let's __ the experience, oh""""""",196810,211750,14940,0,Feature_Has_Phoneme_Jh_Spelled_G,sounds_jh_zh,sounds_s_ch_jh_zh_w_f,,,,,,
Zx4Hjq6KwO0,Keane,Everybody'S Changing,changing,Says everybody's __,51630,54380,2750,0,Feature_Has_Phoneme_Jh_Spelled_G,sounds_jh_zh,sounds_s_ch_jh_zh_w_f,,,,,,
Zx4Hjq6KwO0,Keane,Everybody'S Changing,changing,But everybody's __ and I don't feel the same,82170,102460,20290,0,Feature_Has_Phoneme_Jh_Spelled_G,sounds_jh_zh,sounds_s_ch_jh_zh_w_f,,,,,,
Zx4Hjq6KwO0,Keane,Everybody'S Changing,changing,'Cause everybody's __,112980,115840,2860,0,Feature_Has_Phoneme_Jh_Spelled_G,sounds_jh_zh,sounds_s_ch_jh_zh_w_f,,,,,,
Zx4Hjq6KwO0,Keane,Everybody'S Changing,changing,But everybody's __ and I don't feel the same,143670,168570,24900,0,Feature_Has_Phoneme_Jh_Spelled_G,sounds_jh_zh,sounds_s_ch_jh_zh_w_f,,,,,,
Zx4Hjq6KwO0,Keane,Everybody'S Changing,changing,But everybody's __ and I don't feel the same,189660,218000,28340,0,Feature_Has_Phoneme_Jh_Spelled_G,sounds_jh_zh,sounds_s_ch_jh_zh_w_f,,,,,,
8SbUC-UaAxE,Guns N' Roses,November Rain,change,And we both know hearts can __,102550,110500,7950,1,Feature_Has_Phoneme_Jh_Spelled_G,sounds_jh_zh,sounds_s_ch_jh_zh_w_f,,,,,,
Rbm6GXllBiw,Guns N' Roses,Paradise City,surgeon,The __ general says it's hazardous to breathe,159100,161320,2220,0,Feature_Has_Phoneme_Jh_Spelled_G,sounds_jh_zh,sounds_s_ch_jh_zh_w_f,,,,,,
Rbm6GXllBiw,Guns N' Roses,Paradise City,general,The surgeon __ says it's hazardous to breathe,159100,161320,2220,0,Feature_Has_Phoneme_Jh_Spelled_G,sounds_jh_zh,sounds_s_ch_jh_zh_w_f,,,,,,
XFkzRNyygfk,Radiohead,Creep,angel,You're just like an __,29200,34190,4990,1,Feature_Has_Phoneme_Jh_Spelled_G,sounds_jh_zh,sounds_s_ch_jh_zh_w_f,,,,,,
lZHoci2Wjs0,Radiohead,Karma Police,fridge,He buzzes like a __,37290,39610,2320,0,Feature_Has_Phoneme_Jh_Spelled_G,sounds_jh_zh,sounds_s_ch_jh_zh_w_f,,,,,,
KrZHPOeOxQQ,Bon Jovi,You Give Love A Bad Name,angel,An __'s smile is what you sell,27290,34500,7210,1,Feature_Has_Phoneme_Jh_Spelled_G,sounds_jh_zh,sounds_s_ch_jh_zh_w_f,,,,,,
KrZHPOeOxQQ,Bon Jovi,You Give Love A Bad Name,damage,"No-one can save me, the __ is done",57980,61800,3820,1,Feature_Has_Phoneme_Jh_Spelled_G,sounds_jh_zh,sounds_s_ch_jh_zh_w_f,,,,,,
KrZHPOeOxQQ,Bon Jovi,You Give Love A Bad Name,damage,"No-one can save me, the __ is done",117650,121440,3790,1,Feature_Has_Phoneme_Jh_Spelled_G,sounds_jh_zh,sounds_s_ch_jh_zh_w_f,,,,,,
Ntlt2tKi4do,30 Seconds To Mars,City Of Angels,angels,Lost in the city of __,88960,93470,4510,1,Feature_Has_Phoneme_Jh_Spelled_G,sounds_jh_zh,sounds_s_ch_jh_zh_w_f,,,,,,
Ntlt2tKi4do,30 Seconds To Mars,City Of Angels,strangers,"Down in the comfort of __, I",93470,98330,4860,1,Feature_Has_Phoneme_Jh_Spelled_G,sounds_jh_zh,sounds_s_ch_jh_zh_w_f,,,,,,
Ntlt2tKi4do,30 Seconds To Mars,City Of Angels,angels,Lost in the city of __,148400,152800,4400,1,Feature_Has_Phoneme_Jh_Spelled_G,sounds_jh_zh,sounds_s_ch_jh_zh_w_f,,,,,,
Ntlt2tKi4do,30 Seconds To Mars,City Of Angels,strangers,"Down in the comfort of __, I",152800,158580,5780,1,Feature_Has_Phoneme_Jh_Spelled_G,sounds_jh_zh,sounds_s_ch_jh_zh_w_f,,,,,,
Ntlt2tKi4do,30 Seconds To Mars,City Of Angels,Angels,(__),187310,195760,8450,1,Feature_Has_Phoneme_Jh_Spelled_G,sounds_jh_zh,sounds_s_ch_jh_zh_w_f,,,,,,
Ntlt2tKi4do,30 Seconds To Mars,City Of Angels,Angels,(__),195760,204000,8240,1,Feature_Has_Phoneme_Jh_Spelled_G,sounds_jh_zh,sounds_s_ch_jh_zh_w_f,,,,,,
Ntlt2tKi4do,30 Seconds To Mars,City Of Angels,angels,Lost in the city of __,220900,225900,5000,1,Feature_Has_Phoneme_Jh_Spelled_G,sounds_jh_zh,sounds_s_ch_jh_zh_w_f,,,,,,
Ntlt2tKi4do,30 Seconds To Mars,City Of Angels,strangers,"Down in the comfort of __, I",225900,232040,6140,1,Feature_Has_Phoneme_Jh_Spelled_G,sounds_jh_zh,sounds_s_ch_jh_zh_w_f,,,,,,
Ntlt2tKi4do,30 Seconds To Mars,City Of Angels,angels,The city of __,258590,267230,8640,1,Feature_Has_Phoneme_Jh_Spelled_G,sounds_jh_zh,sounds_s_ch_jh_zh_w_f,,,,,,
Ntlt2tKi4do,30 Seconds To Mars,City Of Angels,angels,The city of __,267230,276510,9280,1,Feature_Has_Phoneme_Jh_Spelled_G,sounds_jh_zh,sounds_s_ch_jh_zh_w_f,,,,,,
Ntlt2tKi4do,30 Seconds To Mars,City Of Angels,angels,The city of __,276510,285520,9010,1,Feature_Has_Phoneme_Jh_Spelled_G,sounds_jh_zh,sounds_s_ch_jh_zh_w_f,,,,,,
Ntlt2tKi4do,30 Seconds To Mars,City Of Angels,angels,The city of __,285520,693000,407480,1,Feature_Has_Phoneme_Jh_Spelled_G,sounds_jh_zh,sounds_s_ch_jh_zh_w_f,,,,,,
lwlogyj7nFE,Red Hot Chili Peppers,Under The Bridge,angels,The city of __,42430,46010,3580,0,Feature_Has_Phoneme_Jh_Spelled_G,sounds_jh_zh,sounds_s_ch_jh_zh_w_f,,,,,,
lwlogyj7nFE,Red Hot Chili Peppers,Under The Bridge,bridge,Under the __ downtown,192720,196510,3790,0,Feature_Has_Phoneme_Jh_Spelled_G,sounds_jh_zh,sounds_s_ch_jh_zh_w_f,,,,,,
lwlogyj7nFE,Red Hot Chili Peppers,Under The Bridge,bridge,Under the __ downtown,198910,201970,3060,0,Feature_Has_Phoneme_Jh_Spelled_G,sounds_jh_zh,sounds_s_ch_jh_zh_w_f,,,,,,
lwlogyj7nFE,Red Hot Chili Peppers,Under The Bridge,bridge,Under the __ downtown,205190,206440,1250,0,Feature_Has_Phoneme_Jh_Spelled_G,sounds_jh_zh,sounds_s_ch_jh_zh_w_f,,,,,,
lwlogyj7nFE,Red Hot Chili Peppers,Under The Bridge,bridge,Under the __ downtown,210140,212860,2720,0,Feature_Has_Phoneme_Jh_Spelled_G,sounds_jh_zh,sounds_s_ch_jh_zh_w_f,,,,,,
w8KQmps-Sog,Muse,Uprising,package,Another __ lie to keep us trapped in greed,65050,68970,3920,1,Feature_Has_Phoneme_Jh_Spelled_G,sounds_jh_zh,sounds_s_ch_jh_zh_w_f,,,,,,
6ul-cZyuYq4,Fleetwood Mac,Go Your Own Way,change,How can I ever __ things,10140,12950,2810,0,Feature_Has_Phoneme_Jh_Spelled_G,sounds_jh_zh,sounds_s_ch_jh_zh_w_f,,,,,,
kyE4CLM0QIA,Fleetwood Mac,Little Lies,page,If I could turn the __,18190,22090,3900,0,Feature_Has_Phoneme_Jh_Spelled_G,sounds_jh_zh,sounds_s_ch_jh_zh_w_f,,,,,,
kyE4CLM0QIA,Fleetwood Mac,Little Lies,rearrange,In time then I'd __,22090,24710,2620,0,Feature_Has_Phoneme_Jh_Spelled_G,sounds_jh_zh,sounds_s_ch_jh_zh_w_f,,,,,,
kyE4CLM0QIA,Fleetwood Mac,Little Lies,page,If I could turn the __,141680,145680,4000,0,Feature_Has_Phoneme_Jh_Spelled_G,sounds_jh_zh,sounds_s_ch_jh_zh_w_f,,,,,,
kyE4CLM0QIA,Fleetwood Mac,Little Lies,rearrange,In time then I'd __,145680,148290,2610,0,Feature_Has_Phoneme_Jh_Spelled_G,sounds_jh_zh,sounds_s_ch_jh_zh_w_f,,,,,,
gOXaUjGk-yY,Queens Of The Stone Age,I Sat By The Ocean,change,"It doesn't __ anything, so baby what good does it do?",48350,56090,7740,0,Feature_Has_Phoneme_Jh_Spelled_G,sounds_jh_zh,sounds_s_ch_jh_zh_w_f,,,,,,
gOXaUjGk-yY,Queens Of The Stone Age,I Sat By The Ocean,Imagine,__ I'd be your one and only,65820,69100,3280,0,Feature_Has_Phoneme_Jh_Spelled_G,sounds_jh_zh,sounds_s_ch_jh_zh_w_f,,,,,,
gOXaUjGk-yY,Queens Of The Stone Age,I Sat By The Ocean,Imagine,__ I'd be your one and only,156000,159360,3360,0,Feature_Has_Phoneme_Jh_Spelled_G,sounds_jh_zh,sounds_s_ch_jh_zh_w_f,,,,,,
n-cD4oLk_D0,The Smiths,There Is A Light That Never Goes Out,privilege,"Well, the pleasure - the __ is mine",87290,92110,4820,0,Feature_Has_Phoneme_Jh_Spelled_G,sounds_jh_zh,sounds_s_ch_jh_zh_w_f,,,,,,
n-cD4oLk_D0,The Smiths,There Is A Light That Never Goes Out,strange,(But then a __ fear gripped me and I,111880,113910,2030,0,Feature_Has_Phoneme_Jh_Spelled_G,sounds_jh_zh,sounds_s_ch_jh_zh_w_f,,,,,,
n-cD4oLk_D0,The Smiths,There Is A Light That Never Goes Out,privilege,"Well, the pleasure - the __ is mine",175090,179130,4040,0,Feature_Has_Phoneme_Jh_Spelled_G,sounds_jh_zh,sounds_s_ch_jh_zh_w_f,,,,,,
SBjQ9tuuTJQ,Foo Fighters,The Pretender,page,The __ is out of print,119460,122120,2660,0,Feature_Has_Phoneme_Jh_Spelled_G,sounds_jh_zh,sounds_s_ch_jh_zh_w_f,,,,,,
0J2QdDbelmY,The White Stripes,Seven Nation Army,message,And the __ coming from my eyes,46440,49110,2670,1,Feature_Has_Phoneme_Jh_Spelled_G,sounds_jh_zh,sounds_s_ch_jh_zh_w_f,,,,,,
b8-tXG8KrWs,The Strokes,Reptilia,strange,You're in a __ part of our town,65430,83970,18540,0,Feature_Has_Phoneme_Jh_Spelled_G,sounds_jh_zh,sounds_s_ch_jh_zh_w_f,,,,,,
b8-tXG8KrWs,The Strokes,Reptilia,changing,Our lives are __ lanes,91180,94280,3100,0,Feature_Has_Phoneme_Jh_Spelled_G,sounds_jh_zh,sounds_s_ch_jh_zh_w_f,,,,,,
b8-tXG8KrWs,The Strokes,Reptilia,strange,You're in a __ part of our town,162980,181210,18230,0,Feature_Has_Phoneme_Jh_Spelled_G,sounds_jh_zh,sounds_s_ch_jh_zh_w_f,,,,,,
b8-tXG8KrWs,The Strokes,Reptilia,changing,Our lives are __ lanes,188340,190960,2620,0,Feature_Has_Phoneme_Jh_Spelled_G,sounds_jh_zh,sounds_s_ch_jh_zh_w_f,,,,,,
pT68FS3YbQ4,The Strokes,You Only Live Once,religions,"Countless odd __, too",116190,119930,3740,1,Feature_Has_Phoneme_Jh_Spelled_G,sounds_jh_zh,sounds_s_ch_jh_zh_w_f,,,,,,
co6WMzDOh1o,U2,Beautiful Day,imagination,In the maze of her __,80930,83770,2840,0,Feature_Has_Phoneme_Jh_Spelled_G,sounds_jh_zh,sounds_s_ch_jh_zh_w_f,,,,,,
xmUZ6nCFNoU,The Smashing Pumpkins,Today,angel,My __ wings,116580,119890,3310,0,Feature_Has_Phoneme_Jh_Spelled_G,sounds_jh_zh,sounds_s_ch_jh_zh_w_f,,,,,,
4aeETEoNfOg,The Smashing Pumpkins,1979,apologies,No __ ever need be made,197120,205330,8210,0,Feature_Has_Phoneme_Jh_Spelled_G,sounds_jh_zh,sounds_s_ch_jh_zh_w_f,,,,,,
4aeETEoNfOg,The Smashing Pumpkins,1979,urgency,The street heats the __ of sound,243280,250700,7420,0,Feature_Has_Phoneme_Jh_Spelled_G,sounds_jh_zh,sounds_s_ch_jh_zh_w_f,,,,,,
8-r-V0uK4u0,The Smashing Pumpkins,Bullet With Butterfly Wings,rage,Despite all my __ I am still just a rat in a cage,49260,54980,5720,0,Feature_Has_Phoneme_Jh_Spelled_G,sounds_jh_zh,sounds_s_ch_jh_zh_w_f,,,,,,
8-r-V0uK4u0,The Smashing Pumpkins,Bullet With Butterfly Wings,cage,Despite all my rage I am still just a rat in a __,49260,54980,5720,0,Feature_Has_Phoneme_Jh_Spelled_G,sounds_jh_zh,sounds_s_ch_jh_zh_w_f,,,,,,
8-r-V0uK4u0,The Smashing Pumpkins,Bullet With Butterfly Wings,rage,Despite all my __ I am still just a rat in a cage,54980,60700,5720,0,Feature_Has_Phoneme_Jh_Spelled_G,sounds_jh_zh,sounds_s_ch_jh_zh_w_f,,,,,,
8-r-V0uK4u0,The Smashing Pumpkins,Bullet With Butterfly Wings,cage,Despite all my rage I am still just a rat in a __,54980,60700,5720,0,Feature_Has_Phoneme_Jh_Spelled_G,sounds_jh_zh,sounds_s_ch_jh_zh_w_f,,,,,,
8-r-V0uK4u0,The Smashing Pumpkins,Bullet With Butterfly Wings,rage,Despite all my __ I am still just a rat in a cage,66350,75500,9150,0,Feature_Has_Phoneme_Jh_Spelled_G,sounds_jh_zh,sounds_s_ch_jh_zh_w_f,,,,,,
8-r-V0uK4u0,The Smashing Pumpkins,Bullet With Butterfly Wings,cage,Despite all my rage I am still just a rat in a __,66350,75500,9150,0,Feature_Has_Phoneme_Jh_Spelled_G,sounds_jh_zh,sounds_s_ch_jh_zh_w_f,,,,,,
8-r-V0uK4u0,The Smashing Pumpkins,Bullet With Butterfly Wings,change,And what do you want? I want to __,91400,99230,7830,0,Feature_Has_Phoneme_Jh_Spelled_G,sounds_jh_zh,sounds_s_ch_jh_zh_w_f,,,,,,
8-r-V0uK4u0,The Smashing Pumpkins,Bullet With Butterfly Wings,rage,Despite all my __ I am still just a rat in a cage,124280,130280,6000,0,Feature_Has_Phoneme_Jh_Spelled_G,sounds_jh_zh,sounds_s_ch_jh_zh_w_f,,,,,,
8-r-V0uK4u0,The Smashing Pumpkins,Bullet With Butterfly Wings,cage,Despite all my rage I am still just a rat in a __,124280,130280,6000,0,Feature_Has_Phoneme_Jh_Spelled_G,sounds_jh_zh,sounds_s_ch_jh_zh_w_f,,,,,,
8-r-V0uK4u0,The Smashing Pumpkins,Bullet With Butterfly Wings,rage,Despite all my __ I am still just a rat in a cage,130280,135690,5410,0,Feature_Has_Phoneme_Jh_Spelled_G,sounds_jh_zh,sounds_s_ch_jh_zh_w_f,,,,,,
8-r-V0uK4u0,The Smashing Pumpkins,Bullet With Butterfly Wings,cage,Despite all my rage I am still just a rat in a __,130280,135690,5410,0,Feature_Has_Phoneme_Jh_Spelled_G,sounds_jh_zh,sounds_s_ch_jh_zh_w_f,,,,,,
8-r-V0uK4u0,The Smashing Pumpkins,Bullet With Butterfly Wings,rage,Despite all my __ I am still just a rat in a cage,141440,160460,19020,0,Feature_Has_Phoneme_Jh_Spelled_G,sounds_jh_zh,sounds_s_ch_jh_zh_w_f,,,,,,
8-r-V0uK4u0,The Smashing Pumpkins,Bullet With Butterfly Wings,cage,Despite all my rage I am still just a rat in a __,141440,160460,19020,0,Feature_Has_Phoneme_Jh_Spelled_G,sounds_jh_zh,sounds_s_ch_jh_zh_w_f,,,,,,
8-r-V0uK4u0,The Smashing Pumpkins,Bullet With Butterfly Wings,rage,Despite all my __ I am still just a rat in a cage,184690,190260,5570,0,Feature_Has_Phoneme_Jh_Spelled_G,sounds_jh_zh,sounds_s_ch_jh_zh_w_f,,,,,,
8-r-V0uK4u0,The Smashing Pumpkins,Bullet With Butterfly Wings,cage,Despite all my rage I am still just a rat in a __,184690,190260,5570,0,Feature_Has_Phoneme_Jh_Spelled_G,sounds_jh_zh,sounds_s_ch_jh_zh_w_f,,,,,,
8-r-V0uK4u0,The Smashing Pumpkins,Bullet With Butterfly Wings,rage,Despite all my __ I am still just a rat in a cage,190260,195960,5700,0,Feature_Has_Phoneme_Jh_Spelled_G,sounds_jh_zh,sounds_s_ch_jh_zh_w_f,,,,,,
8-r-V0uK4u0,The Smashing Pumpkins,Bullet With Butterfly Wings,cage,Despite all my rage I am still just a rat in a __,190260,195960,5700,0,Feature_Has_Phoneme_Jh_Spelled_G,sounds_jh_zh,sounds_s_ch_jh_zh_w_f,,,,,,
8-r-V0uK4u0,The Smashing Pumpkins,Bullet With Butterfly Wings,rage,Despite all my __ I am still just a rat in a cage,201840,223050,21210,0,Feature_Has_Phoneme_Jh_Spelled_G,sounds_jh_zh,sounds_s_ch_jh_zh_w_f,,,,,,
8-r-V0uK4u0,The Smashing Pumpkins,Bullet With Butterfly Wings,cage,Despite all my rage I am still just a rat in a __,201840,223050,21210,0,Feature_Has_Phoneme_Jh_Spelled_G,sounds_jh_zh,sounds_s_ch_jh_zh_w_f,,,,,,
GemKqzILV4w,Snow Patrol,Chasing Cars,change,Just know that these things will never __ for us at all,234170,243410,9240,0,Feature_Has_Phoneme_Jh_Spelled_G,sounds_jh_zh,sounds_s_ch_jh_zh_w_f,,,,,,
gxEPV4kolz0,Billy Joel,Piano Man,gin,Makin' love to his tonic and __,42280,55610,13330,0,Feature_Has_Phoneme_Jh_Spelled_G,sounds_jh_zh,sounds_s_ch_jh_zh_w_f,,,,,,
gxEPV4kolz0,Billy Joel,Piano Man,manager,And the __ gives me a smile,254370,258020,3650,0,Feature_Has_Phoneme_Jh_Spelled_G,sounds_jh_zh,sounds_s_ch_jh_zh_w_f,,,,,,
sAYrAu-jnMY,Alter Bridge,Addicted To Pain,change,So why the hell did you have to __,100530,104430,3900,1,Feature_Has_Phoneme_Jh_Spelled_G,sounds_jh_zh,sounds_s_ch_jh_zh_w_f,,,,,,
1lyu1KKwC74,The Verve,Bittersweet Symphony,change,"No __, I can't change",111270,114490,3220,0,Feature_Has_Phoneme_Jh_Spelled_G,sounds_jh_zh,sounds_s_ch_jh_zh_w_f,,,,,,
1lyu1KKwC74,The Verve,Bittersweet Symphony,change,"No change, I can't __",111270,114490,3220,0,Feature_Has_Phoneme_Jh_Spelled_G,sounds_jh_zh,sounds_s_ch_jh_zh_w_f,,,,,,
1lyu1KKwC74,The Verve,Bittersweet Symphony,change,"I can't __, I can't change",114490,116920,2430,0,Feature_Has_Phoneme_Jh_Spelled_G,sounds_jh_zh,sounds_s_ch_jh_zh_w_f,,,,,,
1lyu1KKwC74,The Verve,Bittersweet Symphony,change,"I can't change, I can't __",114490,116920,2430,0,Feature_Has_Phoneme_Jh_Spelled_G,sounds_jh_zh,sounds_s_ch_jh_zh_w_f,,,,,,
1lyu1KKwC74,The Verve,Bittersweet Symphony,change,I can't __ my mold,128140,130590,2450,0,Feature_Has_Phoneme_Jh_Spelled_G,sounds_jh_zh,sounds_s_ch_jh_zh_w_f,,,,,,
1lyu1KKwC74,The Verve,Bittersweet Symphony,change,"No __, I can't change",189660,193230,3570,0,Feature_Has_Phoneme_Jh_Spelled_G,sounds_jh_zh,sounds_s_ch_jh_zh_w_f,,,,,,
1lyu1KKwC74,The Verve,Bittersweet Symphony,change,"No change, I can't __",189660,193230,3570,0,Feature_Has_Phoneme_Jh_Spelled_G,sounds_jh_zh,sounds_s_ch_jh_zh_w_f,,,,,,
1lyu1KKwC74,The Verve,Bittersweet Symphony,change,"I can't __, I can't change",193230,195570,2340,0,Feature_Has_Phoneme_Jh_Spelled_G,sounds_jh_zh,sounds_s_ch_jh_zh_w_f,,,,,,
1lyu1KKwC74,The Verve,Bittersweet Symphony,change,"I can't change, I can't __",193230,195570,2340,0,Feature_Has_Phoneme_Jh_Spelled_G,sounds_jh_zh,sounds_s_ch_jh_zh_w_f,,,,,,
1lyu1KKwC74,The Verve,Bittersweet Symphony,change,I can't __ my mold,207300,209120,1820,0,Feature_Has_Phoneme_Jh_Spelled_G,sounds_jh_zh,sounds_s_ch_jh_zh_w_f,,,,,,
1lyu1KKwC74,The Verve,Bittersweet Symphony,change,I can't __,212580,216970,4390,0,Feature_Has_Phoneme_Jh_Spelled_G,sounds_jh_zh,sounds_s_ch_jh_zh_w_f,,,,,,
1lyu1KKwC74,The Verve,Bittersweet Symphony,change,I can't __,216970,223890,6920,0,Feature_Has_Phoneme_Jh_Spelled_G,sounds_jh_zh,sounds_s_ch_jh_zh_w_f,,,,,,
1lyu1KKwC74,The Verve,Bittersweet Symphony,change,"You know I can't __, I can't change",267700,271770,4070,0,Feature_Has_Phoneme_Jh_Spelled_G,sounds_jh_zh,sounds_s_ch_jh_zh_w_f,,,,,,
1lyu1KKwC74,The Verve,Bittersweet Symphony,change,"You know I can't change, I can't __",267700,271770,4070,0,Feature_Has_Phoneme_Jh_Spelled_G,sounds_jh_zh,sounds_s_ch_jh_zh_w_f,,,,,,
1lyu1KKwC74,The Verve,Bittersweet Symphony,change,"I can't __, I can't change",271770,274030,2260,0,Feature_Has_Phoneme_Jh_Spelled_G,sounds_jh_zh,sounds_s_ch_jh_zh_w_f,,,,,,
1lyu1KKwC74,The Verve,Bittersweet Symphony,change,"I can't change, I can't __",271770,274030,2260,0,Feature_Has_Phoneme_Jh_Spelled_G,sounds_jh_zh,sounds_s_ch_jh_zh_w_f,,,,,,
1lyu1KKwC74,The Verve,Bittersweet Symphony,change,I can't __ my mold,285700,287740,2040,0,Feature_Has_Phoneme_Jh_Spelled_G,sounds_jh_zh,sounds_s_ch_jh_zh_w_f,,,,,,
1lyu1KKwC74,The Verve,Bittersweet Symphony,change,I can't __ my mold,292000,293490,1490,0,Feature_Has_Phoneme_Jh_Spelled_G,sounds_jh_zh,sounds_s_ch_jh_zh_w_f,,,,,,
1lyu1KKwC74,The Verve,Bittersweet Symphony,change,I can't __,296910,302600,5690,0,Feature_Has_Phoneme_Jh_Spelled_G,sounds_jh_zh,sounds_s_ch_jh_zh_w_f,,,,,,
1lyu1KKwC74,The Verve,Bittersweet Symphony,change,"Can't __ my body,",302600,305920,3320,0,Feature_Has_Phoneme_Jh_Spelled_G,sounds_jh_zh,sounds_s_ch_jh_zh_w_f,,,,,,
VcjzHMhBtf0,Journey,Don'T Stop Believin',Strangers,__ waiting,80700,85670,4970,0,Feature_Has_Phoneme_Jh_Spelled_G,sounds_jh_zh,sounds_s_ch_jh_zh_w_f,,,,,,
VcjzHMhBtf0,Journey,Don'T Stop Believin',Strangers,__ waiting,152840,157460,4620,0,Feature_Has_Phoneme_Jh_Spelled_G,sounds_jh_zh,sounds_s_ch_jh_zh_w_f,,,,,,
XLgYAHHkPFs,John Lennon,Imagine,Imagine,__ there's no heaven,9950,23290,13340,1,Feature_Has_Phoneme_Jh_Spelled_G,sounds_jh_zh,sounds_s_ch_jh_zh_w_f,,,,,,
XLgYAHHkPFs,John Lennon,Imagine,Imagine,__ all the people living for today,41280,53720,12440,1,Feature_Has_Phoneme_Jh_Spelled_G,sounds_jh_zh,sounds_s_ch_jh_zh_w_f,,,,,,
XLgYAHHkPFs,John Lennon,Imagine,Imagine,__ there's no countries,53720,62420,8700,1,Feature_Has_Phoneme_Jh_Spelled_G,sounds_jh_zh,sounds_s_ch_jh_zh_w_f,,,,,,
XLgYAHHkPFs,John Lennon,Imagine,religion,No __ too,74920,81130,6210,1,Feature_Has_Phoneme_Jh_Spelled_G,sounds_jh_zh,sounds_s_ch_jh_zh_w_f,,,,,,
XLgYAHHkPFs,John Lennon,Imagine,Imagine,__ all the people living life in peace,81130,93200,12070,1,Feature_Has_Phoneme_Jh_Spelled_G,sounds_jh_zh,sounds_s_ch_jh_zh_w_f,,,,,,
XLgYAHHkPFs,John Lennon,Imagine,Imagine,__ no possessions,119070,126820,7750,1,Feature_Has_Phoneme_Jh_Spelled_G,sounds_jh_zh,sounds_s_ch_jh_zh_w_f,,,,,,
XLgYAHHkPFs,John Lennon,Imagine,Imagine,__ all the people sharing all the world,142820,154930,12110,1,Feature_Has_Phoneme_Jh_Spelled_G,sounds_jh_zh,sounds_s_ch_jh_zh_w_f,,,,,,
n4RjJKxsamQ,Scorpions,Wind Of Change,change,Listening to the wind of __,28530,36360,7830,0,Feature_Has_Phoneme_Jh_Spelled_G,sounds_jh_zh,sounds_s_ch_jh_zh_w_f,,,,,,
n4RjJKxsamQ,Scorpions,Wind Of Change,change,Listening to the wind of __,42870,71170,28300,0,Feature_Has_Phoneme_Jh_Spelled_G,sounds_jh_zh,sounds_s_ch_jh_zh_w_f,,,,,,
n4RjJKxsamQ,Scorpions,Wind Of Change,change,Blowing with the wind of __,91810,99970,8160,0,Feature_Has_Phoneme_Jh_Spelled_G,sounds_jh_zh,sounds_s_ch_jh_zh_w_f,,,,,,
n4RjJKxsamQ,Scorpions,Wind Of Change,magic,Take me to the __ of the moment,99970,105440,5470,0,Feature_Has_Phoneme_Jh_Spelled_G,sounds_jh_zh,sounds_s_ch_jh_zh_w_f,,,,,,
n4RjJKxsamQ,Scorpions,Wind Of Change,change,In the wind of __,114520,126750,12230,0,Feature_Has_Phoneme_Jh_Spelled_G,sounds_jh_zh,sounds_s_ch_jh_zh_w_f,,,,,,
n4RjJKxsamQ,Scorpions,Wind Of Change,change,Listening to the wind of __,147460,155400,7940,0,Feature_Has_Phoneme_Jh_Spelled_G,sounds_jh_zh,sounds_s_ch_jh_zh_w_f,,,,,,
n4RjJKxsamQ,Scorpions,Wind Of Change,magic,Take me to the __ of the moment,155400,160970,5570,0,Feature_Has_Phoneme_Jh_Spelled_G,sounds_jh_zh,sounds_s_ch_jh_zh_w_f,,,,,,
n4RjJKxsamQ,Scorpions,Wind Of Change,magic,Take me to the __ of the moment,174280,180130,5850,0,Feature_Has_Phoneme_Jh_Spelled_G,sounds_jh_zh,sounds_s_ch_jh_zh_w_f,,,,,,
n4RjJKxsamQ,Scorpions,Wind Of Change,change,In the wind of __,189030,194870,5840,0,Feature_Has_Phoneme_Jh_Spelled_G,sounds_jh_zh,sounds_s_ch_jh_zh_w_f,,,,,,
n4RjJKxsamQ,Scorpions,Wind Of Change,change,The wind of __,194870,196050,1180,0,Feature_Has_Phoneme_Jh_Spelled_G,sounds_jh_zh,sounds_s_ch_jh_zh_w_f,,,,,,
n4RjJKxsamQ,Scorpions,Wind Of Change,magic,Take me to the __ of the moment,243950,251090,7140,0,Feature_Has_Phoneme_Jh_Spelled_G,sounds_jh_zh,sounds_s_ch_jh_zh_w_f,,,,,,
n4RjJKxsamQ,Scorpions,Wind Of Change,magic,Take me to the __ of the moment,263070,268720,5650,0,Feature_Has_Phoneme_Jh_Spelled_G,sounds_jh_zh,sounds_s_ch_jh_zh_w_f,,,,,,
n4RjJKxsamQ,Scorpions,Wind Of Change,change,In the wind of __,277710,284000,6290,0,Feature_Has_Phoneme_Jh_Spelled_G,sounds_jh_zh,sounds_s_ch_jh_zh_w_f,,,,,,
sxdmw4tJJ1Y,Scorpions,Rock You Like A Hurricane,cages,Lust is in __ till storm breaks loose,91950,95780,3830,1,Feature_Has_Phoneme_Jh_Spelled_G,sounds_jh_zh,sounds_s_ch_jh_zh_w_f,,,,,,
o_jQFpG3Upc,The Band,It'S Time,changing,I'm never __ who I am,69520,90340,20820,1,Feature_Has_Phoneme_Jh_Spelled_G,sounds_jh_zh,sounds_s_ch_jh_zh_w_f,,,,,,
o_jQFpG3Upc,The Band,It'S Time,changing,I'm never __ who I am,143050,145580,2530,1,Feature_Has_Phoneme_Jh_Spelled_G,sounds_jh_zh,sounds_s_ch_jh_zh_w_f,,,,,,
o_jQFpG3Upc,The Band,It'S Time,changing,I'm never __ who I am,160500,165010,4510,1,Feature_Has_Phoneme_Jh_Spelled_G,sounds_jh_zh,sounds_s_ch_jh_zh_w_f,,,,,,
o_jQFpG3Upc,The Band,It'S Time,changing,I'm never __ who I am,197620,200160,2540,1,Feature_Has_Phoneme_Jh_Spelled_G,sounds_jh_zh,sounds_s_ch_jh_zh_w_f,,,,,,
o_jQFpG3Upc,The Band,It'S Time,changing,I'm never __ who I am,215700,225000,9300,1,Feature_Has_Phoneme_Jh_Spelled_G,sounds_jh_zh,sounds_s_ch_jh_zh_w_f,,,,,,
lk5iMgG-WJI,Kasabian,Club Foot,edge,Take me to the __ again,67500,69540,2040,0,Feature_Has_Phoneme_Jh_Spelled_G,sounds_jh_zh,sounds_s_ch_jh_zh_w_f,,,,,,
WANNqr-vcx0,Jefferson Airplane,White Rabbit,larger,"One pill makes you __, and one pill makes you small",27490,35340,7850,0,Feature_Has_Phoneme_Jh_Spelled_G,sounds_jh_zh,sounds_s_ch_jh_zh_w_f,,,,,,
WANNqr-vcx0,Jefferson Airplane,White Rabbit,logic,When __ and proportion have fallen sloppy dead,107120,115940,8820,0,Feature_Has_Phoneme_Jh_Spelled_G,sounds_jh_zh,sounds_s_ch_jh_zh_w_f,,,,,,
99j0zLuNhi8,Creed,With Arms Wide Open,change,It seems my life is going to __,24820,31820,7000,0,Feature_Has_Phoneme_Jh_Spelled_G,sounds_jh_zh,sounds_s_ch_jh_zh_w_f,,,,,,
99j0zLuNhi8,Creed,With Arms Wide Open,changed,Now everything has __,116710,120340,3630,0,Feature_Has_Phoneme_Jh_Spelled_G,sounds_jh_zh,sounds_s_ch_jh_zh_w_f,,,,,,
99j0zLuNhi8,Creed,With Arms Wide Open,changed,Now everything has __,212170,215230,3060,0,Feature_Has_Phoneme_Jh_Spelled_G,sounds_jh_zh,sounds_s_ch_jh_zh_w_f,,,,,,
btPJPFnesV4,Survivor,Eye Of The Tiger,challenge,Risin' up to the __,88580,91210,2630,1,Feature_Has_Phoneme_Jh_Spelled_G,sounds_jh_zh,sounds_s_ch_jh_zh_w_f,,,,,,
btPJPFnesV4,Survivor,Eye Of The Tiger,challenge,Risin' up to the __,128880,131620,2740,1,Feature_Has_Phoneme_Jh_Spelled_G,sounds_jh_zh,sounds_s_ch_jh_zh_w_f,,,,,,
btPJPFnesV4,Survivor,Eye Of The Tiger,challenge,Risin' up to the __,173600,176150,2550,1,Feature_Has_Phoneme_Jh_Spelled_G,sounds_jh_zh,sounds_s_ch_jh_zh_w_f,,,,,,
xJJsoquu70o,Puddle Of Mudd,Blurry,imagine,I wonder what you're doing __ where you are,58900,64640,5740,0,Feature_Has_Phoneme_Jh_Spelled_G,sounds_jh_zh,sounds_s_ch_jh_zh_w_f,,,,,,
xJJsoquu70o,Puddle Of Mudd,Blurry,changing,Everyone is __ there's no one left that's real,94510,101150,6640,0,Feature_Has_Phoneme_Jh_Spelled_G,sounds_jh_zh,sounds_s_ch_jh_zh_w_f,,,,,,
xJJsoquu70o,Puddle Of Mudd,Blurry,imagine,I wonder what you're doing __ where you are,131980,137890,5910,0,Feature_Has_Phoneme_Jh_Spelled_G,sounds_jh_zh,sounds_s_ch_jh_zh_w_f,,,,,,
7QU1nvuxaMA,Audioslave,Like A Stone,pages,I was lost in the __,30380,35400,5020,0,Feature_Has_Phoneme_Jh_Spelled_G,sounds_jh_zh,sounds_s_ch_jh_zh_w_f,,,,,,
7QU1nvuxaMA,Audioslave,Like A Stone,angels,To the gods and the __,101420,105680,4260,0,Feature_Has_Phoneme_Jh_Spelled_G,sounds_jh_zh,sounds_s_ch_jh_zh_w_f,,,,,,
j5-yKhDd64s,Eminem,Not Afraid,urge,"His gift is a curse, forget the Earth, he's got the __ to pull his **** from the dirt,",61120,65000,3880,1,Feature_Has_Phoneme_Jh_Spelled_G,sounds_jh_zh,sounds_s_ch_jh_zh_w_f,,,,,,
j5-yKhDd64s,Eminem,Not Afraid,cage,I'm breaking out of this __,164160,166990,2830,1,Feature_Has_Phoneme_Jh_Spelled_G,sounds_jh_zh,sounds_s_ch_jh_zh_w_f,,,,,,
YVkUvmDQ3HY,Eminem,Without Me,emerge,Twenty million other white rappers __,212000,213950,1950,1,Feature_Has_Phoneme_Jh_Spelled_G,sounds_jh_zh,sounds_s_ch_jh_zh_w_f,,,,,,
ab9176Srb5Y,Eminem,Berzerk,magician,"Like a __, critics I turn to crickets",15850,18390,2540,1,Feature_Has_Phoneme_Jh_Spelled_G,sounds_jh_zh,sounds_s_ch_jh_zh_w_f,,,,,,
ab9176Srb5Y,Eminem,Berzerk,vintage,"Let's bring it back to that __ Slim, *****!",28530,30910,2380,1,Feature_Has_Phoneme_Jh_Spelled_G,sounds_jh_zh,sounds_s_ch_jh_zh_w_f,,,,,,
ab9176Srb5Y,Eminem,Berzerk,gym,"Been public enemy since you thought PE was __, *****",36090,39170,3080,1,Feature_Has_Phoneme_Jh_Spelled_G,sounds_jh_zh,sounds_s_ch_jh_zh_w_f,,,,,,
ab9176Srb5Y,Eminem,Berzerk,discouraged,"Word, w-word man you heard, but don't be __ girl",180540,183260,2720,1,Feature_Has_Phoneme_Jh_Spelled_G,sounds_jh_zh,sounds_s_ch_jh_zh_w_f,,,,,,
Z4bVgEVnvyI,Drake,All Me,age,"I touched down in '86, knew I was a man by the __ of 6",109580,113540,3960,1,Feature_Has_Phoneme_Jh_Spelled_G,sounds_jh_zh,sounds_s_ch_jh_zh_w_f,,,,,,
Z4bVgEVnvyI,Drake,All Me,judging,"Cause if we __ off your advances, I just got paid like eight advances",168530,172500,3970,1,Feature_Has_Phoneme_Jh_Spelled_G,sounds_jh_zh,sounds_s_ch_jh_zh_w_f,,,,,,
Z4bVgEVnvyI,Drake,All Me,gentle,"And to them hoes I'm everything, everything but __",215560,219390,3830,1,Feature_Has_Phoneme_Jh_Spelled_G,sounds_jh_zh,sounds_s_ch_jh_zh_w_f,,,,,,
RubBzkZzpUA,Drake,Started From The Bottom,changed,Story stay the same I never __ it,118820,121650,2830,1,Feature_Has_Phoneme_Jh_Spelled_G,sounds_jh_zh,sounds_s_ch_jh_zh_w_f,,,,,,
2YcIgow6TDk,Jay-Z,Holy Grail,pigeons,All the __ take flight,103750,105750,2000,1,Feature_Has_Phoneme_Jh_Spelled_G,sounds_jh_zh,sounds_s_ch_jh_zh_w_f,,,,,,
2YcIgow6TDk,Jay-Z,Holy Grail,contagious,"And we're stupid, and __",123250,126640,3390,1,Feature_Has_Phoneme_Jh_Spelled_G,sounds_jh_zh,sounds_s_ch_jh_zh_w_f,,,,,,
QjlFqgRbICY,Kendrick Lamar,A.D.H.D,age,Got a high tolerance when your __ don't exist,13210,16120,2910,1,Feature_Has_Phoneme_Jh_Spelled_G,sounds_jh_zh,sounds_s_ch_jh_zh_w_f,,,,,,
QjlFqgRbICY,Kendrick Lamar,A.D.H.D,generation,My __ sippin' cough syrup like its water,36740,39440,2700,1,Feature_Has_Phoneme_Jh_Spelled_G,sounds_jh_zh,sounds_s_ch_jh_zh_w_f,,,,,,
QjlFqgRbICY,Kendrick Lamar,A.D.H.D,technology,"Playstation and some drank, __ bumping soul",50470,53530,3060,1,Feature_Has_Phoneme_Jh_Spelled_G,sounds_jh_zh,sounds_s_ch_jh_zh_w_f,,,,,,
QjlFqgRbICY,Kendrick Lamar,A.D.H.D,age,Got a high tolerance when your __ don't exist like whoa,79990,84360,4370,1,Feature_Has_Phoneme_Jh_Spelled_G,sounds_jh_zh,sounds_s_ch_jh_zh_w_f,,,,,,
QjlFqgRbICY,Kendrick Lamar,A.D.H.D,age,Got a high tolerance when your __ don't exist like whoa,152880,157660,4780,1,Feature_Has_Phoneme_Jh_Spelled_G,sounds_jh_zh,sounds_s_ch_jh_zh_w_f,,,,,,
yyr2gEouEMM,Kendrick Lamar,Poetic Justice,Range,Y'all curled in that little bitty __ I heard that,57150,59910,2760,1,Feature_Has_Phoneme_Jh_Spelled_G,sounds_jh_zh,sounds_s_ch_jh_zh_w_f,,,,,,
yyr2gEouEMM,Kendrick Lamar,Poetic Justice,margin,Living my life in the __ and that metaphor was proof,197560,200360,2800,1,Feature_Has_Phoneme_Jh_Spelled_G,sounds_jh_zh,sounds_s_ch_jh_zh_w_f,,,,,,
NtxmnBQmfZs,Kendrick Lamar,Money Trees,Imagine,__ Rock up in the projects where them *****s pick your pockets,265750,269260,3510,1,Feature_Has_Phoneme_Jh_Spelled_G,sounds_jh_zh,sounds_s_ch_jh_zh_w_f,,,,,,
7AjD7nKiUQ4,J. Cole,Power Trip,college,"*** stupid, how you get to __, college",138670,140900,2230,1,Feature_Has_Phoneme_Jh_Spelled_G,sounds_jh_zh,sounds_s_ch_jh_zh_w_f,,,,,,
7AjD7nKiUQ4,J. Cole,Power Trip,college,"*** stupid, how you get to college, __",138670,140900,2230,1,Feature_Has_Phoneme_Jh_Spelled_G,sounds_jh_zh,sounds_s_ch_jh_zh_w_f,,,,,,
OZLUa8JUR18,Lil Wayne,Mirror,change,"I see the __, I see the message",139180,142370,3190,1,Feature_Has_Phoneme_Jh_Spelled_G,sounds_jh_zh,sounds_s_ch_jh_zh_w_f,,,,,,
OZLUa8JUR18,Lil Wayne,Mirror,message,"I see the change, I see the __",139180,142370,3190,1,Feature_Has_Phoneme_Jh_Spelled_G,sounds_jh_zh,sounds_s_ch_jh_zh_w_f,,,,,,
OZLUa8JUR18,Lil Wayne,Mirror,message,And no __ could been any clearer,142370,144610,2240,1,Feature_Has_Phoneme_Jh_Spelled_G,sounds_jh_zh,sounds_s_ch_jh_zh_w_f,,,,,,
UePtoxDhJSw,Wiz Khalifa,Black And Yellow,engine,"Suede insides, my __ roarin'",47560,50280,2720,1,Feature_Has_Phoneme_Jh_Spelled_G,sounds_jh_zh,sounds_s_ch_jh_zh_w_f,,,,,,
_JZom_gVfuw,The Notorious B.I.G.,Juicy,Magic,"Every Saturday Rap Attack, Mr. __, Marley Marl",27940,31520,3580,1,Feature_Has_Phoneme_Jh_Spelled_G,sounds_jh_zh,sounds_s_ch_jh_zh_w_f,,,,,,
_JZom_gVfuw,The Notorious B.I.G.,Juicy,change,I made the __ from a common thief,91250,92830,1580,1,Feature_Has_Phoneme_Jh_Spelled_G,sounds_jh_zh,sounds_s_ch_jh_zh_w_f,,,,,,
_JZom_gVfuw,The Notorious B.I.G.,Juicy,Genesis,"Super Nintendo, Sega __",160960,163490,2530,1,Feature_Has_Phoneme_Jh_Spelled_G,sounds_jh_zh,sounds_s_ch_jh_zh_w_f,,,,,,
5qm8PH4xAss,50 Cent,In Da Club,change,"But homie ain't nothing __ hold down, G's up",46930,49720,2790,1,Feature_Has_Phoneme_Jh_Spelled_G,sounds_jh_zh,sounds_s_ch_jh_zh_w_f,,,,,,
5qm8PH4xAss,50 Cent,In Da Club,changed,"Look, *****, I came up and I ain't __",109630,111980,2350,1,Feature_Has_Phoneme_Jh_Spelled_G,sounds_jh_zh,sounds_s_ch_jh_zh_w_f,,,,,,
QZXc39hT8t4,Dr. Dre,The Next Episode,strange,*****es lookin at me __ but you know I don't care,49750,52120,2370,1,Feature_Has_Phoneme_Jh_Spelled_G,sounds_jh_zh,sounds_s_ch_jh_zh_w_f,,,,,,
_CL6n0FJZpk,Dr. Dre,Still D.R.E.,homage,"Ladies they pay __, but haters say Dre fell off",30580,33640,3060,1,Feature_Has_Phoneme_Jh_Spelled_G,sounds_jh_zh,sounds_s_ch_jh_zh_w_f,,,,,,
_CL6n0FJZpk,Dr. Dre,Still D.R.E.,changed,They say rap's __,38240,39470,1230,1,Feature_Has_Phoneme_Jh_Spelled_G,sounds_jh_zh,sounds_s_ch_jh_zh_w_f,,,,,,
_CL6n0FJZpk,Dr. Dre,Still D.R.E.,changed,"Since I left ain't too much __, still",58830,61470,2640,1,Feature_Has_Phoneme_Jh_Spelled_G,sounds_jh_zh,sounds_s_ch_jh_zh_w_f,,,,,,
eU4ZvfkmOck,The Game,Ali Bomaye,intelligence,"This the voice of ghetto __, if you got work",248680,252650,3970,1,Feature_Has_Phoneme_Jh_Spelled_G,sounds_jh_zh,sounds_s_ch_jh_zh_w_f,,,,,,
XSbZidsgMfw,Tyler The Creator,Yonkers,revenge,"This the __ of the dicks, that's nine cocks that **** nines",88230,91950,3720,1,Feature_Has_Phoneme_Jh_Spelled_G,sounds_jh_zh,sounds_s_ch_jh_zh_w_f,,,,,,
XSbZidsgMfw,Tyler The Creator,Yonkers,revenge,They say success is the best __,195780,198160,2380,1,Feature_Has_Phoneme_Jh_Spelled_G,sounds_jh_zh,sounds_s_ch_jh_zh_w_f,,,,,,
otCpCn0l4Wo,Mc Hammer,U Can'T Touch This,magic,I'm dope on the floor and I'm __ on the mic,205790,209200,3410,0,Feature_Has_Phoneme_Jh_Spelled_G,sounds_jh_zh,sounds_s_ch_jh_zh_w_f,,,,,,
ktvTqknDobU,Image Dragons,Radioactive,age,"Welcome to the new __, to the new age.",62450,66210,3760,0,Feature_Has_Phoneme_Jh_Spelled_G,sounds_jh_zh,sounds_s_ch_jh_zh_w_f,,,,,,
ktvTqknDobU,Image Dragons,Radioactive,age,"Welcome to the new age, to the new __.",62450,66210,3760,0,Feature_Has_Phoneme_Jh_Spelled_G,sounds_jh_zh,sounds_s_ch_jh_zh_w_f,,,,,,
ktvTqknDobU,Image Dragons,Radioactive,age,"Welcome to the new __, to the new age.",66210,70080,3870,0,Feature_Has_Phoneme_Jh_Spelled_G,sounds_jh_zh,sounds_s_ch_jh_zh_w_f,,,,,,
ktvTqknDobU,Image Dragons,Radioactive,age,"Welcome to the new age, to the new __.",66210,70080,3870,0,Feature_Has_Phoneme_Jh_Spelled_G,sounds_jh_zh,sounds_s_ch_jh_zh_w_f,,,,,,
ktvTqknDobU,Image Dragons,Radioactive,age,"Welcome to the new __, to the new age.",118620,122230,3610,0,Feature_Has_Phoneme_Jh_Spelled_G,sounds_jh_zh,sounds_s_ch_jh_zh_w_f,,,,,,
ktvTqknDobU,Image Dragons,Radioactive,age,"Welcome to the new age, to the new __.",118620,122230,3610,0,Feature_Has_Phoneme_Jh_Spelled_G,sounds_jh_zh,sounds_s_ch_jh_zh_w_f,,,,,,
ktvTqknDobU,Image Dragons,Radioactive,age,"Welcome to the new __, to the new age.",122230,126270,4040,0,Feature_Has_Phoneme_Jh_Spelled_G,sounds_jh_zh,sounds_s_ch_jh_zh_w_f,,,,,,
ktvTqknDobU,Image Dragons,Radioactive,age,"Welcome to the new age, to the new __.",122230,126270,4040,0,Feature_Has_Phoneme_Jh_Spelled_G,sounds_jh_zh,sounds_s_ch_jh_zh_w_f,,,,,,
ktvTqknDobU,Image Dragons,Radioactive,age,"Welcome to the new __, to the new age.",161020,164510,3490,0,Feature_Has_Phoneme_Jh_Spelled_G,sounds_jh_zh,sounds_s_ch_jh_zh_w_f,,,,,,
ktvTqknDobU,Image Dragons,Radioactive,age,"Welcome to the new age, to the new __.",161020,164510,3490,0,Feature_Has_Phoneme_Jh_Spelled_G,sounds_jh_zh,sounds_s_ch_jh_zh_w_f,,,,,,
ktvTqknDobU,Image Dragons,Radioactive,age,"Welcome to the new __, to the new age.",164510,168310,3800,0,Feature_Has_Phoneme_Jh_Spelled_G,sounds_jh_zh,sounds_s_ch_jh_zh_w_f,,,,,,
ktvTqknDobU,Image Dragons,Radioactive,age,"Welcome to the new age, to the new __.",164510,168310,3800,0,Feature_Has_Phoneme_Jh_Spelled_G,sounds_jh_zh,sounds_s_ch_jh_zh_w_f,,,,,,
7E0fVfectDo,Arcade Fire,Reflektor,stage,"We fell in love, alone on a __",43750,48220,4470,0,Feature_Has_Phoneme_Jh_Spelled_G,sounds_jh_zh,sounds_s_ch_jh_zh_w_f,,,,,,
7E0fVfectDo,Arcade Fire,Reflektor,age,In the reflective __,48220,50760,2540,0,Feature_Has_Phoneme_Jh_Spelled_G,sounds_jh_zh,sounds_s_ch_jh_zh_w_f,,,,,,
_fFAKrIntzY,Arcade Fire,Here Comes The Night Time,judge,"And if you're the __, then what is our crime?",224000,230120,6120,1,Feature_Has_Phoneme_Jh_Spelled_G,sounds_jh_zh,sounds_s_ch_jh_zh_w_f,,,,,,
CJinWua98NA,Capital Cities,Kangaroo Court,judge,The __ pulls me aside said c'est la vie,80460,83200,2740,0,Feature_Has_Phoneme_Jh_Spelled_G,sounds_jh_zh,sounds_s_ch_jh_zh_w_f,,,,,,
JaAWdljhD5o,Awolnation,Sail,angel,This is how an __ dies,63910,69350,5440,1,Feature_Has_Phoneme_Jh_Spelled_G,sounds_jh_zh,sounds_s_ch_jh_zh_w_f,,,,,,
_nW5AF0m9Zw,Robbie Williams,Angels,angels,Like dreaming of __,67360,78060,10700,0,Feature_Has_Phoneme_Jh_Spelled_G,sounds_jh_zh,sounds_s_ch_jh_zh_w_f,,,,,,
PElhV8z7I60,Robbie Williams,Islands,bridge,That __ is on fire,67440,69950,2510,0,Feature_Has_Phoneme_Jh_Spelled_G,sounds_jh_zh,sounds_s_ch_jh_zh_w_f,,,,,,
eimgRedLkkU,Empire Of The Sun,Walking On A Dream,changing,Now it's __ all the time,82170,86320,4150,0,Feature_Has_Phoneme_Jh_Spelled_G,sounds_jh_zh,sounds_s_ch_jh_zh_w_f,,,,,,
mOHWZmREuvA,Two Door Cinema Club,Changing Of The Seasons,changing,Could be the __ of the seasons,56980,60920,3940,0,Feature_Has_Phoneme_Jh_Spelled_G,sounds_jh_zh,sounds_s_ch_jh_zh_w_f,,,,,,
mOHWZmREuvA,Two Door Cinema Club,Changing Of The Seasons,changing,Could be the __ of the seasons,117940,121310,3370,0,Feature_Has_Phoneme_Jh_Spelled_G,sounds_jh_zh,sounds_s_ch_jh_zh_w_f,,,,,,
mOHWZmREuvA,Two Door Cinema Club,Changing Of The Seasons,changing,Could be the __ of the seasons,191850,195510,3660,0,Feature_Has_Phoneme_Jh_Spelled_G,sounds_jh_zh,sounds_s_ch_jh_zh_w_f,,,,,,
1PorW3y5n1w,Two Door Cinema Club,Something Good Can Work,change,"It's been a lot to __, but you",66670,68240,1570,0,Feature_Has_Phoneme_Jh_Spelled_G,sounds_jh_zh,sounds_s_ch_jh_zh_w_f,,,,,,
1PorW3y5n1w,Two Door Cinema Club,Something Good Can Work,change,"It's been a lot to __, but you",98740,101470,2730,0,Feature_Has_Phoneme_Jh_Spelled_G,sounds_jh_zh,sounds_s_ch_jh_zh_w_f,,,,,,
9e9NSMY8QiQ,Tegan And Sara,Closer,changing,The night sky is __ overhead,32000,35700,3700,0,Feature_Has_Phoneme_Jh_Spelled_G,sounds_jh_zh,sounds_s_ch_jh_zh_w_f,,,,,,
9e9NSMY8QiQ,Tegan And Sara,Closer,changing,The night sky is __ overhead,88800,92430,3630,0,Feature_Has_Phoneme_Jh_Spelled_G,sounds_jh_zh,sounds_s_ch_jh_zh_w_f,,,,,,
4BJDNw7o6so,Phoenix,Lisztomania,discourage,So go slowly __,34770,37360,2590,0,Feature_Has_Phoneme_Jh_Spelled_G,sounds_jh_zh,sounds_s_ch_jh_zh_w_f,,,,,,
4BJDNw7o6so,Phoenix,Lisztomania,gentlemen,Ending this love for __ only,42300,45850,3550,0,Feature_Has_Phoneme_Jh_Spelled_G,sounds_jh_zh,sounds_s_ch_jh_zh_w_f,,,,,,
4BJDNw7o6so,Phoenix,Lisztomania,discourage,"Discuss, __",86820,89120,2300,0,Feature_Has_Phoneme_Jh_Spelled_G,sounds_jh_zh,sounds_s_ch_jh_zh_w_f,,,,,,
4BJDNw7o6so,Phoenix,Lisztomania,gentlemen,Ending this love for __ only,91430,95200,3770,0,Feature_Has_Phoneme_Jh_Spelled_G,sounds_jh_zh,sounds_s_ch_jh_zh_w_f,,,,,,
4BJDNw7o6so,Phoenix,Lisztomania,gentlemen,Wealthier __ only,95200,97620,2420,0,Feature_Has_Phoneme_Jh_Spelled_G,sounds_jh_zh,sounds_s_ch_jh_zh_w_f,,,,,,
4BJDNw7o6so,Phoenix,Lisztomania,discourage,So go slowly __,103890,106370,2480,0,Feature_Has_Phoneme_Jh_Spelled_G,sounds_jh_zh,sounds_s_ch_jh_zh_w_f,,,,,,
4BJDNw7o6so,Phoenix,Lisztomania,discourage,"Discuss, discuss, discuss, discuss, discuss __!",230080,207000,-23080,0,Feature_Has_Phoneme_Jh_Spelled_G,sounds_jh_zh,sounds_s_ch_jh_zh_w_f,,,,,,
8UVNT4wvIGY,Gotye,Somebody That I Used To Know,stranger,But you treat me like a __ and that feels so rough,103420,107500,4080,0,Feature_Has_Phoneme_Jh_Spelled_G,sounds_jh_zh,sounds_s_ch_jh_zh_w_f,,,,,,
8UVNT4wvIGY,Gotye,Somebody That I Used To Know,change,Have your friends collect your records and then __ your number,111350,115430,4080,0,Feature_Has_Phoneme_Jh_Spelled_G,sounds_jh_zh,sounds_s_ch_jh_zh_w_f,,,,,,
8UVNT4wvIGY,Gotye,Somebody That I Used To Know,stranger,But you treat me like a __ and that feels so rough,192780,196600,3820,0,Feature_Has_Phoneme_Jh_Spelled_G,sounds_jh_zh,sounds_s_ch_jh_zh_w_f,,,,,,
8UVNT4wvIGY,Gotye,Somebody That I Used To Know,change,Have your friends collect your records and then __ your number,200400,204960,4560,0,Feature_Has_Phoneme_Jh_Spelled_G,sounds_jh_zh,sounds_s_ch_jh_zh_w_f,,,,,,
Sv6dMFF_yts,Fun.,We Are Young,apologies,"The holes in my __, you know",34800,37000,2200,0,Feature_Has_Phoneme_Jh_Spelled_G,sounds_jh_zh,sounds_s_ch_jh_zh_w_f,,,,,,
Sv6dMFF_yts,Fun.,We Are Young,angels,The __ never arrived,184320,188000,3680,0,Feature_Has_Phoneme_Jh_Spelled_G,sounds_jh_zh,sounds_s_ch_jh_zh_w_f,,,,,,
dZX6Q-Bj_xg,Passion Pit,Take A Walk,ages,Make it seem like it's been __,45940,48290,2350,0,Feature_Has_Phoneme_Jh_Spelled_G,sounds_jh_zh,sounds_s_ch_jh_zh_w_f,,,,,,
0YuSg4mts9E,The Naked And Famous,Young Blood,changes,The mood it __ like the wind,47140,51570,4430,0,Feature_Has_Phoneme_Jh_Spelled_G,sounds_jh_zh,sounds_s_ch_jh_zh_w_f,,,,,,
gM7Hlg75Mlo,Neon Trees,Animal,change,"I __ shapes just to hide in this place but I'm still, I'm still an animal",48880,57590,8710,0,Feature_Has_Phoneme_Jh_Spelled_G,sounds_jh_zh,sounds_s_ch_jh_zh_w_f,,,,,,
gM7Hlg75Mlo,Neon Trees,Animal,change,I __ shapes just to hide in this place but I'm still I'm still an animal,97750,105940,8190,0,Feature_Has_Phoneme_Jh_Spelled_G,sounds_jh_zh,sounds_s_ch_jh_zh_w_f,,,,,,
gM7Hlg75Mlo,Neon Trees,Animal,change,I __ shapes just to hide in this place,117150,118560,1410,0,Feature_Has_Phoneme_Jh_Spelled_G,sounds_jh_zh,sounds_s_ch_jh_zh_w_f,,,,,,
gM7Hlg75Mlo,Neon Trees,Animal,change,I __ shapes just to hide in this place,195710,201330,5620,0,Feature_Has_Phoneme_Jh_Spelled_G,sounds_jh_zh,sounds_s_ch_jh_zh_w_f,,,,,,
gM7Hlg75Mlo,Neon Trees,Animal,change,I __ shapes just to hide in this place,211940,215080,3140,0,Feature_Has_Phoneme_Jh_Spelled_G,sounds_jh_zh,sounds_s_ch_jh_zh_w_f,,,,,,
zwFS69nA-1w,Bright Eyes,First Day Of My Life,changed,"I went out in the rain, suddenly everything __",30290,33580,3290,0,Feature_Has_Phoneme_Jh_Spelled_G,sounds_jh_zh,sounds_s_ch_jh_zh_w_f,,,,,,
zwFS69nA-1w,Bright Eyes,First Day Of My Life,strange,"And I thought it was __, you said everything changed",96390,99420,3030,0,Feature_Has_Phoneme_Jh_Spelled_G,sounds_jh_zh,sounds_s_ch_jh_zh_w_f,,,,,,
zwFS69nA-1w,Bright Eyes,First Day Of My Life,changed,"And I thought it was strange, you said everything __",96390,99420,3030,0,Feature_Has_Phoneme_Jh_Spelled_G,sounds_jh_zh,sounds_s_ch_jh_zh_w_f,,,,,,
YgSPaXgAdzE,Beck,Loser,vegetables,"With the plastic eyeballs, spray paint the __",27910,30320,2410,1,Feature_Has_Phoneme_Jh_Spelled_G,sounds_jh_zh,sounds_s_ch_jh_zh_w_f,,,,,,
YgSPaXgAdzE,Beck,Loser,pigeon,Slap the turkey neck and it's hangin' on a __ wing,110450,112040,1590,1,Feature_Has_Phoneme_Jh_Spelled_G,sounds_jh_zh,sounds_s_ch_jh_zh_w_f,,,,,,
YgSPaXgAdzE,Beck,Loser,change,(I'm a driver I'm a winner things are gonna __ I can feel it),159300,179990,20690,1,Feature_Has_Phoneme_Jh_Spelled_G,sounds_jh_zh,sounds_s_ch_jh_zh_w_f,,,,,,
fV4DiAyExN0,Hoobastank,The Reason,change,To __ who I used to be,54700,60480,5780,0,Feature_Has_Phoneme_Jh_Spelled_G,sounds_jh_zh,sounds_s_ch_jh_zh_w_f,,,,,,
fV4DiAyExN0,Hoobastank,The Reason,change,To __ who I used to be,112360,118440,6080,0,Feature_Has_Phoneme_Jh_Spelled_G,sounds_jh_zh,sounds_s_ch_jh_zh_w_f,,,,,,
fV4DiAyExN0,Hoobastank,The Reason,change,To __ who I used to be,181810,187750,5940,0,Feature_Has_Phoneme_Jh_Spelled_G,sounds_jh_zh,sounds_s_ch_jh_zh_w_f,,,,,,
onzL0EM1pKY,The Fall,Thnks Fr Th Mmrs,page,"In hotel rooms, collecting __ six lovers",118000,124000,6000,0,Feature_Has_Phoneme_Jh_Spelled_G,sounds_jh_zh,sounds_s_ch_jh_zh_w_f,,,,,,
FC3y9llDXuM,Wheatus,Teenage Dirtbag,gym,I got __ class in half an hour,22640,25410,2770,1,Feature_Has_Phoneme_Jh_Spelled_G,sounds_jh_zh,sounds_s_ch_jh_zh_w_f,,,,,,
FC3y9llDXuM,Wheatus,Teenage Dirtbag,teenage,"Cause I'm just a __ dirt bag, baby",40290,45650,5360,1,Feature_Has_Phoneme_Jh_Spelled_G,sounds_jh_zh,sounds_s_ch_jh_zh_w_f,,,,,,
FC3y9llDXuM,Wheatus,Teenage Dirtbag,teenage,"Yeah I'm just a __ dirt bag, baby",45650,50710,5060,1,Feature_Has_Phoneme_Jh_Spelled_G,sounds_jh_zh,sounds_s_ch_jh_zh_w_f,,,,,,
FC3y9llDXuM,Wheatus,Teenage Dirtbag,teenage,Cause I'm just a __ dirtbag baby,97480,102590,5110,1,Feature_Has_Phoneme_Jh_Spelled_G,sounds_jh_zh,sounds_s_ch_jh_zh_w_f,,,,,,
FC3y9llDXuM,Wheatus,Teenage Dirtbag,teenage,"Yeah, I'm just a __ dirtbag baby",102590,107670,5080,1,Feature_Has_Phoneme_Jh_Spelled_G,sounds_jh_zh,sounds_s_ch_jh_zh_w_f,,,,,,
FC3y9llDXuM,Wheatus,Teenage Dirtbag,teenage,"I'm just a __ dirt bag, baby, like you ooh",185550,197690,12140,1,Feature_Has_Phoneme_Jh_Spelled_G,sounds_jh_zh,sounds_s_ch_jh_zh_w_f,,,,,,
450p7goxZqg,John Legend,All Of Me,magical,I'm on your __ mystery ride,35970,39790,3820,0,Feature_Has_Phoneme_Jh_Spelled_G,sounds_jh_zh,sounds_s_ch_jh_zh_w_f,,,,,,
450p7goxZqg,John Legend,All Of Me,edges,Love your curves and all your __,68630,72090,3460,0,Feature_Has_Phoneme_Jh_Spelled_G,sounds_jh_zh,sounds_s_ch_jh_zh_w_f,,,,,,
450p7goxZqg,John Legend,All Of Me,edges,Love your curves and all your __,159860,163440,3580,0,Feature_Has_Phoneme_Jh_Spelled_G,sounds_jh_zh,sounds_s_ch_jh_zh_w_f,,,,,,
450p7goxZqg,John Legend,All Of Me,edges,Love your curves and all your __,220740,224530,3790,0,Feature_Has_Phoneme_Jh_Spelled_G,sounds_jh_zh,sounds_s_ch_jh_zh_w_f,,,,,,
RbtPXFlZlHg,Jason Derulo,Talk Dirty,language,"Been around the world, don't speak the __",29600,32410,2810,1,Feature_Has_Phoneme_Jh_Spelled_G,sounds_jh_zh,sounds_s_ch_jh_zh_w_f,,,,,,
RbtPXFlZlHg,Jason Derulo,Talk Dirty,language,"Been around the world, don't speak the __",77210,80430,3220,1,Feature_Has_Phoneme_Jh_Spelled_G,sounds_jh_zh,sounds_s_ch_jh_zh_w_f,,,,,,
RbtPXFlZlHg,Jason Derulo,Talk Dirty,genius,"Dos Cadenas, close to __",115230,117330,2100,1,Feature_Has_Phoneme_Jh_Spelled_G,sounds_jh_zh,sounds_s_ch_jh_zh_w_f,,,,,,
RbtPXFlZlHg,Jason Derulo,Talk Dirty,language,"Been around the world, don't speak the __",143520,146270,2750,1,Feature_Has_Phoneme_Jh_Spelled_G,sounds_jh_zh,sounds_s_ch_jh_zh_w_f,,,,,,
0KSOMA3QBU0,Katy Perry,Dark Horse,magic,So you wanna play with __,43920,47220,3300,0,Feature_Has_Phoneme_Jh_Spelled_G,sounds_jh_zh,sounds_s_ch_jh_zh_w_f,,,,,,
0KSOMA3QBU0,Katy Perry,Dark Horse,cage,Like a bird without a __,85280,87180,1900,0,Feature_Has_Phoneme_Jh_Spelled_G,sounds_jh_zh,sounds_s_ch_jh_zh_w_f,,,,,,
0KSOMA3QBU0,Katy Perry,Dark Horse,magic,So you wanna play with __,110300,112680,2380,0,Feature_Has_Phoneme_Jh_Spelled_G,sounds_jh_zh,sounds_s_ch_jh_zh_w_f,,,,,,
0KSOMA3QBU0,Katy Perry,Dark Horse,magic,So you wanna play with __,183280,185740,2460,0,Feature_Has_Phoneme_Jh_Spelled_G,sounds_jh_zh,sounds_s_ch_jh_zh_w_f,,,,,,
moSFlvxnbgk,Frozen,Let It Go,rage,Let the storm __ on,80910,84490,3580,0,Feature_Has_Phoneme_Jh_Spelled_G,sounds_jh_zh,sounds_s_ch_jh_zh_w_f,,,,,,
moSFlvxnbgk,Frozen,Let It Go,rage,Let the storm __ on,141930,153410,11480,0,Feature_Has_Phoneme_Jh_Spelled_G,sounds_jh_zh,sounds_s_ch_jh_zh_w_f,,,,,,
moSFlvxnbgk,Frozen,Let It Go,rage,Let the storm __ on,205600,210700,5100,0,Feature_Has_Phoneme_Jh_Spelled_G,sounds_jh_zh,sounds_s_ch_jh_zh_w_f,,,,,,
F90Cw4l-8NY,Bastille,Pompeii,changed,Nothing __ at all?,52780,55310,2530,0,Feature_Has_Phoneme_Jh_Spelled_G,sounds_jh_zh,sounds_s_ch_jh_zh_w_f,,,,,,
F90Cw4l-8NY,Bastille,Pompeii,changed,Nothing __ at all?,107390,109950,2560,0,Feature_Has_Phoneme_Jh_Spelled_G,sounds_jh_zh,sounds_s_ch_jh_zh_w_f,,,,,,
F90Cw4l-8NY,Bastille,Pompeii,changed,Nothing __ at all?,169820,172190,2370,0,Feature_Has_Phoneme_Jh_Spelled_G,sounds_jh_zh,sounds_s_ch_jh_zh_w_f,,,,,,
F90Cw4l-8NY,Bastille,Pompeii,changed,"If you close your eyes, does it almost feel like nothing __ at all?",187900,233000,45100,0,Feature_Has_Phoneme_Jh_Spelled_G,sounds_jh_zh,sounds_s_ch_jh_zh_w_f,,,,,,
tlYcUqEPN58,Ed Sheeran,Sing,stage,I saw flames from the side of the __,98700,100250,1550,0,Feature_Has_Phoneme_Jh_Spelled_G,sounds_jh_zh,sounds_s_ch_jh_zh_w_f,,,,,,
tlYcUqEPN58,Ed Sheeran,Sing,change,"Let it go until I wrote a __ singing we found love in a local raid, no",106110,110260,4150,0,Feature_Has_Phoneme_Jh_Spelled_G,sounds_jh_zh,sounds_s_ch_jh_zh_w_f,,,,,,
ALV-QtDFpSw,Luke Bryan,Play It Again,Georgia,Tan legs swingin' by a __ plate,22900,26060,3160,0,Feature_Has_Phoneme_Jh_Spelled_G,sounds_jh_zh,sounds_s_ch_jh_zh_w_f,,,,,,
O-zpOMYRi0w,Iggy Azalea,Fancy,change,"I been working, I'm up in here with some __ to throw",85170,87680,2510,1,Feature_Has_Phoneme_Jh_Spelled_G,sounds_jh_zh,sounds_s_ch_jh_zh_w_f,,,,,,
hHUbLv4ThOo,Pitbull,Timber,changed,"Nah, it's just me, ain't a damn thing __",112930,114740,1810,0,Feature_Has_Phoneme_Jh_Spelled_G,sounds_jh_zh,sounds_s_ch_jh_zh_w_f,,,,,,
NmugSMBh_iI,The Archies,Maps,changing,I'm __ all of the stations,11500,15200,3700,0,Feature_Has_Phoneme_Jh_Spelled_G,sounds_jh_zh,sounds_s_ch_jh_zh_w_f,,,,,,
NmugSMBh_iI,The Archies,Maps,strangers,'Cause all these __ come over me,79280,82990,3710,0,Feature_Has_Phoneme_Jh_Spelled_G,sounds_jh_zh,sounds_s_ch_jh_zh_w_f,,,,,,
hiP14ED28CA,Jason Derulo,Wiggle,change,Oh baby let me come and __ your life,87250,89910,2660,1,Feature_Has_Phoneme_Jh_Spelled_G,sounds_jh_zh,sounds_s_ch_jh_zh_w_f,,,,,,
xOYJXMfoBN8,Ed Sheeran,Don'T,gin,Baby bring the lemon and a bottle of __,41500,43740,2240,1,Feature_Has_Phoneme_Jh_Spelled_G,sounds_jh_zh,sounds_s_ch_jh_zh_w_f,,,,,,
xOYJXMfoBN8,Ed Sheeran,Don'T,message,Before a text __ was the only way to reach her,76940,79400,2460,1,Feature_Has_Phoneme_Jh_Spelled_G,sounds_jh_zh,sounds_s_ch_jh_zh_w_f,,,,,,
pZ12_E5R3qc,Beyonce,Partition,image,Circulate the __ every time I come around,38080,40880,2800,1,Feature_Has_Phoneme_Jh_Spelled_G,sounds_jh_zh,sounds_s_ch_jh_zh_w_f,,,,,,
Qtb11P1FWnc,Coldplay,Magic,magic,"Call it __, call it true",48200,57920,9720,0,Feature_Has_Phoneme_Jh_Spelled_G,sounds_jh_zh,sounds_s_ch_jh_zh_w_f,,,,,,
Qtb11P1FWnc,Coldplay,Magic,magic,I call it __ when I'm with you,57920,68440,10520,0,Feature_Has_Phoneme_Jh_Spelled_G,sounds_jh_zh,sounds_s_ch_jh_zh_w_f,,,,,,
Qtb11P1FWnc,Coldplay,Magic,magic,"Still I call it __, when I'm next to you",77910,89490,11580,0,Feature_Has_Phoneme_Jh_Spelled_G,sounds_jh_zh,sounds_s_ch_jh_zh_w_f,,,,,,
Qtb11P1FWnc,Coldplay,Magic,magic,"Call it __, cut me into two",119740,129830,10090,0,Feature_Has_Phoneme_Jh_Spelled_G,sounds_jh_zh,sounds_s_ch_jh_zh_w_f,,,,,,
Qtb11P1FWnc,Coldplay,Magic,magic,"And with all your __, I disappear from view",129830,140060,10230,0,Feature_Has_Phoneme_Jh_Spelled_G,sounds_jh_zh,sounds_s_ch_jh_zh_w_f,,,,,,
Qtb11P1FWnc,Coldplay,Magic,magic,"Still, I call it __, such a precious jewel",150380,161700,11320,0,Feature_Has_Phoneme_Jh_Spelled_G,sounds_jh_zh,sounds_s_ch_jh_zh_w_f,,,,,,
Qtb11P1FWnc,Coldplay,Magic,magic,And I call it __,202320,206820,4500,0,Feature_Has_Phoneme_Jh_Spelled_G,sounds_jh_zh,sounds_s_ch_jh_zh_w_f,,,,,,
Qtb11P1FWnc,Coldplay,Magic,magic,Call it __,212030,242130,30100,0,Feature_Has_Phoneme_Jh_Spelled_G,sounds_jh_zh,sounds_s_ch_jh_zh_w_f,,,,,,
Qtb11P1FWnc,Coldplay,Magic,magic,"""""""Still believe in __?""""""",252800,316000,63200,0,Feature_Has_Phoneme_Jh_Spelled_G,sounds_jh_zh,sounds_s_ch_jh_zh_w_f,,,,,,
IxxstCcJlsc,Zedd,Clarity,tragedy,"If our love is __, why are you my remedy?",54090,61500,7410,0,Feature_Has_Phoneme_Jh_Spelled_G,sounds_jh_zh,sounds_s_ch_jh_zh_w_f,,,,,,
IxxstCcJlsc,Zedd,Clarity,tragedy,"If our love is __, why are you my remedy?",99160,106480,7320,0,Feature_Has_Phoneme_Jh_Spelled_G,sounds_jh_zh,sounds_s_ch_jh_zh_w_f,,,,,,
IxxstCcJlsc,Zedd,Clarity,tragedy,"If our love is __, why are you my remedy?",166530,173890,7360,0,Feature_Has_Phoneme_Jh_Spelled_G,sounds_jh_zh,sounds_s_ch_jh_zh_w_f,,,,,,
IxxstCcJlsc,Zedd,Clarity,tragedy,"If our love is __, why are you my remedy?",241610,248970,7360,0,Feature_Has_Phoneme_Jh_Spelled_G,sounds_jh_zh,sounds_s_ch_jh_zh_w_f,,,,,,
MMAppa1cAVo,Austin Mahone,Mmm Yeah,magic,We can find ourselves and lose a __...rewind,189030,191160,2130,0,Feature_Has_Phoneme_Jh_Spelled_G,sounds_jh_zh,sounds_s_ch_jh_zh_w_f,,,,,,
MMAppa1cAVo,Austin Mahone,Mmm Yeah,magic,Find ourselves and lose a __ day,192880,194870,1990,0,Feature_Has_Phoneme_Jh_Spelled_G,sounds_jh_zh,sounds_s_ch_jh_zh_w_f,,,,,,
A3jzMyYgPQs,Lady Gaga,Do What U Want,stage,'Cause my body belongs to you when I'm on __ eh,93870,97320,3450,1,Feature_Has_Phoneme_Jh_Spelled_G,sounds_jh_zh,sounds_s_ch_jh_zh_w_f,,,,,,
bcWWArLFgys,One Direction,Midnight Memories,age,Now I'm at the __ when I know what I need,30330,36030,5700,0,Feature_Has_Phoneme_Jh_Spelled_G,sounds_jh_zh,sounds_s_ch_jh_zh_w_f,,,,,,
bcWWArLFgys,One Direction,Midnight Memories,age,Now I'm at the __ when I know what I need,88750,94670,5920,0,Feature_Has_Phoneme_Jh_Spelled_G,sounds_jh_zh,sounds_s_ch_jh_zh_w_f,,,,,,
EHkozMIXZ8w,Eminem,The Monster,huge,With this like winning a __ meet,41930,43950,2020,1,Feature_Has_Phoneme_Jh_Spelled_G,sounds_jh_zh,sounds_s_ch_jh_zh_w_f,,,,,,
EHkozMIXZ8w,Eminem,The Monster,huge,Ironic cause I think I'm getting so __ I need a shrink,43950,46130,2180,1,Feature_Has_Phoneme_Jh_Spelled_G,sounds_jh_zh,sounds_s_ch_jh_zh_w_f,,,,,,
EHkozMIXZ8w,Eminem,The Monster,messenger,"Don't shoot the __, I'm just friends with the",120970,122850,1880,1,Feature_Has_Phoneme_Jh_Spelled_G,sounds_jh_zh,sounds_s_ch_jh_zh_w_f,,,,,,
yyDUC1LUXSU,Robin Thicke,Blurred Lines,page,"If you can't read, from the same __",22640,26370,3730,1,Feature_Has_Phoneme_Jh_Spelled_G,sounds_jh_zh,sounds_s_ch_jh_zh_w_f,,,,,,
gwKEdFoUB0o,U2,Walk On,baggage,The only __,23310,25630,2320,0,Feature_Has_Phoneme_Jh_Spelled_G,sounds_jh_zh,sounds_s_ch_jh_zh_w_f,,,,,,
gwKEdFoUB0o,U2,Walk On,baggage,The only __ you can bring,30510,32439,1929,0,Feature_Has_Phoneme_Jh_Spelled_G,sounds_jh_zh,sounds_s_ch_jh_zh_w_f,,,,,,
gwKEdFoUB0o,U2,Walk On,cage,In an open __,139800,141920,2120,0,Feature_Has_Phoneme_Jh_Spelled_G,sounds_jh_zh,sounds_s_ch_jh_zh_w_f,,,,,,
VHrLPs3_1Fs,George Ezra,Budapest,change,Why I should never make a __,50030,56140,6110,0,Feature_Has_Phoneme_Jh_Spelled_G,sounds_jh_zh,sounds_s_ch_jh_zh_w_f,,,,,,
VHrLPs3_1Fs,George Ezra,Budapest,change,Why I should never make a __,87670,93760,6090,0,Feature_Has_Phoneme_Jh_Spelled_G,sounds_jh_zh,sounds_s_ch_jh_zh_w_f,,,,,,
VHrLPs3_1Fs,George Ezra,Budapest,change,Why I should never make a __,102560,108740,6180,0,Feature_Has_Phoneme_Jh_Spelled_G,sounds_jh_zh,sounds_s_ch_jh_zh_w_f,,,,,,
VHrLPs3_1Fs,George Ezra,Budapest,change,Why I should never make a __,155180,160990,5810,0,Feature_Has_Phoneme_Jh_Spelled_G,sounds_jh_zh,sounds_s_ch_jh_zh_w_f,,,,,,
VHrLPs3_1Fs,George Ezra,Budapest,change,Why I should never make a __,170210,176030,5820,0,Feature_Has_Phoneme_Jh_Spelled_G,sounds_jh_zh,sounds_s_ch_jh_zh_w_f,,,,,,
0OWj0CiM8WU,One Republic,Love Runs Out,angel,"Got an __ on my shoulder, and Mephistopheles",90570,94480,3910,0,Feature_Has_Phoneme_Jh_Spelled_G,sounds_jh_zh,sounds_s_ch_jh_zh_w_f,,,,,,
BAkqJT_sMKQ,Magic System,Magic In The Air,magic,"Feel the __ in the air,",0,2240,2240,0,Feature_Has_Phoneme_Jh_Spelled_G,sounds_jh_zh,sounds_s_ch_jh_zh_w_f,,,,,,
BAkqJT_sMKQ,Magic System,Magic In The Air,magic,"Feel the __ in the air,",7600,9520,1920,0,Feature_Has_Phoneme_Jh_Spelled_G,sounds_jh_zh,sounds_s_ch_jh_zh_w_f,,,,,,
BAkqJT_sMKQ,Magic System,Magic In The Air,magic,"Feel the __ in the air,",15150,17100,1950,0,Feature_Has_Phoneme_Jh_Spelled_G,sounds_jh_zh,sounds_s_ch_jh_zh_w_f,,,,,,
BAkqJT_sMKQ,Magic System,Magic In The Air,Magic,"(__ System) Allez, allez, allez",20890,22440,1550,0,Feature_Has_Phoneme_Jh_Spelled_G,sounds_jh_zh,sounds_s_ch_jh_zh_w_f,,,,,,
BAkqJT_sMKQ,Magic System,Magic In The Air,magic,"(Red Man Chawki) Feel the __ in the air,",22440,24680,2240,0,Feature_Has_Phoneme_Jh_Spelled_G,sounds_jh_zh,sounds_s_ch_jh_zh_w_f,,,,,,
BAkqJT_sMKQ,Magic System,Magic In The Air,magic,"Feel the __ in the air,",29850,32060,2210,0,Feature_Has_Phoneme_Jh_Spelled_G,sounds_jh_zh,sounds_s_ch_jh_zh_w_f,,,,,,
BAkqJT_sMKQ,Magic System,Magic In The Air,magic,"Feel the __ in the air,",37360,39480,2120,0,Feature_Has_Phoneme_Jh_Spelled_G,sounds_jh_zh,sounds_s_ch_jh_zh_w_f,,,,,,
BAkqJT_sMKQ,Magic System,Magic In The Air,magic,"Feel the __ in the air,",75220,77020,1800,0,Feature_Has_Phoneme_Jh_Spelled_G,sounds_jh_zh,sounds_s_ch_jh_zh_w_f,,,,,,
BAkqJT_sMKQ,Magic System,Magic In The Air,magic,"Feel the __ in the air,",82340,84450,2110,0,Feature_Has_Phoneme_Jh_Spelled_G,sounds_jh_zh,sounds_s_ch_jh_zh_w_f,,,,,,
BAkqJT_sMKQ,Magic System,Magic In The Air,magic,"Feel the __ in the air,",89950,92090,2140,0,Feature_Has_Phoneme_Jh_Spelled_G,sounds_jh_zh,sounds_s_ch_jh_zh_w_f,,,,,,
BAkqJT_sMKQ,Magic System,Magic In The Air,magic,"Feel the __ in the air,",97460,99570,2110,0,Feature_Has_Phoneme_Jh_Spelled_G,sounds_jh_zh,sounds_s_ch_jh_zh_w_f,,,,,,
BAkqJT_sMKQ,Magic System,Magic In The Air,magic,"Feel the __ in the air,",135050,137110,2060,0,Feature_Has_Phoneme_Jh_Spelled_G,sounds_jh_zh,sounds_s_ch_jh_zh_w_f,,,,,,
BAkqJT_sMKQ,Magic System,Magic In The Air,magic,"Feel the __ in the air,",142400,144700,2300,0,Feature_Has_Phoneme_Jh_Spelled_G,sounds_jh_zh,sounds_s_ch_jh_zh_w_f,,,,,,
BAkqJT_sMKQ,Magic System,Magic In The Air,magic,"Feel the __ in the air,",149940,152160,2220,0,Feature_Has_Phoneme_Jh_Spelled_G,sounds_jh_zh,sounds_s_ch_jh_zh_w_f,,,,,,
BAkqJT_sMKQ,Magic System,Magic In The Air,magic,"Feel the __ in the air,",157530,159650,2120,0,Feature_Has_Phoneme_Jh_Spelled_G,sounds_jh_zh,sounds_s_ch_jh_zh_w_f,,,,,,
BAkqJT_sMKQ,Magic System,Magic In The Air,Magic,__ System bouge toujours,168800,171930,3130,0,Feature_Has_Phoneme_Jh_Spelled_G,sounds_jh_zh,sounds_s_ch_jh_zh_w_f,,,,,,
BAkqJT_sMKQ,Magic System,Magic In The Air,change,"Ah, зa __ pas",171930,173070,1140,0,Feature_Has_Phoneme_Jh_Spelled_G,sounds_jh_zh,sounds_s_ch_jh_zh_w_f,,,,,,
BAkqJT_sMKQ,Magic System,Magic In The Air,magic,"Feel the __ in the air,",195120,197190,2070,0,Feature_Has_Phoneme_Jh_Spelled_G,sounds_jh_zh,sounds_s_ch_jh_zh_w_f,,,,,,
BAkqJT_sMKQ,Magic System,Magic In The Air,magic,"Feel the __ in the air,",202500,204450,1950,0,Feature_Has_Phoneme_Jh_Spelled_G,sounds_jh_zh,sounds_s_ch_jh_zh_w_f,,,,,,
BAkqJT_sMKQ,Magic System,Magic In The Air,magic,"Feel the __ in the air,",209850,212150,2300,0,Feature_Has_Phoneme_Jh_Spelled_G,sounds_jh_zh,sounds_s_ch_jh_zh_w_f,,,,,,
BAkqJT_sMKQ,Magic System,Magic In The Air,magic,"Feel the __ in the air,",217520,219570,2050,0,Feature_Has_Phoneme_Jh_Spelled_G,sounds_jh_zh,sounds_s_ch_jh_zh_w_f,,,,,,
DYj40-cZ5vI,American Authors,Believer,changing,But I hate __,89490,91740,2250,0,Feature_Has_Phoneme_Jh_Spelled_G,sounds_jh_zh,sounds_s_ch_jh_zh_w_f,,,,,,
VgXOPeobPcI,Bastille,Oblivion,age,Are you going to __ with grace?,81330,87610,6280,0,Feature_Has_Phoneme_Jh_Spelled_G,sounds_jh_zh,sounds_s_ch_jh_zh_w_f,,,,,,
VgXOPeobPcI,Bastille,Oblivion,age,Are you going to __ without mistakes?,87610,93320,5710,0,Feature_Has_Phoneme_Jh_Spelled_G,sounds_jh_zh,sounds_s_ch_jh_zh_w_f,,,,,,
VgXOPeobPcI,Bastille,Oblivion,age,Are you going to __ with grace,93320,99410,6090,0,Feature_Has_Phoneme_Jh_Spelled_G,sounds_jh_zh,sounds_s_ch_jh_zh_w_f,,,,,,
VgXOPeobPcI,Bastille,Oblivion,age,Are you going to __ with grace?,154810,160990,6180,0,Feature_Has_Phoneme_Jh_Spelled_G,sounds_jh_zh,sounds_s_ch_jh_zh_w_f,,,,,,
UqSww10eeKw,The Vamps,Can We Dance,change,Please say she'll __,154280,156790,2510,1,Feature_Has_Phoneme_Jh_Spelled_G,sounds_jh_zh,sounds_s_ch_jh_zh_w_f,,,,,,
W-TE_Ys4iwM,One Direction,Story Of My Life,change,Written on these walls are the colors that I can't __,99140,107000,7860,0,Feature_Has_Phoneme_Jh_Spelled_G,sounds_jh_zh,sounds_s_ch_jh_zh_w_f,,,,,,
W-TE_Ys4iwM,One Direction,Story Of My Life,cage,But it stays right here in its __,108860,114220,5360,0,Feature_Has_Phoneme_Jh_Spelled_G,sounds_jh_zh,sounds_s_ch_jh_zh_w_f,,,,,,
Gqm873UWUdw,One Direction,Moments,judgement,My __'s clouded,109220,112640,3420,0,Feature_Has_Phoneme_Jh_Spelled_G,sounds_jh_zh,sounds_s_ch_jh_zh_w_f,,,,,,
Gqm873UWUdw,One Direction,Moments,edge,Standing close to the __,193380,194880,1500,0,Feature_Has_Phoneme_Jh_Spelled_G,sounds_jh_zh,sounds_s_ch_jh_zh_w_f,,,,,,
e-ORhEE9VVg,Taylor Swift,Blank Space,Magic,"__, madness, heaven sin",13180,15720,2540,0,Feature_Has_Phoneme_Jh_Spelled_G,sounds_jh_zh,sounds_s_ch_jh_zh_w_f,,,,,,
8kFr7IJBmz0,Simple Plan,Perfect,change,And you can't __ me,67550,70090,2540,0,Feature_Has_Phoneme_Jh_Spelled_G,sounds_jh_zh,sounds_s_ch_jh_zh_w_f,,,,,,
8kFr7IJBmz0,Simple Plan,Perfect,change,Nothing's gonna __ the things that you said,178500,184470,5970,0,Feature_Has_Phoneme_Jh_Spelled_G,sounds_jh_zh,sounds_s_ch_jh_zh_w_f,,,,,,
POkQXeTv7-4,Keyshia Cole,Heaven Sent,change,Now you can wait your whole life tryna __,97030,100290,3260,0,Feature_Has_Phoneme_Jh_Spelled_G,sounds_jh_zh,sounds_s_ch_jh_zh_w_f,,,,,,
POkQXeTv7-4,Keyshia Cole,Heaven Sent,change,I don't wanna swing your __,108740,110580,1840,0,Feature_Has_Phoneme_Jh_Spelled_G,sounds_jh_zh,sounds_s_ch_jh_zh_w_f,,,,,,
UpsKGvPjAgw,One Direction,Steal My Girl,generation,'He's the greatest artist of his __ apparently',16219,19000,2781,0,Feature_Has_Phoneme_Jh_Spelled_G,sounds_jh_zh,sounds_s_ch_jh_zh_w_f,,,,,,
UpsKGvPjAgw,One Direction,Steal My Girl,danger,"'You are love, light, power, __, mystery'",69210,87620,18410,0,Feature_Has_Phoneme_Jh_Spelled_G,sounds_jh_zh,sounds_s_ch_jh_zh_w_f,,,,,,
Zlot0i3Zykw,Taylor Swift,Red,change,Loving him is like trying to __ your mind,30030,38620,8590,0,Feature_Has_Phoneme_Jh_Spelled_G,sounds_jh_zh,sounds_s_ch_jh_zh_w_f,,,,,,
25QyCxVkXwQ,Elton John,Can You Feel The Love Tonight,magic,There's __ everywhere,14950,18010,3060,0,Feature_Has_Phoneme_Jh_Spelled_G,sounds_jh_zh,sounds_s_ch_jh_zh_w_f,,,,,,
nPvuNsRccVw,Bruno Mars,Treasure,Treasure,"__, that is what you are",34440,40720,6280,0,Feature_Has_Phoneme_Zh_Spelled_S,sounds_jh_zh,sounds_s_ch_jh_zh_w_f,,,,,,
nPvuNsRccVw,Bruno Mars,Treasure,treasure,If you let me __ you,49690,53960,4270,0,Feature_Has_Phoneme_Zh_Spelled_S,sounds_jh_zh,sounds_s_ch_jh_zh_w_f,,,,,,
nPvuNsRccVw,Bruno Mars,Treasure,treasure,If you let me __ you,53960,58670,4710,0,Feature_Has_Phoneme_Zh_Spelled_S,sounds_jh_zh,sounds_s_ch_jh_zh_w_f,,,,,,
nPvuNsRccVw,Bruno Mars,Treasure,Treasure,"__, that is what you are",92230,99620,7390,0,Feature_Has_Phoneme_Zh_Spelled_S,sounds_jh_zh,sounds_s_ch_jh_zh_w_f,,,,,,
nPvuNsRccVw,Bruno Mars,Treasure,treasure,If you let me __ you,107710,111620,3910,0,Feature_Has_Phoneme_Zh_Spelled_S,sounds_jh_zh,sounds_s_ch_jh_zh_w_f,,,,,,
nPvuNsRccVw,Bruno Mars,Treasure,treasure,If you let me __ you,111620,115960,4340,0,Feature_Has_Phoneme_Zh_Spelled_S,sounds_jh_zh,sounds_s_ch_jh_zh_w_f,,,,,,
nPvuNsRccVw,Bruno Mars,Treasure,treasure,"You are my __, you are my treasure",115960,123280,7320,0,Feature_Has_Phoneme_Zh_Spelled_S,sounds_jh_zh,sounds_s_ch_jh_zh_w_f,,,,,,
nPvuNsRccVw,Bruno Mars,Treasure,treasure,"You are my treasure, you are my __",115960,123280,7320,0,Feature_Has_Phoneme_Zh_Spelled_S,sounds_jh_zh,sounds_s_ch_jh_zh_w_f,,,,,,
nPvuNsRccVw,Bruno Mars,Treasure,treasure,"You are my __, yeah, you you you, you are",123280,128350,5070,0,Feature_Has_Phoneme_Zh_Spelled_S,sounds_jh_zh,sounds_s_ch_jh_zh_w_f,,,,,,
nPvuNsRccVw,Bruno Mars,Treasure,treasure,"You are my __, you are my treasure",128350,131900,3550,0,Feature_Has_Phoneme_Zh_Spelled_S,sounds_jh_zh,sounds_s_ch_jh_zh_w_f,,,,,,
nPvuNsRccVw,Bruno Mars,Treasure,treasure,"You are my treasure, you are my __",128350,131900,3550,0,Feature_Has_Phoneme_Zh_Spelled_S,sounds_jh_zh,sounds_s_ch_jh_zh_w_f,,,,,,
nPvuNsRccVw,Bruno Mars,Treasure,treasure,"You are my __, yeah, you you you, you are",131900,136010,4110,0,Feature_Has_Phoneme_Zh_Spelled_S,sounds_jh_zh,sounds_s_ch_jh_zh_w_f,,,,,,
nPvuNsRccVw,Bruno Mars,Treasure,Treasure,"__, that is what you are",136010,140460,4450,0,Feature_Has_Phoneme_Zh_Spelled_S,sounds_jh_zh,sounds_s_ch_jh_zh_w_f,,,,,,
nPvuNsRccVw,Bruno Mars,Treasure,treasure,If you let me __ you,148910,152960,4050,0,Feature_Has_Phoneme_Zh_Spelled_S,sounds_jh_zh,sounds_s_ch_jh_zh_w_f,,,,,,
nPvuNsRccVw,Bruno Mars,Treasure,treasure,If you let me __ you,152960,192000,39040,0,Feature_Has_Phoneme_Zh_Spelled_S,sounds_jh_zh,sounds_s_ch_jh_zh_w_f,,,,,,
lWA2pjMjpBs,Rihanna,Diamonds,vision,"You're a shooting star I see, a __ of ecstasy",21180,25830,4650,0,Feature_Has_Phoneme_Zh_Spelled_S,sounds_jh_zh,sounds_s_ch_jh_zh_w_f,,,,,,
lWA2pjMjpBs,Rihanna,Diamonds,vision,"You're a shooting star I see, a __ of ecstasy",104370,109370,5000,0,Feature_Has_Phoneme_Zh_Spelled_S,sounds_jh_zh,sounds_s_ch_jh_zh_w_f,,,,,,
rYEDA3JcQqw,Adele,Rolling In The Deep,treasured,Turned my sorrow into __ gold,160360,164390,4030,0,Feature_Has_Phoneme_Zh_Spelled_S,sounds_jh_zh,sounds_s_ch_jh_zh_w_f,,,,,,
_5Thn61Cczg,Tlc,No Scrubs,precision,"With diamond like __, insatiable is what I envision",179580,183810,4230,1,Feature_Has_Phoneme_Zh_Spelled_S,sounds_jh_zh,sounds_s_ch_jh_zh_w_f,,,,,,
WpYeekQkAdc,Black Eyed Peas,Where Is The Love?,decisions,"Makin' wrong __, only visions of them dividends",114770,117150,2380,0,Feature_Has_Phoneme_Zh_Spelled_S,sounds_jh_zh,sounds_s_ch_jh_zh_w_f,,,,,,
WpYeekQkAdc,Black Eyed Peas,Where Is The Love?,visions,"Makin' wrong decisions, only __ of them dividends",114770,117150,2380,0,Feature_Has_Phoneme_Zh_Spelled_S,sounds_jh_zh,sounds_s_ch_jh_zh_w_f,,,,,,
NL2VBU604Jw,Gavin Degraw,Best I Ever Had,usually,I got obligations though I'm __ late but,95560,99130,3570,0,Feature_Has_Phoneme_Zh_Spelled_S,sounds_jh_zh,sounds_s_ch_jh_zh_w_f,,,,,,
sQgd6MccwZc,Destiny'S Child,Say My Name,usually,Cause I know how you __ do,63510,64950,1440,0,Feature_Has_Phoneme_Zh_Spelled_S,sounds_jh_zh,sounds_s_ch_jh_zh_w_f,,,,,,
sQgd6MccwZc,Destiny'S Child,Say My Name,usually,Cause I know how you __ do,132930,134630,1700,0,Feature_Has_Phoneme_Zh_Spelled_S,sounds_jh_zh,sounds_s_ch_jh_zh_w_f,,,,,,
sQgd6MccwZc,Destiny'S Child,Say My Name,usually,Cause I know how you __ do,202390,204190,1800,0,Feature_Has_Phoneme_Zh_Spelled_S,sounds_jh_zh,sounds_s_ch_jh_zh_w_f,,,,,,
WQnAxOQxQIU,Savage Garden,Truly Madly Deeply,pleasure,The tears of joy for all the __ and the certainty.,84650,89990,5340,0,Feature_Has_Phoneme_Zh_Spelled_S,sounds_jh_zh,sounds_s_ch_jh_zh_w_f,,,,,,
VdQY7BusJNU,Cyndi Lauper,Time After Time,confusion,Caught up in circles __--,22050,26770,4720,0,Feature_Has_Phoneme_Zh_Spelled_S,sounds_jh_zh,sounds_s_ch_jh_zh_w_f,,,,,,
i3Jv9fNPjgk,Azealia Banks,212,Parisian,Kick it with ya b**** who come from __,34100,35990,1890,1,Feature_Has_Phoneme_Zh_Spelled_S,sounds_jh_zh,sounds_s_ch_jh_zh_w_f,,,,,,
VV1XWJN3nJo,Natalie Imbruglia,Torn,Illusion,__ never changed,62170,64770,2600,0,Feature_Has_Phoneme_Zh_Spelled_S,sounds_jh_zh,sounds_s_ch_jh_zh_w_f,,,,,,
VV1XWJN3nJo,Natalie Imbruglia,Torn,Illusion,__ never changed,116790,119280,2490,0,Feature_Has_Phoneme_Zh_Spelled_S,sounds_jh_zh,sounds_s_ch_jh_zh_w_f,,,,,,
#NAME?,Bonnie Mckee,American Girl,television,I was raised by a __,67110,70800,3690,0,Feature_Has_Phoneme_Zh_Spelled_S,sounds_jh_zh,sounds_s_ch_jh_zh_w_f,,,,,,
#NAME?,Bonnie Mckee,American Girl,television,I was raised by a __,126690,130870,4180,0,Feature_Has_Phoneme_Zh_Spelled_S,sounds_jh_zh,sounds_s_ch_jh_zh_w_f,,,,,,
#NAME?,Bonnie Mckee,American Girl,television,I was raised by a __,187510,190700,3190,0,Feature_Has_Phoneme_Zh_Spelled_S,sounds_jh_zh,sounds_s_ch_jh_zh_w_f,,,,,,
6xcwt9mSbYE,The Velvet Underground,Heroin,decision,I have made big __,113540,131780,18240,0,Feature_Has_Phoneme_Zh_Spelled_S,sounds_jh_zh,sounds_s_ch_jh_zh_w_f,,,,,,
YEi7GPkxfsE,Fleetwood Mac,Dreams,visions,"Now here I go again, I see the crystal __",105420,127890,22470,0,Feature_Has_Phoneme_Zh_Spelled_S,sounds_jh_zh,sounds_s_ch_jh_zh_w_f,,,,,,
YEi7GPkxfsE,Fleetwood Mac,Dreams,visions,"I keep my __ to myself, it's only me",127890,139000,11110,0,Feature_Has_Phoneme_Zh_Spelled_S,sounds_jh_zh,sounds_s_ch_jh_zh_w_f,,,,,,
n-cD4oLk_D0,The Smiths,There Is A Light That Never Goes Out,pleasure,"Well, the __ - the privilege is mine",87290,92110,4820,0,Feature_Has_Phoneme_Zh_Spelled_S,sounds_jh_zh,sounds_s_ch_jh_zh_w_f,,,,,,
n-cD4oLk_D0,The Smiths,There Is A Light That Never Goes Out,pleasure,"Well, the __ - the privilege is mine",175090,179130,4040,0,Feature_Has_Phoneme_Zh_Spelled_S,sounds_jh_zh,sounds_s_ch_jh_zh_w_f,,,,,,
qfNmyxV2Ncw,Aerosmith,Cryin',pleasure,Between __ and pain,86680,90030,3350,1,Feature_Has_Phoneme_Zh_Spelled_S,sounds_jh_zh,sounds_s_ch_jh_zh_w_f,,,,,,
2X_2IdybTV0,Kansas,Carry On Wayward Son,confusion,Once I rose above the noise and __,66040,71510,5470,0,Feature_Has_Phoneme_Zh_Spelled_S,sounds_jh_zh,sounds_s_ch_jh_zh_w_f,,,,,,
2X_2IdybTV0,Kansas,Carry On Wayward Son,illusion,Just to get a glimpse beyond the __,71510,75620,4110,0,Feature_Has_Phoneme_Zh_Spelled_S,sounds_jh_zh,sounds_s_ch_jh_zh_w_f,,,,,,
bkysjcs5vFU,Dio,Holy Diver,vision,The __ never dies,174220,178990,4770,0,Feature_Has_Phoneme_Zh_Spelled_S,sounds_jh_zh,sounds_s_ch_jh_zh_w_f,,,,,,
j5-yKhDd64s,Eminem,Not Afraid,decision,"It was my __ to get clean, I did it for me",178410,181580,3170,1,Feature_Has_Phoneme_Zh_Spelled_S,sounds_jh_zh,sounds_s_ch_jh_zh_w_f,,,,,,
YVkUvmDQ3HY,Eminem,Without Me,visionary,"A __, vision is scary,",116180,117910,1730,1,Feature_Has_Phoneme_Zh_Spelled_S,sounds_jh_zh,sounds_s_ch_jh_zh_w_f,,,,,,
YVkUvmDQ3HY,Eminem,Without Me,vision,"A visionary, __ is scary,",116180,117910,1730,1,Feature_Has_Phoneme_Zh_Spelled_S,sounds_jh_zh,sounds_s_ch_jh_zh_w_f,,,,,,
IkgekVh7oKI,Jay-Z,Tom Ford,Parisian,Part my __,40710,42390,1680,1,Feature_Has_Phoneme_Zh_Spelled_S,sounds_jh_zh,sounds_s_ch_jh_zh_w_f,,,,,,
NtxmnBQmfZs,Kendrick Lamar,Money Trees,invasion,"Home __ was persuasive (Was persuasive, was persuasive)",33480,36440,2960,1,Feature_Has_Phoneme_Zh_Spelled_S,sounds_jh_zh,sounds_s_ch_jh_zh_w_f,,,,,,
NtxmnBQmfZs,Kendrick Lamar,Money Trees,casualty,"Another __ at war, ya bish (Ya bish, ya bish)",150330,153680,3350,1,Feature_Has_Phoneme_Zh_Spelled_S,sounds_jh_zh,sounds_s_ch_jh_zh_w_f,,,,,,
k2rqUlYN1m8,B.O.B,Headband,vision,"My __ blurry, these *****es flirtin'",97790,100700,2910,1,Feature_Has_Phoneme_Zh_Spelled_S,sounds_jh_zh,sounds_s_ch_jh_zh_w_f,,,,,,
phaJXp_zMYM,The Notorious B.I.G.,Big Poppa,pleasure,"A foolish __, whatever",175500,177910,2410,1,Feature_Has_Phoneme_Zh_Spelled_S,sounds_jh_zh,sounds_s_ch_jh_zh_w_f,,,,,,
phaJXp_zMYM,The Notorious B.I.G.,Big Poppa,treasure,"I had to find the buried __, so grams I had to measure",177910,181310,3400,1,Feature_Has_Phoneme_Zh_Spelled_S,sounds_jh_zh,sounds_s_ch_jh_zh_w_f,,,,,,
phaJXp_zMYM,The Notorious B.I.G.,Big Poppa,measure,"I had to find the buried treasure, so grams I had to __",177910,181310,3400,1,Feature_Has_Phoneme_Zh_Spelled_S,sounds_jh_zh,sounds_s_ch_jh_zh_w_f,,,,,,
N6O2ncUKvlg,Nelly,Just A Dream,decision,But she made the __ that she wanted to move on,122520,124890,2370,0,Feature_Has_Phoneme_Zh_Spelled_S,sounds_jh_zh,sounds_s_ch_jh_zh_w_f,,,,,,
AaXaig_43lU,Jeremih,Down On Me,treasure,Girl you go that secret __,30270,31920,1650,1,Feature_Has_Phoneme_Zh_Spelled_S,sounds_jh_zh,sounds_s_ch_jh_zh_w_f,,,,,,
bIEOZCcaXzE,Mgmt,Kids,Decisions,__ too,139190,139980,790,0,Feature_Has_Phoneme_Zh_Spelled_S,sounds_jh_zh,sounds_s_ch_jh_zh_w_f,,,,,,
bIEOZCcaXzE,Mgmt,Kids,Decisions,__ are made,139980,141610,1630,0,Feature_Has_Phoneme_Zh_Spelled_S,sounds_jh_zh,sounds_s_ch_jh_zh_w_f,,,,,,
bIEOZCcaXzE,Mgmt,Kids,Decisions,__ are made and not bought,141610,143410,1800,0,Feature_Has_Phoneme_Zh_Spelled_S,sounds_jh_zh,sounds_s_ch_jh_zh_w_f,,,,,,
B9dSYgd5Elk,Mgmt,Time To Pretend,decision,This is our __ to live fast and die young.,67290,72270,4980,1,Feature_Has_Phoneme_Zh_Spelled_S,sounds_jh_zh,sounds_s_ch_jh_zh_w_f,,,,,,
B9dSYgd5Elk,Mgmt,Time To Pretend,vision,"We've got the __, now let's have some fun.",72270,86360,14090,1,Feature_Has_Phoneme_Zh_Spelled_S,sounds_jh_zh,sounds_s_ch_jh_zh_w_f,,,,,,
cMFWFhTFohk,Band Of Horses,The Funeral,occasion,At every __ I'll be ready for the funeral,9070,9280,210,0,Feature_Has_Phoneme_Zh_Spelled_S,sounds_jh_zh,sounds_s_ch_jh_zh_w_f,,,,,,
cMFWFhTFohk,Band Of Horses,The Funeral,occasion,"Every __, once more, it's called the funeral",9280,9420,140,0,Feature_Has_Phoneme_Zh_Spelled_S,sounds_jh_zh,sounds_s_ch_jh_zh_w_f,,,,,,
cMFWFhTFohk,Band Of Horses,The Funeral,occasion,"Every __, know I'm ready for the funeral",9420,9610,190,0,Feature_Has_Phoneme_Zh_Spelled_S,sounds_jh_zh,sounds_s_ch_jh_zh_w_f,,,,,,
cMFWFhTFohk,Band Of Horses,The Funeral,occasion,"At every __, oh, one billion day funeral",9610,9790,180,0,Feature_Has_Phoneme_Zh_Spelled_S,sounds_jh_zh,sounds_s_ch_jh_zh_w_f,,,,,,
cMFWFhTFohk,Band Of Horses,The Funeral,occasion,And every __,10540,10700,160,0,Feature_Has_Phoneme_Zh_Spelled_S,sounds_jh_zh,sounds_s_ch_jh_zh_w_f,,,,,,
cMFWFhTFohk,Band Of Horses,The Funeral,occasion,And every __ once more,10900,11090,190,0,Feature_Has_Phoneme_Zh_Spelled_S,sounds_jh_zh,sounds_s_ch_jh_zh_w_f,,,,,,
cMFWFhTFohk,Band Of Horses,The Funeral,occasion,And every __,11280,11460,180,0,Feature_Has_Phoneme_Zh_Spelled_S,sounds_jh_zh,sounds_s_ch_jh_zh_w_f,,,,,,
cMFWFhTFohk,Band Of Horses,The Funeral,occasion,Every __,11650,11830,180,0,Feature_Has_Phoneme_Zh_Spelled_S,sounds_jh_zh,sounds_s_ch_jh_zh_w_f,,,,,,
cMFWFhTFohk,Band Of Horses,The Funeral,occasion,At every __ I'll be ready for the funeral,13880,14050,170,0,Feature_Has_Phoneme_Zh_Spelled_S,sounds_jh_zh,sounds_s_ch_jh_zh_w_f,,,,,,
cMFWFhTFohk,Band Of Horses,The Funeral,occasion,At every __ once more  called the funeral,14050,14250,200,0,Feature_Has_Phoneme_Zh_Spelled_S,sounds_jh_zh,sounds_s_ch_jh_zh_w_f,,,,,,
cMFWFhTFohk,Band Of Horses,The Funeral,occasion,At every __ I'll be ready for  for the funeral,14250,14430,180,0,Feature_Has_Phoneme_Zh_Spelled_S,sounds_jh_zh,sounds_s_ch_jh_zh_w_f,,,,,,
cMFWFhTFohk,Band Of Horses,The Funeral,occasion,at every __ oh one brilliant day funeral,14430,14610,180,0,Feature_Has_Phoneme_Zh_Spelled_S,sounds_jh_zh,sounds_s_ch_jh_zh_w_f,,,,,,
cMFWFhTFohk,Band Of Horses,The Funeral,occasion,At every __ I'll be ready for the funeral,15550,15730,180,0,Feature_Has_Phoneme_Zh_Spelled_S,sounds_jh_zh,sounds_s_ch_jh_zh_w_f,,,,,,
cMFWFhTFohk,Band Of Horses,The Funeral,occasion,At every __ once more called the funeral,15730,15920,190,0,Feature_Has_Phoneme_Zh_Spelled_S,sounds_jh_zh,sounds_s_ch_jh_zh_w_f,,,,,,
cMFWFhTFohk,Band Of Horses,The Funeral,occasion,At every __ I'll be ready for the funeral,15920,16880,960,0,Feature_Has_Phoneme_Zh_Spelled_S,sounds_jh_zh,sounds_s_ch_jh_zh_w_f,,,,,,
cMFWFhTFohk,Band Of Horses,The Funeral,occasion,At every __ oh one brilliant day funeral,16880,225000,208120,0,Feature_Has_Phoneme_Zh_Spelled_S,sounds_jh_zh,sounds_s_ch_jh_zh_w_f,,,,,,
#NAME?,Counting Crows,Mr. Jones,television,"When I look at the __, I wanna see me",236140,240850,4710,0,Feature_Has_Phoneme_Zh_Spelled_S,sounds_jh_zh,sounds_s_ch_jh_zh_w_f,,,,,,
bg1sT4ILG0w,Nico And Vinz,Am I Wrong,vision,For having a __?,97220,101460,4240,0,Feature_Has_Phoneme_Zh_Spelled_S,sounds_jh_zh,sounds_s_ch_jh_zh_w_f,,,,,,
MMAppa1cAVo,Austin Mahone,Mmm Yeah,usually,Girl I don't __ feel some type of way,81210,84010,2800,0,Feature_Has_Phoneme_Zh_Spelled_S,sounds_jh_zh,sounds_s_ch_jh_zh_w_f,,,,,,
MMAppa1cAVo,Austin Mahone,Mmm Yeah,usually,Girl I don't __ feel some type of way,142160,144870,2710,0,Feature_Has_Phoneme_Zh_Spelled_S,sounds_jh_zh,sounds_s_ch_jh_zh_w_f,,,,,,
EHkozMIXZ8w,Eminem,The Monster,vision,"Call me crazy, but I have this __",156120,159540,3420,1,Feature_Has_Phoneme_Zh_Spelled_S,sounds_jh_zh,sounds_s_ch_jh_zh_w_f,,,,,,
yyDUC1LUXSU,Robin Thicke,Blurred Lines,casual,Swag on 'em even when you dress __,157810,159730,1920,1,Feature_Has_Phoneme_Zh_Spelled_S,sounds_jh_zh,sounds_s_ch_jh_zh_w_f,,,,,,
SDP-TGE9AYs,U2,Moment Of Surrender,vision,Of __ over visibility,233770,239320,5550,0,Feature_Has_Phoneme_Zh_Spelled_S,sounds_jh_zh,sounds_s_ch_jh_zh_w_f,,,,,,
SDP-TGE9AYs,U2,Moment Of Surrender,vision,Of __ over visibility,333670,338750,5080,0,Feature_Has_Phoneme_Zh_Spelled_S,sounds_jh_zh,sounds_s_ch_jh_zh_w_f,,,,,,
gwKEdFoUB0o,U2,Walk On,measure,All that you __,258470,260970,2500,0,Feature_Has_Phoneme_Zh_Spelled_S,sounds_jh_zh,sounds_s_ch_jh_zh_w_f,,,,,,
VHrLPs3_1Fs,George Ezra,Budapest,treasure,My hidden __ chest,12980,15240,2260,0,Feature_Has_Phoneme_Zh_Spelled_S,sounds_jh_zh,sounds_s_ch_jh_zh_w_f,,,,,,
VHrLPs3_1Fs,George Ezra,Budapest,treasure,My hidden __ chest,185450,187530,2080,0,Feature_Has_Phoneme_Zh_Spelled_S,sounds_jh_zh,sounds_s_ch_jh_zh_w_f,,,,,,
